Virus name,Tier,Subtype,Infection stage,Coreceptor,Country,Year,Accession,Alias,Seq data,Virus patient,Virus type,Organism,Seq name,VRC01:IC50: geometric mean,VRC01:IC50: by study,VRC01:IC80: geometric mean,VRC01:IC80: by study
0013095_2_11,2,C,<3mo,CCR5,INDIA,2000,EF117267,"0013095, 0013095-2.11, 0013095.2.11, 13095, HIV-0013095-2.11, HIV-0013095.2.11, HIV_0013095_2_11",Yes,13095,panel,HIV-1,C.IN.2000.0013095_2_11.EF117267,0.087087,0.0002: Zhang2019a;0.038: Umotoy2019_dataset2;0.0630: Liu2019;0.086: Steinhardt2018;0.088: Bonsignori2016;0.088: Bricault2019_dataset2;0.094: Kwon2018;0.097: Xu2017;0.1: Kwon2015;0.11: Scheid2011;0.11: Wu2010;0.11: Wu2011;0.112: Bricault2019;0.112: Chuang2013;0.112: Rudicell2014;0.122: Zhou2017;0.1266: Zhang2022_dataset1;0.134: Kwon2021_dataset1;0.14: Liao2013;0.142: Doria-Rose2012;0.142: Huang2012a;0.142: Huang2016a_dataset1;0.142: McLellan2011;0.145: Bricault2019_dataset3;0.16900: Doria-Rose2016;0.175: Kong2016a-dataset1,0.29392,0.058: Zhang2019a;0.26600: Doria-Rose2016;0.2770: Liu2019;0.278: Kwon2018;0.287: Steinhardt2018;0.319: Doria-Rose2012;0.319: Huang2012a;0.319: McLellan2011;0.32: Liao2013;0.329: Xu2017;0.33: Scheid2011;0.33: Wu2010;0.33: Wu2011;0.342: Rudicell2014;0.351: Zhou2017;0.3716: Kwon2021_dataset1;0.3716: Zhang2022_dataset1;0.386: Kong2016a-dataset1
001428_2_42,2,C,<3mo,CCR5,INDIA,2000,EF117266,"001428, 001428-2.42, 1428, HIV-001428-2.42, HIV-001428.2.42, HIV_001428_2_42",Yes,1428,panel,HIV-1,C.IN.2000.001428_2_42.EF117266,0.018865,0.007: Kwon2015;0.008: Bonsignori2016;0.008: Bricault2019_dataset2;0.01: Liao2013;0.011: Umotoy2019_dataset2;0.0140: Liu2019;0.014: Steinhardt2018;0.016: Kong2016a-dataset1;0.016: Kwon2018;0.017: Jardine2016a;0.019: Kwon2021_dataset1;0.019: Zhang2019a;0.02000: Doria-Rose2016;0.02: Scheid2011;0.02: Wu2010;0.02: Wu2011;0.022: Zhou2017;0.0224: Zhang2022_dataset1;0.023: Huang2012a;0.023: Huang2016a_dataset1;0.026: Bricault2019;0.026: Bricault2019_dataset3;0.026: Chuang2013;0.026: Hraber2014;0.026: Rudicell2014;0.031: Xu2017;0.08: Schwarzmuller2024;<0.023: Doria-Rose2012;<0.023: McLellan2011,0.05219,0.035: Doria-Rose2012;0.035: Huang2012a;0.035: McLellan2011;0.035: Steinhardt2018;0.04: Liao2013;0.046: Kwon2018;0.0460: Liu2019;0.052: Kong2016a-dataset1;0.05900: Doria-Rose2016;0.06: Scheid2011;0.06: Wu2010;0.06: Wu2011;0.0602: Kwon2021_dataset1;0.0602: Zhang2022_dataset1;0.061: Xu2017;0.065: Hraber2014;0.068: Zhang2019a;0.068: Zhou2017;0.077: Rudicell2014
0041_V3_C18,2,C,<12mo,,TANZANIA,2004,HM215253,0041.V3.C18,Yes,41,panel,HIV-1,C.TZ.2004.0041_V3_C18.HM215253,0.36,0.36: Bricault2019_dataset1;0.36: Wagh2016,1.34,1.34: Wagh2016
0077_V1_C16,2,C,<12mo,,TANZANIA,2003,HM215254,"0077, 0077.V1.C16, 0077_V1.C16",Yes,77,panel,HIV-1,C.TZ.2003.0077_V1_C16.HM215254,1.18721,0.8360: Liu2019;1: Wu2011;1.01: Kwon2018;1.03: Bricault2019;1.03: Chuang2013;1.03: Rudicell2014;1.04: Doria-Rose2012;1.04: Gardner2015;1.04: Huang2012a;1.04: Huang2016a_dataset1;1.04: Liao2013;1.04: McLellan2011;1.07: Kwon2015;1.13: Steinhardt2018;1.15: Kwon2021_dataset1;1.1772: Zhang2022_dataset1;1.26: Bricault2019_dataset1;1.26: Wagh2016;1.28: Bonsignori2016;1.28: Bricault2019_dataset2;1.38: Xu2017;1.75: Sastry2023_dataset1;2.09000: Doria-Rose2016;2.45: Kong2016a-dataset1,3.90136,3.1: Steinhardt2018;3.14: Xu2017;3.65: Doria-Rose2012;3.65: Gardner2015;3.65: Huang2012a;3.65: Liao2013;3.65: McLellan2011;3.68: Kwon2018;3.6900: Liu2019;3.7: Wu2011;3.848: Kwon2021_dataset1;3.848: Zhang2022_dataset1;4.59: Rudicell2014;4.78000: Doria-Rose2016;5.28: Kong2016a-dataset1;5.3: Wagh2016
00836_2_5,1B or 2,C,<3mo,CCR5,INDIA,2000,EF117265,"00836-2.5, 00836-2.5.SG3, 836, HIV_00836_2, HIV-00836-2.5, HIV_00836_2_5",Yes,836,panel,HIV-1,C.IN.2000.00836_2_5.EF117265,0.16259,0.119: Bonsignori2016;0.119: Bricault2019_dataset2;0.122: Steinhardt2018;0.128: Doria-Rose2012;0.128: Gardner2015;0.128: Huang2012a;0.128: Huang2016a_dataset1;0.128: McLellan2011;0.128: Wu2011;0.13: Liao2013;0.133: Kwon2015;0.1610: Liu2019;0.174: Kwon2018;0.1834: Zhang2022_dataset1;0.199: Xu2017;0.226: Kwon2021_dataset1;0.242: Bricault2019;0.242: Chuang2013;0.242: Rudicell2014;0.247: Kong2016a-dataset1;0.25500: Doria-Rose2016,0.66767,0.462: Steinhardt2018;0.52: Doria-Rose2012;0.52: Gardner2015;0.52: Huang2012a;0.52: Liao2013;0.52: McLellan2011;0.52: Wu2011;0.718: Kwon2018;0.79900: Doria-Rose2016;0.847: Rudicell2014;0.857: Kong2016a-dataset1;0.859: Kwon2021_dataset1;0.859: Zhang2022_dataset1;0.8900: Liu2019;0.935: Xu2017
0260_V5_C1,2,A1,<12mo,,TANZANIA,2005,HM215255,"0260.5.1, 0260.v5.c1",Yes,260,panel,HIV-1,A1.TZ.2005.0260_V5_C1.HM215255,0.20229,0.124: Zhang2019a;0.33: Umotoy2019_dataset2,0.516,0.516: Zhang2019a
0260_V5_C36,,A1,<12mo,,TANZANIA,2005,HM215256,"0260.5.36, 0260.v5.c36",Yes,260,panel,HIV-1,A1.TZ.2005.0260_V5_C36.HM215256,0.54511,0.252: Jardine2016a;0.352: Kwon2018;0.401: Xu2017;0.4130: Liu2019;0.422: Kwon2015;0.4454: Zhang2022_dataset1;0.468: Bonsignori2016;0.468: Bricault2019_dataset2;0.488: Kwon2021_dataset1;0.523: Steinhardt2018;0.528: Bricault2019;0.528: Chuang2013;0.528: Rudicell2014;0.529: Doria-Rose2012;0.529: Huang2012a;0.529: Huang2016a_dataset1;0.529: McLellan2011;0.53: Doria-Rose2014;0.53: Liao2013;0.631: Andrabi2015;0.71800: Doria-Rose2016;0.718: Wagh2018;0.76: Wu2010;0.76: Wu2011;0.855: Kong2016a-dataset1;0.869: Bricault2019_dataset3;1.1: McCoy2012,1.48759,1.01: Kwon2018;1.08: Xu2017;1.2000: Liu2019;1.35: Steinhardt2018;1.384: Kwon2021_dataset1;1.384: Zhang2022_dataset1;1.48: Doria-Rose2012;1.48: Huang2012a;1.48: Liao2013;1.48: McLellan2011;1.50000: Doria-Rose2016;1.5: Wagh2018;1.83: Kong2016a-dataset1;2: Wu2010;2: Wu2011;2.15: Rudicell2014
0301_BM_A12,,C,,,MALAWI,2008,HM070481,0301_bmA12,Yes,715900301,non-panel,HIV-1,C.MW.2008.0301_BM_A12.HM070481,16.2,16.2: Fouda2013,-,
0301_BM_A2,,C,,,MALAWI,2008,HM070482,0301_bmA2,Yes,715900301,non-panel,HIV-1,C.MW.2008.0301_BM_A2.HM070482,5.37,5.37: Fouda2013,-,
0301_BM_A6,,C,,,MALAWI,2008,HM070484,0301_bmA6,Yes,715900301,non-panel,HIV-1,C.MW.2008.0301_BM_A6.HM070484,2.18,2.18: Fouda2013,-,
0330_V4_C3,2,A1,<12mo,,TANZANIA,2005,HM215257,0330.v4.c3,Yes,330,panel,HIV-1,A1.TZ.2005.0330_V4_C3.HM215257,0.061599,0.027: Bricault2019;0.027: Chuang2013;0.027: Rudicell2014;0.033: Zhang2019a;0.047: Bonsignori2016;0.047: Bricault2019_dataset2;0.06: Kwon2015;0.06: Liao2013;0.064: Doria-Rose2012;0.064: Huang2012a;0.064: Huang2016a_dataset1;0.064: McLellan2011;0.065: Kwon2018;0.0660: Liu2019;0.066: Steinhardt2018;0.069: Jardine2016a;0.07: McCoy2012;0.07: Wu2010;0.07: Wu2011;0.07200: Doria-Rose2016;0.072: Wagh2018;0.078: Xu2017;0.0828: Zhang2022_dataset1;0.088: Kwon2021_dataset1;0.111: Kong2016a-dataset1;0.178: Bricault2019_dataset3,0.21833,0.13: Zhang2019a;0.172: Rudicell2014;0.18800: Doria-Rose2016;0.188: Wagh2018;0.202: Steinhardt2018;0.21: Kwon2018;0.21: Wu2010;0.21: Wu2011;0.2290: Liu2019;0.23: Liao2013;0.231: Doria-Rose2012;0.231: Huang2012a;0.231: McLellan2011;0.241: Xu2017;0.2822: Kwon2021_dataset1;0.2822: Zhang2022_dataset1;0.316: Kong2016a-dataset1
036_BT_SGA4,,C,chronic,,SOUTH AFRICA,2015,OP121250,,Yes,36,non-panel,HIV-1,C.ZA.2015.036_BT_SGA4.OP121250,0.779,0.779: Mandizvo2022,-,
036_TF_SGA1,,C,acute,,SOUTH AFRICA,2013,OP121252,,Yes,36,non-panel,HIV-1,C.ZA.2013.036_TF_SGA1.OP121252,0.23,0.230: Mandizvo2022,-,
0404_BM_B9,,C,,,MALAWI,2009,HQ595836,0404_bmB9,Yes,714910404,non-panel,HIV-1,C.MW.2009.0404_BM_B9.HQ595836,0.4,0.4: Fouda2013,-,
0404_BM_D4,,C,,,MALAWI,2009,HQ595839,0404_bmD4,Yes,714910404,non-panel,HIV-1,C.MW.2009.0404_BM_D4.HQ595839,14.11,14.11: Fouda2013,-,
0404_BM_F3,,C,,,MALAWI,2009,HQ595842,0404_bmF3,Yes,714910404,non-panel,HIV-1,C.MW.2009.0404_BM_F3.HQ595842,0.51,0.51: Fouda2013,-,
0404_BM_G3,,C,,,MALAWI,2009,HQ595847,0404_bmG3,Yes,714910404,non-panel,HIV-1,C.MW.2009.0404_BM_G3.HQ595847,0.07,0.07: Fouda2013,-,
0404_BM_H4,,C,,,MALAWI,2009,HQ595852,0404_bmH4,Yes,714910404,non-panel,HIV-1,C.MW.2009.0404_BM_H4.HQ595852,0.49,0.49: Fouda2013,-,
0439_V5_C1,2,A1,<12mo,,TANZANIA,2005,HM215258,"0439.v5.c1, 439",Yes,439,panel,HIV-1,A1.TZ.2005.0439_V5_C1.HM215258,0.12379,0.05: Liao2013;0.052: Doria-Rose2012;0.052: Huang2012a;0.052: Huang2016a_dataset1;0.052: McLellan2011;0.052: Wu2011;0.114: Kwon2018;0.1150: Liu2019;0.129: Bonsignori2016;0.129: Bricault2019_dataset2;0.147: Wagh2018;0.16: Kwon2015;0.163: Xu2017;0.1734: Zhang2022_dataset1;0.193: Kwon2021_dataset1;0.212: Bricault2019;0.212: Chuang2013;0.212: Rudicell2014;0.228: Steinhardt2018;0.271: Kong2016a-dataset1;0.28200: Doria-Rose2016,0.41548,0.236: Doria-Rose2012;0.236: Huang2012a;0.236: McLellan2011;0.236: Wu2011;0.24: Liao2013;0.417: Xu2017;0.4260: Liu2019;0.438: Steinhardt2018;0.448: Kwon2018;0.5584: Kwon2021_dataset1;0.5584: Zhang2022_dataset1;0.62800: Doria-Rose2016;0.661: Wagh2018;0.7: Kong2016a-dataset1;0.807: Rudicell2014
0702_BM_B4,,C,,,MALAWI,2008,HM070516,0702_bmB4,Yes,715900702,non-panel,HIV-1,C.MW.2008.0702_BM_B4.HM070516,0.41,0.41: Fouda2013,-,
0702_BM_B9,,C,,,MALAWI,2008,HM070517,0702_bmB9,Yes,715900702,non-panel,HIV-1,C.MW.2008.0702_BM_B9.HM070517,UD,>25: Fouda2013,-,
0702_BM_D1,,C,,,MALAWI,2008,HM070518,0702_bmD1,Yes,715900702,non-panel,HIV-1,C.MW.2008.0702_BM_D1.HM070518,2.42,2.42: Fouda2013,-,
0702_BM_H12,,C,,,MALAWI,2008,HM070525,0702_bmH12,Yes,715900702,non-panel,HIV-1,C.MW.2008.0702_BM_H12.HM070525,UD,>25: Fouda2013,-,
079_BT_SGA3,,C,chronic,,SOUTH AFRICA,2017,OP121272,,Yes,79,non-panel,HIV-1,C.ZA.2017.079_BT_SGA3.OP121272,0.45,0.450: Mandizvo2022,-,
079_BT_SGA4,,C,chronic,,SOUTH AFRICA,2017,OP121273,,Yes,79,non-panel,HIV-1,C.ZA.2017.079_BT_SGA4.OP121273,0.238,0.238: Mandizvo2022,-,
079_LN_SGA3,,C,chronic,,SOUTH AFRICA,2016,OP121285,,Yes,79,non-panel,HIV-1,C.ZA.2016.079_LN_SGA3.OP121285,0.03,0.030: Mandizvo2022,-,
079_LN_SGA9,,C,chronic,,SOUTH AFRICA,2016,OP121290,,Yes,79,non-panel,HIV-1,C.ZA.2016.079_LN_SGA9.OP121290,0.14,0.140: Mandizvo2022,-,
079_PBMC_SGA12,,C,chronic,,SOUTH AFRICA,2016,OP121300,,Yes,79,non-panel,HIV-1,C.ZA.2016.079_PBMC_SGA12.OP121300,0.34,0.340: Mandizvo2022,-,
079_PBMC_SGA17,,C,chronic,,SOUTH AFRICA,2016,OP121304,,Yes,79,non-panel,HIV-1,C.ZA.2016.079_PBMC_SGA17.OP121304,0.07,0.070: Mandizvo2022,-,
079_PBMC_SGA7,,C,chronic,,SOUTH AFRICA,2016,OP121297,,Yes,79,non-panel,HIV-1,C.ZA.2016.079_PBMC_SGA7.OP121297,0.23,0.230: Mandizvo2022,-,
079_PBMC_SGA9,,C,chronic,,SOUTH AFRICA,2016,OP121298,,Yes,79,non-panel,HIV-1,C.ZA.2016.079_PBMC_SGA9.OP121298,0.27,0.270: Mandizvo2022,-,
079_TF_SGA2,,C,acute,,SOUTH AFRICA,2013,OP121306,,Yes,79,non-panel,HIV-1,C.ZA.2013.079_TF_SGA2.OP121306,2.18,2.180: Mandizvo2022,-,
0815_V3_C3,2,A1D,<12mo,,TANZANIA,2004,HM215260,"0815.V3.c13, 0815.v3.c3, 0815.V3.C3, 815",Yes,815,panel,HIV-1,A1D.TZ.2004.0815_V3_C3.HM215260,0.031335,0.01: Umotoy2019_dataset2;0.012: Jardine2016a;0.015: Bonsignori2016;0.015: Bricault2019_dataset2;0.018: Sastry2023_dataset1;0.019: Zhang2019a;0.023: Kwon2018;0.024: Kwon2015;0.0250: Liu2019;0.02800: Doria-Rose2016;0.029: Steinhardt2018;0.033: Kong2016a-dataset1;0.033: Xu2017;0.0344: Zhang2022_dataset1;0.036: Doria-Rose2012;0.036: Huang2012a;0.036: Huang2016a_dataset1;0.036: McLellan2011;0.04: Kwon2021_dataset1;0.042: Bricault2019;0.042: Chuang2013;0.042: Rudicell2014;0.06: Scheid2011;0.06: Wu2010;0.06: Wu2011;0.077: Bricault2019_dataset3;0.077: Hraber2014,0.10244,0.07: Zhang2019a;0.074: Doria-Rose2012;0.074: Huang2012a;0.074: McLellan2011;0.075: Kwon2018;0.085: Steinhardt2018;0.09300: Doria-Rose2016;0.0940: Liu2019;0.104: Xu2017;0.113: Rudicell2014;0.115: Kong2016a-dataset1;0.1216: Kwon2021_dataset1;0.1216: Zhang2022_dataset1;0.13: Scheid2011;0.13: Wu2010;0.13: Wu2011;0.217: Hraber2014
0907_V4_C12,,A1D,<12mo,,TANZANIA,2005,HM215261,0907.v4.c12,Yes,907,panel,HIV-1,A1D.TZ.2005.0907_V4_C12.HM215261,0.2,0.2: Wu2010,0.72,0.72: Wu2010
0921_V2_C14,2,C,<12mo,,TANZANIA,2004,HM215262,"0921.v2.c14, 0921.V2.C14, 921",Yes,921,panel,HIV-1,C.TZ.2004.0921_V2_C14.HM215262,0.27384,0.182: Bonsignori2016;0.182: Bricault2019_dataset2;0.228: Xu2017;0.23: Steinhardt2018;0.232: Kwon2018;0.2500: Liu2019;0.26: Bricault2019_dataset1;0.26000: Doria-Rose2016;0.26: Wagh2016;0.2766: Zhang2022_dataset1;0.287: Kwon2021_dataset1;0.391: Kong2016a-dataset1;0.405: Bricault2019;0.405: Chuang2013;0.405: Rudicell2014,0.7444,0.519: Steinhardt2018;0.636: Xu2017;0.6930: Liu2019;0.71: Kwon2018;0.739: Kwon2021_dataset1;0.739: Zhang2022_dataset1;0.79400: Doria-Rose2016;0.857: Kong2016a-dataset1;0.87: Wagh2016;0.995: Rudicell2014
0933_V4_C4,3,C,<12mo,,TANZANIA,2005,HM215352,"0933.v4.c4, 933.v4.c4, 933_V4_C4",Yes,933,panel,HIV-1,C.TZ.2005.0933_V4_C4.HM215352,0.91,0.91: Bricault2019_dataset1;0.91: Wagh2016,UD,>10: Wagh2016
093_AT_SGA1,,C,chronic,,SOUTH AFRICA,2015,OP121321,,Yes,93,non-panel,HIV-1,C.ZA.2015.093_AT_SGA1.OP121321,0.496,0.496: Mandizvo2022,-,
093_BT_SGA13,,C,<12mo,,SOUTH AFRICA,2014,OP121333,,Yes,93,non-panel,HIV-1,C.ZA.2014.093_BT_SGA13.OP121333,0.21,0.210: Mandizvo2022,-,
093_BT_SGA3,,C,<12mo,,SOUTH AFRICA,2014,OP121327,,Yes,93,non-panel,HIV-1,C.ZA.2014.093_BT_SGA3.OP121327,0.33,0.330: Mandizvo2022,-,
093_LN_SGA6,,C,chronic,,SOUTH AFRICA,2017,OP121343,,Yes,93,non-panel,HIV-1,C.ZA.2017.093_LN_SGA6.OP121343,0.45,0.450: Mandizvo2022,-,
093_LN_SGA8,,C,chronic,,SOUTH AFRICA,2017,OP121344,,Yes,93,non-panel,HIV-1,C.ZA.2017.093_LN_SGA8.OP121344,0.42,0.420: Mandizvo2022,-,
093_LN_SGA9,,C,chronic,,SOUTH AFRICA,2017,OP121345,,Yes,93,non-panel,HIV-1,C.ZA.2017.093_LN_SGA9.OP121345,0.21,0.210: Mandizvo2022,-,
093_PBMC_SGA14,,C,chronic,,SOUTH AFRICA,2017,OP121349,,Yes,93,non-panel,HIV-1,C.ZA.2017.093_PBMC_SGA14.OP121349,0.37,0.370: Mandizvo2022,-,
093_PBMC_SGA4,,C,chronic,,SOUTH AFRICA,2017,OP121348,,Yes,93,non-panel,HIV-1,C.ZA.2017.093_PBMC_SGA4.OP121348,0.39,0.390: Mandizvo2022,-,
093_TF_SGA17,,C,acute,,SOUTH AFRICA,2013,OP121367,,Yes,93,non-panel,HIV-1,C.ZA.2013.093_TF_SGA17.OP121367,0.59,0.590: Mandizvo2022,-,
0984_V2_C2,3,C,<12mo,,TANZANIA,2004,HM215263,0984.v2.c2,Yes,984,panel,HIV-1,C.TZ.2004.0984_V2_C2.HM215263,1.49,1.49: Bricault2019_dataset1;1.49: Wagh2016,UD,>10: Wagh2016
09GX268,,01_AE,,,CHINA,2009,MG655196,,Yes,09GX268,non-panel,HIV-1,01_AE.CN.2009.09GX268.MG655196,0.717,0.717: Wang2018a,-,
09GX285,,01_AE,,,CHINA,2009,MG655197,,Yes,09GX285,non-panel,HIV-1,01_AE.CN.2009.09GX285.MG655197,0.098,0.098: Wang2018a,-,
09GX286,,01_AE,,,CHINA,2009,MG655198,,Yes,09GX286,non-panel,HIV-1,01_AE.CN.2009.09GX286.MG655198,1.517,1.517: Wang2018a,-,
09GX300,,01_AE,,,CHINA,2009,MG655199,,Yes,09GX300,non-panel,HIV-1,01_AE.CN.2009.09GX300.MG655199,4.058,4.058: Wang2018a,-,
09GX310,,01_AE,,,CHINA,2009,MG655200,,Yes,09GX310,non-panel,HIV-1,01_AE.CN.2009.09GX310.MG655200,0.813,0.813: Wang2018a,-,
09GX311,,01_AE,,,CHINA,2009,MG655201,,Yes,09GX311,non-panel,HIV-1,01_AE.CN.2009.09GX311.MG655201,0.405,0.405: Wang2018a,-,
09GX319,,01_AE,,,CHINA,2009,MG655202,,Yes,09GX319,non-panel,HIV-1,01_AE.CN.2009.09GX319.MG655202,8.433,8.433: Wang2018a,-,
09GX330,,01_AE,,,CHINA,2009,MG655203,,Yes,09GX330,non-panel,HIV-1,01_AE.CN.2009.09GX330.MG655203,3.231,3.231: Wang2018a,-,
09GX332,,01_AE,,,CHINA,2009,MG655204,,Yes,09GX332,non-panel,HIV-1,01_AE.CN.2009.09GX332.MG655204,1.153,1.153: Wang2018a,-,
100002I_2_1,2,B,acute T/F,,UNITED STATES,1993,MH012316,,Yes,100002i,non-panel,HIV-1,B.US.1993.100002I_2_1.MH012316,0.23,0.23: Kumar2018,-,
100014I_2_20,2,B,acute T/F,,UNITED STATES,1993,MH012405,,Yes,100014i,non-panel,HIV-1,B.US.1993.100014I_2_20.MH012405,1.01,1.01: Kumar2018,-,
100046I_3_2,2,B,acute T/F,,UNITED STATES,1993,MH012266,,Yes,100046i,non-panel,HIV-1,B.US.1993.100046I_3_2.MH012266,0.78,0.78: Kumar2018,-,
100052I_2_15,1B,B,acute T/F,,UNITED STATES,1993,MH012468,,Yes,100052i,non-panel,HIV-1,B.US.1993.100052I_2_15.MH012468,5,5: Kumar2018,-,
100155I_21,1B,B,acute T/F,,UNITED STATES,1992,MH012529,,Yes,100155i,non-panel,HIV-1,B.US.1992.100155I_21.MH012529,0.070711,0.05: Kumar2018;0.1: Martinez2020,-,
100155M_12,,B,chronic,,UNITED STATES,1992,MH012544,"0155m12, 100155m.12",Yes,100155m,non-panel,HIV-1,B.US.1992.100155M_12.MH012544,0.35,0.35: Martinez2020,-,
100155M_15,,B,chronic,,UNITED STATES,1992,MH012546,"0155m15, 100155m.15",Yes,100155m,non-panel,HIV-1,B.US.1992.100155M_15.MH012546,0.8,0.8: Martinez2020,-,
100155M_17,,B,chronic,,UNITED STATES,1992,MH012548,"0155m17, 100155m.17",Yes,100155m,non-panel,HIV-1,B.US.1992.100155M_17.MH012548,0.5,0.5: Martinez2020,-,
100155M_18,,B,chronic,,UNITED STATES,1992,MH012549,"0155m18, 100155m.18",Yes,100155m,non-panel,HIV-1,B.US.1992.100155M_18.MH012549,0.13,0.13: Martinez2020,-,
100155M_29,,B,chronic,,UNITED STATES,1992,MH012558,"0155m29, 100155m.29",Yes,100155m,non-panel,HIV-1,B.US.1992.100155M_29.MH012558,0.15,0.15: Martinez2020,-,
100155M_33,,B,chronic,,UNITED STATES,1992,MH012561,"0155m33, 100155m.33",Yes,100155m,non-panel,HIV-1,B.US.1992.100155M_33.MH012561,0.39,0.39: Martinez2020,-,
100155M_4,,B,chronic,,UNITED STATES,1992,MH012568,"0155m4, 100155m.4",Yes,100155m,non-panel,HIV-1,B.US.1992.100155M_4.MH012568,0.39,0.39: Martinez2020,-,
100155M_48,,B,chronic,,UNITED STATES,1992,MH012572,"0155m48, 100155m.48",Yes,100155m,non-panel,HIV-1,B.US.1992.100155M_48.MH012572,0.03,0.03: Martinez2020,-,
100155M_51,,B,chronic,,UNITED STATES,1992,MH012575,"0155m51, 100155m.51",Yes,100155m,non-panel,HIV-1,B.US.1992.100155M_51.MH012575,0.55,0.55: Martinez2020,-,
100155M_9,,B,chronic,,UNITED STATES,1992,MH012579,"100155m.9, 100155m9",Yes,100155m,non-panel,HIV-1,B.US.1992.100155M_9.MH012579,1.03,1.03: Martinez2020,-,
100307I_2_26,1B,B,acute T/F,,UNITED STATES,1991,MH012599,,Yes,100307i,non-panel,HIV-1,B.US.1991.100307I_2_26.MH012599,0.12,0.12: Kumar2018,-,
100307I_2_7,2,B,acute T/F,,UNITED STATES,1991,MH012608,,Yes,100307i,non-panel,HIV-1,B.US.1991.100307I_2_7.MH012608,1.67,1.67: Kumar2018,-,
100383I_3_5,2,B,acute T/F,,UNITED STATES,1991,MH012655,,Yes,100383i,non-panel,HIV-1,B.US.1991.100383I_3_5.MH012655,0.66,0.66: Kumar2018,-,
100504I_20,2,B,acute T/F,,UNITED STATES,1993,MH012682,,Yes,100504i,non-panel,HIV-1,B.US.1993.100504I_20.MH012682,0.19,0.19: Kumar2018,-,
1006_11_C3_1601,2,B,acute T/F,CCR5,UNITED STATES,1997,EU289183,"1006, 1006-11.C3.1601, 1006.11.C3.1601, BB1006-11.C3.1601",Yes,1006,panel,HIV-1,B.US.1997.1006_11_C3_1601.EU289183,0.1797,0.095: Umotoy2019_dataset2;0.145: Zhang2019a;0.15: Doria-Rose2012;0.15: McCoy2012;0.15: Scheid2011;0.15: Wu2010;0.189: Jardine2016a;0.385: Bricault2019_dataset3;0.385: Hraber2014,0.5296,0.39: Doria-Rose2012;0.39: Scheid2011;0.39: Wu2010;0.571: Zhang2019a;1.23: Hraber2014
100711I_3_26,2,B,acute T/F,,UNITED STATES,1990,MH012790,,Yes,100711i,non-panel,HIV-1,B.US.1990.100711I_3_26.MH012790,0.12,0.12: Kumar2018,-,
100890I_2_1,2,B,acute T/F,,UNITED STATES,1991,MH012806,,Yes,100890i,non-panel,HIV-1,B.US.1991.100890I_2_1.MH012806,0.44,0.44: Kumar2018,-,
100890I_2_4,1A,B,acute T/F,,UNITED STATES,1991,MH012819,,Yes,100890i,non-panel,HIV-1,B.US.1991.100890I_2_4.MH012819,0.5,0.5: Kumar2018,-,
100997I_2_18,3,B,acute T/F,,UNITED STATES,1991,MH012866,,Yes,100997i,non-panel,HIV-1,B.US.1991.100997I_2_18.MH012866,0.8,0.8: Kumar2018,-,
100997I_2_2,2,B,acute T/F,,UNITED STATES,1991,MH012868,,Yes,100997i,non-panel,HIV-1,B.US.1991.100997I_2_2.MH012868,0.07,0.07: Kumar2018,-,
1012_11_TC21_3257,1B or 2,B,acute T/F,,UNITED STATES,1997,EU289184,"1012, 1012-11.TC21, 1012-11.TC21.3257, 1012.11.TC21.3257, 1012.TC21.3257, BB1012-11.TC21",Yes,1012,panel,HIV-1,B.US.1997.1012_11_TC21_3257.EU289184,0.11491,0.026: Andrabi2015;0.07: Umotoy2019_dataset2;0.081: Zhang2019a;0.12: Doria-Rose2012;0.12: McCoy2012;0.12: Scheid2011;0.12: Wu2010;0.338: Bricault2019_dataset3;0.338: Hraber2014,0.38672,0.318: Zhang2019a;0.32: Doria-Rose2012;0.32: Scheid2011;0.32: Wu2010;0.83: Hraber2014
101421I_2_11,2,B,acute T/F,,UNITED STATES,1991,MH012925,,Yes,101421i,non-panel,HIV-1,B.US.1991.101421I_2_11.MH012925,0.15,0.15: Kumar2018,-,
101421I_2_23,1B,B,acute T/F,,UNITED STATES,1991,MH012937,,Yes,101421i,non-panel,HIV-1,B.US.1991.101421I_2_23.MH012937,0.96,0.96: Kumar2018,-,
101984I_10,3,B,acute T/F,,UNITED STATES,1991,MH012963,,Yes,101984i,non-panel,HIV-1,B.US.1991.101984I_10.MH012963,0.39,0.39: Kumar2018,-,
101984I_21,3,B,acute T/F,,UNITED STATES,1991,MH012971,,Yes,101984i,non-panel,HIV-1,B.US.1991.101984I_21.MH012971,1.99,1.99: Kumar2018,-,
102149I_2_23,2,B,acute T/F,,UNITED STATES,1993,MH013041,,Yes,102149i,non-panel,HIV-1,B.US.1993.102149I_2_23.MH013041,0.4,0.4: Kumar2018,-,
102407I_2_1,2,B,acute T/F,,UNITED STATES,1993,MH013075,,Yes,102407i,non-panel,HIV-1,B.US.1993.102407I_2_1.MH013075,1.41,1.41: Kumar2018,-,
102605I_33,2,B,acute T/F,,UNITED STATES,1992,MH013148,,Yes,102605i,non-panel,HIV-1,B.US.1992.102605I_33.MH013148,0.64,0.64: Kumar2018,-,
102_AT_SGA1,,C,chronic,,SOUTH AFRICA,2016,OP121385,,Yes,102,non-panel,HIV-1,C.ZA.2016.102_AT_SGA1.OP121385,6.647,6.647: Mandizvo2022,-,
102_AT_SGA5,,C,chronic,,SOUTH AFRICA,2016,OP121387,,Yes,102,non-panel,HIV-1,C.ZA.2016.102_AT_SGA5.OP121387,0.93,0.930: Mandizvo2022,-,
102_BT_SGA3,,C,chronic,,SOUTH AFRICA,2015,OP121390,,Yes,102,non-panel,HIV-1,C.ZA.2015.102_BT_SGA3.OP121390,0.082,0.082: Mandizvo2022,-,
102_BT_SGA6,,C,chronic,,SOUTH AFRICA,2015,OP121393,,Yes,102,non-panel,HIV-1,C.ZA.2015.102_BT_SGA6.OP121393,7.85,7.850: Mandizvo2022,-,
1054_07_TC4_1499,2,B,acute T/F,,UNITED STATES,1997,EU289185,"1054, 1054-07.TC4.1499, 1054.07.TC4.1499, BB1054-07.TC4.1499, p1054.TC4.1499",Yes,1054,panel,HIV-1,B.US.1997.1054_07_TC4_1499.EU289185,0.45985,0.001: Jardine2016a;0.71: Doria-Rose2012;0.71: McCoy2012;0.71: Scheid2011;0.71: Wu2010;0.83: Umotoy2019_dataset2;0.909: Zhang2019a;2.19: Bricault2019_dataset3;2.19: Hraber2014,3.74146,2.85: Doria-Rose2012;2.9: Scheid2011;2.9: Wu2010;3.62: Zhang2019a;8.45: Hraber2014
1056_10_TA11_1826,1B or 2,B,acute T/F,CCR5,UNITED STATES,1998,EU289186,"1056, 1056-10.TA11.1826, 1056.10.TA11.1826, BB1056-10.TA11.1826",Yes,1056,panel,HIV-1,B.US.1998.1056_10_TA11_1826.EU289186,0.92986,0.372: Zhang2019a;0.55: Umotoy2019_dataset2;0.92: Doria-Rose2012;0.92: McCoy2012;0.92: Scheid2011;0.92: Wu2010;1.44: Bricault2019_dataset3;1.44: Hraber2014;1.71: Jardine2016a,2.95609,1.48: Zhang2019a;3.28: Doria-Rose2012;3.3: Scheid2011;3.3: Wu2010;4.27: Hraber2014
1058_11_B11_1550,2,B,acute,CCR5 CXCR4,UNITED STATES,1998,EU289187,"1058, 1058-11.B11.1550, p1058_11.B11.1550",Yes,1058,panel,HIV-1,B.US.1998.1058_11_B11_1550.EU289187,31.13,31.13: Qiao2016;31.13: Sun2017,-,
1107356_07,1B,C,<3mo,,SOUTH AFRICA,2008,JQ352794,"1107356.07, BP0023_07",Yes,BP00023,panel,HIV-1,C.ZA.2008.1107356_07.JQ352794,2.09,2.09: Bricault2019_dataset1;2.09: Wagh2016,5.91,5.91: Wagh2016
1143465_14,1B,C,acute,,SOUTH AFRICA,2008,JQ352799,"1143465.14, BP0025_14",Yes,BP00025,panel,HIV-1,C.ZA.2008.1143465_14.JQ352799,0.08,0.08: Bricault2019_dataset1;0.08: Wagh2016,0.21,0.21: Wagh2016
1170887_08,2,C,acute,,SOUTH AFRICA,2008,JQ352801,"1170887.08, BP0028_08",Yes,BP00028,panel,HIV-1,C.ZA.2008.1170887_08.JQ352801,0.11,0.11: Bricault2019_dataset1;0.11: Wagh2016,0.42,0.42: Wagh2016
11_3_J9,,C,chronic,CCR5,INDIA,2008,GU945330,,Yes,IVC11,non-panel,HIV-1,C.IN.2008.11_3_J9.GU945330,0.37,0.37: Mullick2021,-,
11_5_J12,,C,chronic,CCR5,INDIA,2008,GU945332,11-5.J12,Yes,IVC11,non-panel,HIV-1,C.IN.2008.11_5_J12.GU945332,0.06,0.06: Mullick2021,-,
11_J25,,C,<12mo,CCR5,INDIA,2008,EU908224,11.J25,Yes,IVC11,non-panel,HIV-1,C.IN.2008.11_J25.EU908224,0.56,0.56: Mullick2021,-,
11_J28,,C,<12mo,CCR5,INDIA,2008,EU908225,11.J28,Yes,IVC11,non-panel,HIV-1,C.IN.2008.11_J28.EU908225,0.89,0.89: Mullick2021,-,
1209_BM_A5,,C,,,MALAWI,2008,HM070562,1209_bmA5,Yes,715901209,non-panel,HIV-1,C.MW.2008.1209_BM_A5.HM070562,UD,>25: Fouda2013,-,
1209_BM_B21,,C,,,MALAWI,2008,HM070564,1209_bmB21,Yes,715901209,non-panel,HIV-1,C.MW.2008.1209_BM_B21.HM070564,UD,>25: Fouda2013,-,
1209_BM_G5,,C,,,MALAWI,2008,HM070569,1209_bmG5,Yes,715901209,non-panel,HIV-1,C.MW.2008.1209_BM_G5.HM070569,UD,>25: Fouda2013,-,
1209_BM_H5,,C,,,MALAWI,2008,HM070570,1209_bmH5,Yes,715901209,non-panel,HIV-1,C.MW.2008.1209_BM_H5.HM070570,UD,>25: Fouda2013,-,
1245045,2,C,acute,,SOUTH AFRICA,2008,HQ595742,,Yes,1245045,panel,HIV-1,C.ZA.2008.1245045.HQ595742,3.44,3.44: Bricault2019_dataset1;3.44: Wagh2016,UD,>10: Wagh2016
126652V01_EC3,,02_AG,chronic,CCR5,NIGERIA,2015,PQ203462,LAOG0200ORv01_env03_D12,Yes,126652,non-panel,HIV-1,02_AG.NG.2015.126652V01_EC3.PQ203462,0.03,0.03: Wieczorek2024,-,
126652V01_EC4,,02_AG,chronic,CCR5,NIGERIA,2015,PQ203463,LAOG0200ORv01_env04_D1,Yes,126652,non-panel,HIV-1,02_AG.NG.2015.126652V01_EC4.PQ203463,0.05,0.05: Wieczorek2024,-,
126652V01_EC5,,02_AG,chronic,CCR5,NIGERIA,2015,PQ203464,LAOG0200ORv01_env05_D6,Yes,126652,non-panel,HIV-1,02_AG.NG.2015.126652V01_EC5.PQ203464,0.07,0.07: Wieczorek2024,-,
126652V01_EC6,,02_AG,chronic,CCR5,NIGERIA,2015,PQ203465,LAOG0200ORv01_env06_B11,Yes,126652,non-panel,HIV-1,02_AG.NG.2015.126652V01_EC6.PQ203465,0.12,0.12: Wieczorek2024,-,
1394_C9G1,2,C,acute T/F,,MALAWI,2004,FJ444527,"1394, 1394C9G1, 1394C9_G1(Rev-), 1394_C9G1_Rev-, 1394C9G1(Rev-), 1394C9G1(Rev.), 1394C9G1_Rev-, 1394C9G1_REV_, 1394C9G1(RevM)",Yes,1394,panel,HIV-1,C.MW.2004.1394_C9G1.FJ444527,0.39496,0.15: Umotoy2019_dataset2;0.28: Zhang2019a;0.329: Jardine2016a;0.36: Bricault2019_dataset1;0.36: Wagh2016;0.915: Bricault2019_dataset3;0.915: Hraber2014,1.70707,1.12: Zhang2019a;1.28: Wagh2016;3.47: Hraber2014
15JS01,,01_AE,,,CHINA,2015,MG655205,,Yes,15JS01,non-panel,HIV-1,01_AE.CN.2015.15JS01.MG655205,UD,>10: Wang2018a,-,
15JS06,,01_AE,,,CHINA,2015,MG655206,,Yes,15JS06,non-panel,HIV-1,01_AE.CN.2015.15JS06.MG655206,3.035,3.035: Wang2018a,-,
15JS07,,01_AE,,,CHINA,2015,MG655207,,Yes,15JS07,non-panel,HIV-1,01_AE.CN.2015.15JS07.MG655207,0.944,0.944: Wang2018a,-,
15JS102,,01_AE,,,CHINA,2015,MG655208,,Yes,15JS102,non-panel,HIV-1,01_AE.CN.2015.15JS102.MG655208,0.357,0.357: Wang2018a,-,
15JS111,,01_AE,,,CHINA,2015,MG655209,,Yes,15JS111,non-panel,HIV-1,01_AE.CN.2015.15JS111.MG655209,0.468,0.468: Wang2018a,-,
15JS47,,01_AE,,,CHINA,2015,MG655210,,Yes,15JS47,non-panel,HIV-1,01_AE.CN.2015.15JS47.MG655210,4.254,4.254: Wang2018a,-,
15JS48,,01_AE,,,CHINA,2015,MG655211,,Yes,15JS48,non-panel,HIV-1,01_AE.CN.2015.15JS48.MG655211,1.79,1.79: Wang2018a,-,
15JS62,,01_AE,,,CHINA,2015,MG655212,,Yes,15JS62,non-panel,HIV-1,01_AE.CN.2015.15JS62.MG655212,1.327,1.327: Wang2018a,-,
15JS65,,01_AE,,,CHINA,2015,MG655213,,Yes,15JS65,non-panel,HIV-1,01_AE.CN.2015.15JS65.MG655213,UD,>10: Wang2018a,-,
15JS75,,01_AE,,,CHINA,2015,MG655214,,Yes,15JS75,non-panel,HIV-1,01_AE.CN.2015.15JS75.MG655214,2.596,2.596: Wang2018a,-,
15JS76,,01_AE,,,CHINA,2015,MG655215,,Yes,15JS76,non-panel,HIV-1,01_AE.CN.2015.15JS76.MG655215,2.484,2.484: Wang2018a,-,
15JS79,,01_AE,,,CHINA,2015,MG655216,,Yes,15JS79,non-panel,HIV-1,01_AE.CN.2015.15JS79.MG655216,0.685,0.685: Wang2018a,-,
15JS99,,01_AE,,,CHINA,2015,MG655218,,Yes,15JS99,non-panel,HIV-1,01_AE.CN.2015.15JS99.MG655218,2.52,2.52: Wang2018a,-,
16055_2_3,2,C,acute,CCR5,INDIA,1999,EF117268,"16055, 16055-2.3, HIV-16055-2.3, HIV-16055.2.3, HIV_16055_2_3",Yes,16055,panel,HIV-1,C.IN.1999.16055_2_3.EF117268,0.085789,0.024: Umotoy2019_dataset2;0.051: Jardine2016a;0.0520: Liu2019;0.053: Zhang2019a;0.063: Bonsignori2016;0.063: Bricault2019_dataset2;0.066: Kwon2015;0.071: Kwon2021_dataset1;0.08: Scheid2011;0.08: Wu2010;0.08: Wu2011;0.087: Zhang2022_dataset1;0.09300: Doria-Rose2016;0.095: Kwon2018;0.098: Bricault2019_dataset3;0.098: Hraber2014;0.1: Steinhardt2018;0.103: Xu2017;0.105: Doria-Rose2012;0.105: Huang2012a;0.105: Huang2016a_dataset1;0.105: McLellan2011;0.11: Liao2013;0.116: Bricault2019;0.116: Chuang2013;0.116: Rudicell2014;0.126: Andrabi2015;0.126: Kong2016a-dataset1;0.145: Zhou2017,0.28779,0.2040: Liu2019;0.206: Zhang2019a;0.224: Steinhardt2018;0.2456: Kwon2021_dataset1;0.2456: Zhang2022_dataset1;0.26: Scheid2011;0.26: Wu2010;0.26: Wu2011;0.275: Hraber2014;0.284: Xu2017;0.28700: Doria-Rose2016;0.294: Kwon2018;0.33: Kong2016a-dataset1;0.351: Rudicell2014;0.365: Doria-Rose2012;0.365: Huang2012a;0.365: McLellan2011;0.37: Liao2013;0.385: Zhou2017
16055_2_3_DELGLY3_197,,C,,,INDIA,1999,,,Yes,16055,mutant,HIV-1,C.IN.1999.16055_2_3_DELGLY3_197.,0.015,0.015: Zhou2017,0.038,0.038: Zhou2017
16055_2_3_DELGLY3_276,,C,,,INDIA,1999,,,Yes,16055,mutant,HIV-1,C.IN.1999.16055_2_3_DELGLY3_276.,0.004,0.004: Zhou2017,0.01,0.01: Zhou2017
16055_2_3_DELGLY3_463,,C,,,INDIA,1999,,,Yes,16055,mutant,HIV-1,C.IN.1999.16055_2_3_DELGLY3_463.,0.005,0.005: Zhou2017,0.014,0.014: Zhou2017
16055_2_3_DELGLY4,,C,,,INDIA,1999,,,Yes,16055,mutant,HIV-1,C.IN.1999.16055_2_3_DELGLY4.,0.002,0.002: Zhou2017,0.004,0.004: Zhou2017
16845_2_22,2,C,<3mo,CCR5,INDIA,1999,EF117269,"16845, 16845-2.22, HIV-16845-2.22, HIV-16845.2.22, HIV_16845_2_22, p16845",Yes,16845,panel,HIV-1,C.IN.1999.16845_2_22.EF117269,3.54252,0.9682: Zhang2019a;2.41: Doria-Rose2012;2.41: Huang2012a;2.41: Huang2016a_dataset1;2.41: Liao2013;2.41: McLellan2011;2.8: Scheid2011;2.8: Wu2010;2.8: Wu2011;2.95: Steinhardt2018;3.08: Jardine2016a;3.2200: Liu2019;3.36: Kwon2018;3.6: Bonsignori2016;3.6: Bricault2019_dataset2;3.74: Xu2017;3.754: Zhang2022_dataset1;4.01: Bricault2019_dataset3;4.01: Hraber2014;4.19: Kwon2015;6.09: Kwon2021_dataset1;6.2: Bricault2019;6.2: Chuang2013;6.2: Rudicell2014;6.62000: Doria-Rose2016;9.57: Kong2016a-dataset1;>100: Umotoy2019_dataset2,13.0685,4.252: Zhang2019a;9.07: Doria-Rose2012;9.07: Huang2012a;9.07: Liao2013;9.07: McLellan2011;12.3: Steinhardt2018;12.7: Scheid2011;12.7: Wu2010;12.7: Wu2011;12.8000: Liu2019;13.8: Xu2017;14.2: Kwon2018;14.4: Kong2016a-dataset1;17.78: Kwon2021_dataset1;17.78: Zhang2022_dataset1;19.4: Hraber2014;21.50000: Doria-Rose2016;35.8: Rudicell2014
16936_2_21,2,C,<3mo,CCR5,INDIA,1999,EF117270,"16936, 16936-2.21, 16936-2.21.SG3",Yes,16936,panel,HIV-1,C.IN.1999.16936_2_21.EF117270,0.13161,0.046: Bricault2019;0.046: Chuang2013;0.046: Rudicell2014;0.109: Doria-Rose2012;0.109: Huang2012a;0.109: Huang2016a_dataset1;0.109: McLellan2011;0.11: Bonsignori2016;0.11: Bricault2019_dataset2;0.11: Liao2013;0.115: Kwon2015;0.125: Kwon2018;0.154: Steinhardt2018;0.1840: Liu2019;0.19: Wu2010;0.19: Wu2011;0.2078: Zhang2022_dataset1;0.239: Kwon2021_dataset1;0.245: Xu2017;0.30100: Doria-Rose2016;0.325: Kong2016a-dataset1,0.53461,0.432: Xu2017;0.435: Steinhardt2018;0.445: Kwon2018;0.4650: Liu2019;0.466: Doria-Rose2012;0.466: Huang2012a;0.466: McLellan2011;0.47: Liao2013;0.558: Rudicell2014;0.56: Kwon2021_dataset1;0.56: Zhang2022_dataset1;0.63: Wu2010;0.63: Wu2011;0.786: Kong2016a-dataset1;0.82500: Doria-Rose2016
1811_B3_23,2,C,<3mo,,BOTSWANA,2004,KC154012,"1811_B2.23, 1811_B3.23, B001811_B3_23",Yes,B001811,panel,HIV-1,C.BW.2004.1811_B3_23.KC154012,2.08,2.08: Bricault2019_dataset1;2.08: Wagh2016,8.19,8.19: Wagh2016
186_AT_SGA1,,C,chronic,,SOUTH AFRICA,2015,OP121414,,Yes,186,non-panel,HIV-1,C.ZA.2015.186_AT_SGA1.OP121414,0.588,0.588: Mandizvo2022,-,
186_AT_SGA5,,C,chronic,,SOUTH AFRICA,2015,OP121417,,Yes,186,non-panel,HIV-1,C.ZA.2015.186_AT_SGA5.OP121417,2.59,2.590: Mandizvo2022,-,
186_BT_SGA1,,C,<12mo,,SOUTH AFRICA,2014,OP121423,,Yes,186,non-panel,HIV-1,C.ZA.2014.186_BT_SGA1.OP121423,0.062,0.062: Mandizvo2022,-,
186_TF_SGA9,,C,acute,,SOUTH AFRICA,2013,OP121440,,Yes,186,non-panel,HIV-1,C.ZA.2013.186_TF_SGA9.OP121440,0.4,0.400: Mandizvo2022,-,
18814602_H8_F3,1B,C,acute,,SOUTH AFRICA,2005,HQ615948,,Yes,18814602,panel,HIV-1,C.ZA.2005.18814602_H8_F3.HQ615948,0.02,0.02: Bricault2019_dataset1;0.02: Wagh2016,0.11,0.11: Wagh2016
190049,,D,acute,,UGANDA,2005,JX236668,49,Yes,190049,panel,HIV-1,D.UG.2005.190049.JX236668,0.413,0.413: Wagh2018,1.802,1.802: Wagh2018
191084_B7_19,2,A1,acute T/F,,UGANDA,2007,HM215266,"191084 B7-19, 191084_B7-19, 191084_B7.19, 191084B7-19, 191084CB7M19, IAVI-191084",Yes,191084,panel,HIV-1,A1.UG.2007.191084_B7_19.HM215266,0.090226,0.043: Umotoy2019_dataset2;0.049: Zhang2019a;0.054: Jardine2016a;0.168: Bricault2019_dataset3;0.168: Hraber2014;0.168: Wagh2018,0.39244,0.188: Zhang2019a;0.567: Hraber2014;0.567: Wagh2018
19157834_V1,2,C,acute,,SOUTH AFRICA,2005,HQ595743,19157834_v1,Yes,19157834,panel,HIV-1,C.ZA.2005.19157834_V1.HQ595743,0.35,0.35: Bricault2019_dataset1;0.35: Wagh2016,1.63,1.63: Wagh2016
191647,,D,acute,,UGANDA,2007,JX236670,,Yes,191647,panel,HIV-1,D.UG.2007.191647.JX236670,9.534,9.534: Wagh2018,UD,>25: Wagh2018
191727_F6,,D,<3mo,,UGANDA,2007,HM215269,,Yes,191727,panel,HIV-1,D.UG.2007.191727_F6.HM215269,0.177,0.177: Wagh2018,0.634,0.634: Wagh2018
191821_E6_1,2,D,acute T/F,,UGANDA,2006,HM215270,"191821, 191821.E6.1, IAVI-191821",Yes,191821,panel,HIV-1,D.UG.2006.191821_E6_1.HM215270,0.75559,0.438: Steinhardt2018;0.581: Kwon2018;0.6000: Liu2019;0.612: Kwon2021_dataset1;0.6216: Zhang2022_dataset1;0.742: Xu2017;1.57: Kong2016a-dataset1;1.57: Wagh2018;>100: Umotoy2019_dataset2,2.38479,1.34: Steinhardt2018;1.7100: Liu2019;1.78: Kwon2018;1.986: Kwon2021_dataset1;1.986: Zhang2022_dataset1;2.03: Xu2017;5.66: Kong2016a-dataset1;5.66: Wagh2018
191845_B11,,A1,<3mo,,UGANDA,2007,HM215271,"191845, IAVI-191845",Yes,191845,panel,HIV-1,A1.UG.2007.191845_B11.HM215271,18.889,18.889: Wagh2018,UD,>25: Wagh2018
191859,,D,acute,,UGANDA,2008,JX236672,,Yes,191859,panel,HIV-1,D.UG.2008.191859.JX236672,2.123,2.123: Wagh2018,7.926,7.926: Wagh2018
191882,,D,acute,,UGANDA,2007,JX236673,,Yes,191882,panel,HIV-1,D.UG.2007.191882.JX236673,11.315,11.315: Wagh2018,UD,>25: Wagh2018
191955_A11,2,A1,acute T/F,,UGANDA,2007,HM215272,"191955, IAVI-191955",Yes,191955,panel,HIV-1,A1.UG.2007.191955_A11.HM215272,0.54098,0.091: Zhang2019a;0.98: Bricault2019_dataset3;0.98: Hraber2014;0.98: Wagh2018;>100: Umotoy2019_dataset2,2.87677,0.467: Zhang2019a;7.14: Hraber2014;7.14: Wagh2018
19252094_A5_G2,2,C,acute,,SOUTH AFRICA,2005,HQ615953,,Yes,19252094,panel,HIV-1,C.ZA.2005.19252094_A5_G2.HQ615953,0.47,0.47: Bricault2019_dataset1;0.47: Wagh2016,1.72,1.72: Wagh2016
19314479_A2_5,2,C,acute,,SOUTH AFRICA,2005,HQ615958,,Yes,19314479,panel,HIV-1,C.ZA.2005.19314479_A2_5.HQ615958,0.84,0.84: Bricault2019_dataset1;0.84: Wagh2016,3.37,3.37: Wagh2016
19707346_E8_C6,3,C,acute,,SOUTH AFRICA,2006,HQ615951,,Yes,19707346,panel,HIV-1,C.ZA.2006.19707346_E8_C6.HQ615951,1.73,1.73: Bricault2019_dataset1;1.73: Wagh2016,6.28,6.28: Wagh2016
19715820_A10_H2,2,C,acute,,SOUTH AFRICA,2007,HQ615950,,Yes,19715820,panel,HIV-1,C.ZA.2007.19715820_A10_H2.HQ615950,UD,>10: Bricault2019_dataset1;>10: Wagh2016,UD,>10: Wagh2016
1HB1_D0_012016_B4_S3,,B,chronic,,UNITED STATES,2015,KY323728,,Yes,1HB1,non-panel,HIV-1,B.US.2015.1HB1_D0_012016_B4_S3.KY323728,0.44,0.44: Caskey2017,2.27,2.27: Caskey2017
1HB1_D0_012016_C7_S6,,B,chronic,,UNITED STATES,2015,KY323730,,Yes,1HB1,non-panel,HIV-1,B.US.2015.1HB1_D0_012016_C7_S6.KY323730,0.086,0.086: Caskey2017,0.449,0.449: Caskey2017
1HB1_D0_012016_F10_S11,,B,chronic,,UNITED STATES,2015,KY323732,,Yes,1HB1,non-panel,HIV-1,B.US.2015.1HB1_D0_012016_F10_S11.KY323732,0.095,0.095: Caskey2017,0.446,0.446: Caskey2017
1HB1_D0_012216_B2_S21,,B,chronic,,UNITED STATES,2015,KY323738,,Yes,1HB1,non-panel,HIV-1,B.US.2015.1HB1_D0_012216_B2_S21.KY323738,0.083,0.083: Caskey2017,0.303,0.303: Caskey2017
1HB1_D0_012216_G6_S32,,B,chronic,,UNITED STATES,2015,KY323747,,Yes,1HB1,non-panel,HIV-1,B.US.2015.1HB1_D0_012216_G6_S32.KY323747,0.218,0.218: Caskey2017,1.109,1.109: Caskey2017
1HB1_W4_012016_D10_S47,,B,chronic,,UNITED STATES,2015,KY323786,,Yes,1HB1,non-panel,HIV-1,B.US.2015.1HB1_W4_012016_D10_S47.KY323786,0.102,0.102: Caskey2017,0.381,0.381: Caskey2017
1HB1_W4_020416_A6_S52,,B,chronic,,UNITED STATES,2015,KY323804,,Yes,1HB1,non-panel,HIV-1,B.US.2015.1HB1_W4_020416_A6_S52.KY323804,0.039,0.039: Caskey2017,0.192,0.192: Caskey2017
1HB1_W4_020416_B2_S54,,B,chronic,,UNITED STATES,2015,KY323805,,Yes,1HB1,non-panel,HIV-1,B.US.2015.1HB1_W4_020416_B2_S54.KY323805,0.03,0.03: Caskey2017,0.162,0.162: Caskey2017
1HB1_W4_020416_D3_S58,,B,chronic,,UNITED STATES,2015,KY323809,,Yes,1HB1,non-panel,HIV-1,B.US.2015.1HB1_W4_020416_D3_S58.KY323809,0.061,0.061: Caskey2017,0.336,0.336: Caskey2017
1HB1_W4_020416_H6_S65,,B,chronic,,UNITED STATES,2015,KY323812,,Yes,1HB1,non-panel,HIV-1,B.US.2015.1HB1_W4_020416_H6_S65.KY323812,0.118,0.118: Caskey2017,0.46,0.46: Caskey2017
1HB2_D0_102315_C3_S1,,B,chronic,,UNITED STATES,2015,KY323819,,Yes,1HB2,non-panel,HIV-1,B.US.2015.1HB2_D0_102315_C3_S1.KY323819,0.172,0.172: Caskey2017,0.483,0.483: Caskey2017
1HB2_D0_102315_C7_S2,,B,chronic,,UNITED STATES,2015,KY323820,,Yes,1HB2,non-panel,HIV-1,B.US.2015.1HB2_D0_102315_C7_S2.KY323820,0.081,0.081: Caskey2017,0.363,0.363: Caskey2017
1HB2_D0_102615_B11_S13,,B,chronic,,UNITED STATES,2015,KY323827,,Yes,1HB2,non-panel,HIV-1,B.US.2015.1HB2_D0_102615_B11_S13.KY323827,0.129,0.129: Caskey2017,0.63,0.63: Caskey2017
1HB2_D0_102615_C8_S18,,B,chronic,,UNITED STATES,2015,KY323831,,Yes,1HB2,non-panel,HIV-1,B.US.2015.1HB2_D0_102615_C8_S18.KY323831,0.214,0.214: Caskey2017,0.492,0.492: Caskey2017
1HB2_D0_102615_E9_S22,,B,chronic,,UNITED STATES,2015,KY323834,,Yes,1HB2,non-panel,HIV-1,B.US.2015.1HB2_D0_102615_E9_S22.KY323834,0.094,0.094: Caskey2017,0.344,0.344: Caskey2017
1HB2_W4_103015_A11_S74,,B,chronic,,UNITED STATES,2015,KY323867,,Yes,1HB2,non-panel,HIV-1,B.US.2015.1HB2_W4_103015_A11_S74.KY323867,0.109,0.109: Caskey2017,0.529,0.529: Caskey2017
1HB2_W4_103015_C9_S80,,B,chronic,,UNITED STATES,2015,KY323875,,Yes,1HB2,non-panel,HIV-1,B.US.2015.1HB2_W4_103015_C9_S80.KY323875,0.051,0.051: Caskey2017,0.273,0.273: Caskey2017
1HB2_W4_103015_D11_S85,,B,chronic,,UNITED STATES,2015,KY323876,,Yes,1HB2,non-panel,HIV-1,B.US.2015.1HB2_W4_103015_D11_S85.KY323876,0.113,0.113: Caskey2017,0.592,0.592: Caskey2017
1HB2_W4_103015_D7_S84,,B,chronic,,UNITED STATES,2015,KY323878,,Yes,1HB2,non-panel,HIV-1,B.US.2015.1HB2_W4_103015_D7_S84.KY323878,0.127,0.127: Caskey2017,0.443,0.443: Caskey2017
1HB2_W4_103015_F1_S87,,B,chronic,,UNITED STATES,2015,KY323879,,Yes,1HB2,non-panel,HIV-1,B.US.2015.1HB2_W4_103015_F1_S87.KY323879,0.098,0.098: Caskey2017,0.311,0.311: Caskey2017
1HB2_W4_103015_F2_S88,,B,chronic,,UNITED STATES,2015,KY323880,,Yes,1HB2,non-panel,HIV-1,B.US.2015.1HB2_W4_103015_F2_S88.KY323880,0.14,0.14: Caskey2017,0.439,0.439: Caskey2017
1HB3_D0_102315_G10_S34,,B,chronic,,UNITED STATES,2015,KY323891,,Yes,1HB3,non-panel,HIV-1,B.US.2015.1HB3_D0_102315_G10_S34.KY323891,0.989,0.989: Caskey2017,5.104,5.104: Caskey2017
1HB3_D0_102915_B2_S49,,B,chronic,,UNITED STATES,2015,KY323899,,Yes,1HB3,non-panel,HIV-1,B.US.2015.1HB3_D0_102915_B2_S49.KY323899,0.306,0.306: Caskey2017,1.034,1.034: Caskey2017
1HB3_D0_102915_B6_S51,,B,chronic,,UNITED STATES,2015,KY323901,,Yes,1HB3,non-panel,HIV-1,B.US.2015.1HB3_D0_102915_B6_S51.KY323901,1.514,1.514: Caskey2017,5.752,5.752: Caskey2017
1HB3_D0_102915_C7_S56,,B,chronic,,UNITED STATES,2015,KY323904,,Yes,1HB3,non-panel,HIV-1,B.US.2015.1HB3_D0_102915_C7_S56.KY323904,1.037,1.037: Caskey2017,4.862,4.862: Caskey2017
1HB3_W4_102815_F7_S45,,B,chronic,,UNITED STATES,2015,KY323981,,Yes,1HB3,non-panel,HIV-1,B.US.2015.1HB3_W4_102815_F7_S45.KY323981,2.235,2.235: Caskey2017,6.231,6.231: Caskey2017
1HB3_W4_110215_C10_S52E,,B,chronic,,UNITED STATES,2015,KY323984,,Yes,1HB3,non-panel,HIV-1,B.US.2015.1HB3_W4_110215_C10_S52E.KY323984,1.284,1.284: Caskey2017,4.568,4.568: Caskey2017
1HB3_W4_110215_C7_S50E,,B,chronic,,UNITED STATES,2015,KY323986,,Yes,1HB3,non-panel,HIV-1,B.US.2015.1HB3_W4_110215_C7_S50E.KY323986,1.716,1.716: Caskey2017,5.854,5.854: Caskey2017
1HB3_W4_110215_G3_S63,,B,chronic,,UNITED STATES,2015,KY323992,,Yes,1HB3,non-panel,HIV-1,B.US.2015.1HB3_W4_110215_G3_S63.KY323992,1.009,1.009: Caskey2017,3.831,3.831: Caskey2017
1HB3_W4_110215_H3_S67,,B,chronic,,UNITED STATES,2015,KY323995,,Yes,1HB3,non-panel,HIV-1,B.US.2015.1HB3_W4_110215_H3_S67.KY323995,1.423,1.423: Caskey2017,6.577,6.577: Caskey2017
1HC1_D0_061516_A1_S68,,B,chronic,,UNITED STATES,2015,KY323997,,Yes,1HC1,non-panel,HIV-1,B.US.2015.1HC1_D0_061516_A1_S68.KY323997,0.18,0.18: Caskey2017,0.891,0.891: Caskey2017
1HC1_D0_061516_B5_S69,,B,chronic,,UNITED STATES,2015,KY323998,,Yes,1HC1,non-panel,HIV-1,B.US.2015.1HC1_D0_061516_B5_S69.KY323998,0.019,0.019: Caskey2017,0.084,0.084: Caskey2017
1HC1_D0_061516_C4_S70,,B,chronic,,UNITED STATES,2015,KY323999,,Yes,1HC1,non-panel,HIV-1,B.US.2015.1HC1_D0_061516_C4_S70.KY323999,0.125,0.125: Caskey2017,0.667,0.667: Caskey2017
1HC1_D0_061616_G4_S15,,B,chronic,,UNITED STATES,2015,KY324000,,Yes,1HC1,non-panel,HIV-1,B.US.2015.1HC1_D0_061616_G4_S15.KY324000,0.092,0.092: Caskey2017,0.336,0.336: Caskey2017
1HC1_D0_070516_F10_S90,,B,chronic,,UNITED STATES,2015,KY324006,,Yes,1HC1,non-panel,HIV-1,B.US.2015.1HC1_D0_070516_F10_S90.KY324006,0.294,0.294: Caskey2017,1.075,1.075: Caskey2017
1HC1_D0_070516_F11_S91,,B,chronic,,UNITED STATES,2015,KY324007,,Yes,1HC1,non-panel,HIV-1,B.US.2015.1HC1_D0_070516_F11_S91.KY324007,0.016,0.016: Caskey2017,0.053,0.053: Caskey2017
1HC1_W4_070116_B8_S30,,B,chronic,,UNITED STATES,2015,KY324042,,Yes,1HC1,non-panel,HIV-1,B.US.2015.1HC1_W4_070116_B8_S30.KY324042,0.377,0.377: Caskey2017,1.524,1.524: Caskey2017
1HC1_W4_070516PL2_B4_S96,,B,chronic,,UNITED STATES,2015,KY324049,,Yes,1HC1,non-panel,HIV-1,B.US.2015.1HC1_W4_070516PL2_B4_S96.KY324049,0.265,0.265: Caskey2017,1.261,1.261: Caskey2017
1HC1_W4_070516PL2_G5_S11,,B,chronic,,UNITED STATES,2015,KY324056,,Yes,1HC1,non-panel,HIV-1,B.US.2015.1HC1_W4_070516PL2_G5_S11.KY324056,0.187,0.187: Caskey2017,0.716,0.716: Caskey2017
1HC1_W4_070516PL3_A3_S14,,B,chronic,,UNITED STATES,2015,KY324059,,Yes,1HC1,non-panel,HIV-1,B.US.2015.1HC1_W4_070516PL3_A3_S14.KY324059,0.09,0.09: Caskey2017,0.457,0.457: Caskey2017
1HC1_W4_071216_D3_S66,,B,chronic,,UNITED STATES,2015,KY324070,,Yes,1HC1,non-panel,HIV-1,B.US.2015.1HC1_W4_071216_D3_S66.KY324070,0.172,0.172: Caskey2017,0.618,0.618: Caskey2017
1HC1_W4_071216_F7_S69,,B,chronic,,UNITED STATES,2015,KY324072,,Yes,1HC1,non-panel,HIV-1,B.US.2015.1HC1_W4_071216_F7_S69.KY324072,0.202,0.202: Caskey2017,0.745,0.745: Caskey2017
1HC2_D0_012016_A5_S39,,B,chronic,,UNITED STATES,2015,KY324082,,Yes,1HC2,non-panel,HIV-1,B.US.2015.1HC2_D0_012016_A5_S39.KY324082,0.27,0.27: Caskey2017,2.673,2.673: Caskey2017
1HC2_D0_012016_F5_S52,,B,chronic,,UNITED STATES,2015,KY324092,,Yes,1HC2,non-panel,HIV-1,B.US.2015.1HC2_D0_012016_F5_S52.KY324092,0.186,0.186: Caskey2017,1.174,1.174: Caskey2017
1HC2_D0_012216_C11_S66,,B,chronic,,UNITED STATES,2015,KY324098,,Yes,1HC2,non-panel,HIV-1,B.US.2015.1HC2_D0_012216_C11_S66.KY324098,0.137,0.137: Caskey2017,1.325,1.325: Caskey2017
1HC2_D0_012216_D1_S67,,B,chronic,,UNITED STATES,2015,KY324102,,Yes,1HC2,non-panel,HIV-1,B.US.2015.1HC2_D0_012216_D1_S67.KY324102,0.282,0.282: Caskey2017,7.175,7.175: Caskey2017
1HC2_D0_012216_F9_S75,,B,chronic,,UNITED STATES,2015,KY324109,,Yes,1HC2,non-panel,HIV-1,B.US.2015.1HC2_D0_012216_F9_S75.KY324109,0.031,0.031: Caskey2017,0.096,0.096: Caskey2017
1HC2_D0_012216_H10_S82,,B,chronic,,UNITED STATES,2015,KY324110,,Yes,1HC2,non-panel,HIV-1,B.US.2015.1HC2_D0_012216_H10_S82.KY324110,0.07,0.07: Caskey2017,0.306,0.306: Caskey2017
1HC2_W4_012016_F6_S83,,B,chronic,,UNITED STATES,2015,KY324140,,Yes,1HC2,non-panel,HIV-1,B.US.2015.1HC2_W4_012016_F6_S83.KY324140,0.347,0.347: Caskey2017,1.728,1.728: Caskey2017
1HC2_W4_012016_H12_S93,,B,chronic,,UNITED STATES,2015,KY324144,,Yes,1HC2,non-panel,HIV-1,B.US.2015.1HC2_W4_012016_H12_S93.KY324144,0.014,0.014: Caskey2017,0.061,0.061: Caskey2017
1HC2_W4_012216_A10_S1,,B,chronic,,UNITED STATES,2015,KY324146,,Yes,1HC2,non-panel,HIV-1,B.US.2015.1HC2_W4_012216_A10_S1.KY324146,0.306,0.306: Caskey2017,3.721,3.721: Caskey2017
1HC2_W4_012216_A6_S95,,B,chronic,,UNITED STATES,2015,KY324148,,Yes,1HC2,non-panel,HIV-1,B.US.2015.1HC2_W4_012216_A6_S95.KY324148,0.125,0.125: Caskey2017,0.727,0.727: Caskey2017
1HC2_W4_012216_E4_S9,,B,chronic,,UNITED STATES,2015,KY324157,,Yes,1HC2,non-panel,HIV-1,B.US.2015.1HC2_W4_012216_E4_S9.KY324157,0.314,0.314: Caskey2017,7.683,7.683: Caskey2017
1HC2_W4_012216_G5_S14,,B,chronic,,UNITED STATES,2015,KY324163,,Yes,1HC2,non-panel,HIV-1,B.US.2015.1HC2_W4_012216_G5_S14.KY324163,0.015,0.015: Caskey2017,0.268,0.268: Caskey2017
1HC3_D0_012016_F7_S31,,B,chronic,,UNITED STATES,2015,KY324177,,Yes,1HC3,non-panel,HIV-1,B.US.2015.1HC3_D0_012016_F7_S31.KY324177,0.588,0.588: Caskey2017,2.107,2.107: Caskey2017
1HC3_D0_012016_G2_S34,,B,chronic,,UNITED STATES,2015,KY324179,,Yes,1HC3,non-panel,HIV-1,B.US.2015.1HC3_D0_012016_G2_S34.KY324179,0.256,0.256: Caskey2017,1.256,1.256: Caskey2017
1HC3_D0_012216_B1_S40,,B,chronic,,UNITED STATES,2015,KY324182,,Yes,1HC3,non-panel,HIV-1,B.US.2015.1HC3_D0_012216_B1_S40.KY324182,0.432,0.432: Caskey2017,2.273,2.273: Caskey2017
1HC3_D0_012216_E10_S49,,B,chronic,,UNITED STATES,2015,KY324187,,Yes,1HC3,non-panel,HIV-1,B.US.2015.1HC3_D0_012216_E10_S49.KY324187,0.212,0.212: Caskey2017,0.776,0.776: Caskey2017
1HC3_D0_012216_G3_S52,,B,chronic,,UNITED STATES,2015,KY324191,,Yes,1HC3,non-panel,HIV-1,B.US.2015.1HC3_D0_012216_G3_S52.KY324191,0.456,0.456: Caskey2017,1.679,1.679: Caskey2017
1HC3_W4_012016_G1_S19,,B,chronic,,UNITED STATES,2015,KY324239,,Yes,1HC3,non-panel,HIV-1,B.US.2015.1HC3_W4_012016_G1_S19.KY324239,0.441,0.441: Caskey2017,1.667,1.667: Caskey2017
1HC3_W4_012016_H5_S21,,B,chronic,,UNITED STATES,2015,KY324241,,Yes,1HC3,non-panel,HIV-1,B.US.2015.1HC3_W4_012016_H5_S21.KY324241,0.726,0.726: Caskey2017,3.6,3.6: Caskey2017
1HC3_W4_012616_C7_S77,,B,chronic,,UNITED STATES,2015,KY324246,,Yes,1HC3,non-panel,HIV-1,B.US.2015.1HC3_W4_012616_C7_S77.KY324246,0.281,0.281: Caskey2017,1.095,1.095: Caskey2017
1HC3_W4_012616_F1_S85,,B,chronic,,UNITED STATES,2015,KY324252,,Yes,1HC3,non-panel,HIV-1,B.US.2015.1HC3_W4_012616_F1_S85.KY324252,0.583,0.583: Caskey2017,2.245,2.245: Caskey2017
1HC3_W4_012616_G4_S89,,B,chronic,,UNITED STATES,2015,KY324255,,Yes,1HC3,non-panel,HIV-1,B.US.2015.1HC3_W4_012616_G4_S89.KY324255,0.805,0.805: Caskey2017,2.914,2.914: Caskey2017
1HD1_D0_012016_A4_S67,,B,chronic,,UNITED STATES,2015,KY324398,,Yes,1HD1,non-panel,HIV-1,B.US.2015.1HD1_D0_012016_A4_S67.KY324398,1.772,1.772: Caskey2017,9.558,9.558: Caskey2017
1HD1_D0_012016_D6_S73,,B,chronic,,UNITED STATES,2015,KY324402,,Yes,1HD1,non-panel,HIV-1,B.US.2015.1HD1_D0_012016_D6_S73.KY324402,0.399,0.399: Caskey2017,3.241,3.241: Caskey2017
1HD1_D0_012016_H4_S83,,B,chronic,,UNITED STATES,2015,KY324412,,Yes,1HD1,non-panel,HIV-1,B.US.2015.1HD1_D0_012016_H4_S83.KY324412,0.12,0.12: Caskey2017,0.588,0.588: Caskey2017
1HD1_D0_012716_B1_S14,,B,chronic,,UNITED STATES,2015,KY324415,,Yes,1HD1,non-panel,HIV-1,B.US.2015.1HD1_D0_012716_B1_S14.KY324415,0.076,0.076: Caskey2017,0.681,0.681: Caskey2017
1HD1_D0_012716_B7_S16,,B,chronic,,UNITED STATES,2015,KY324417,,Yes,1HD1,non-panel,HIV-1,B.US.2015.1HD1_D0_012716_B7_S16.KY324417,0.368,0.368: Caskey2017,2.098,2.098: Caskey2017
1HD1_W4_012016_C11_S93,,B,chronic,,UNITED STATES,2015,KY324481,,Yes,1HD1,non-panel,HIV-1,B.US.2015.1HD1_W4_012016_C11_S93.KY324481,0.355,0.355: Caskey2017,1.751,1.751: Caskey2017
1HD1_W4_012016_C12_S94,,B,chronic,,UNITED STATES,2015,KY324482,,Yes,1HD1,non-panel,HIV-1,B.US.2015.1HD1_W4_012016_C12_S94.KY324482,0.293,0.293: Caskey2017,1.585,1.585: Caskey2017
1HD1_W4_012616_A6_S94,,B,chronic,,UNITED STATES,2015,KY324491,,Yes,1HD1,non-panel,HIV-1,B.US.2015.1HD1_W4_012616_A6_S94.KY324491,0.155,0.155: Caskey2017,0.583,0.583: Caskey2017
1HD1_W4_012616_D9_S6,,B,chronic,,UNITED STATES,2015,KY324497,,Yes,1HD1,non-panel,HIV-1,B.US.2015.1HD1_W4_012616_D9_S6.KY324497,0.741,0.741: Caskey2017,4.299,4.299: Caskey2017
1HD1_W4_012616_F9_S11,,B,chronic,,UNITED STATES,2015,KY324500,,Yes,1HD1,non-panel,HIV-1,B.US.2015.1HD1_W4_012616_F9_S11.KY324500,0.161,0.161: Caskey2017,0.805,0.805: Caskey2017
1HD2_PREINF_051916_A12_S61,,B,chronic,,UNITED STATES,2015,KY324505,,Yes,1HD2,non-panel,HIV-1,B.US.2015.1HD2_PREINF_051916_A12_S61.KY324505,0.05,0.05: Caskey2017,0.21,0.21: Caskey2017
1HD2_PREINF_051916_B4_S62,,B,chronic,,UNITED STATES,2015,KY324507,,Yes,1HD2,non-panel,HIV-1,B.US.2015.1HD2_PREINF_051916_B4_S62.KY324507,0.004,0.004: Caskey2017,0.014,0.014: Caskey2017
1HD2_PREINF_051916_D8_S66,,B,chronic,,UNITED STATES,2015,KY324511,,Yes,1HD2,non-panel,HIV-1,B.US.2015.1HD2_PREINF_051916_D8_S66.KY324511,0.029,0.029: Caskey2017,0.126,0.126: Caskey2017
1HD2_PREINF_051916_H4_S73,,B,chronic,,UNITED STATES,2015,KY324516,,Yes,1HD2,non-panel,HIV-1,B.US.2015.1HD2_PREINF_051916_H4_S73.KY324516,0.005,0.005: Caskey2017,0.019,0.019: Caskey2017
1HD4K_D0_061516_E3_S53,,B,chronic,,GERMANY,2016,KY324517,,Yes,1HD4K,non-panel,HIV-1,B.DE.2016.1HD4K_D0_061516_E3_S53.KY324517,2.468,2.468: Caskey2017,9.346,9.346: Caskey2017
1HD4K_D0_061516_F7_S57,,B,chronic,,GERMANY,2016,KY324521,,Yes,1HD4K,non-panel,HIV-1,B.DE.2016.1HD4K_D0_061516_F7_S57.KY324521,0.526,0.526: Caskey2017,1.968,1.968: Caskey2017
1HD4K_D0_061616PL1_D4_S83,,B,chronic,,GERMANY,2016,KY324529,,Yes,1HD4K,non-panel,HIV-1,B.DE.2016.1HD4K_D0_061616PL1_D4_S83.KY324529,0.613,0.613: Caskey2017,2.199,2.199: Caskey2017
1HD4K_D0_061616PL2_A4_S53,,B,chronic,,GERMANY,2016,KY324536,,Yes,1HD4K,non-panel,HIV-1,B.DE.2016.1HD4K_D0_061616PL2_A4_S53.KY324536,0.404,0.404: Caskey2017,1.434,1.434: Caskey2017
1HD4K_D0_061616PL2_C2_S57,,B,chronic,,GERMANY,2016,KY324539,,Yes,1HD4K,non-panel,HIV-1,B.DE.2016.1HD4K_D0_061616PL2_C2_S57.KY324539,0.509,0.509: Caskey2017,1.912,1.912: Caskey2017
1HD4K_W4_062316PL3_A3_S25,,B,chronic,,GERMANY,2016,KY324569,,Yes,1HD4K,non-panel,HIV-1,B.DE.2016.1HD4K_W4_062316PL3_A3_S25.KY324569,0.559,0.559: Caskey2017,2.772,2.772: Caskey2017
1HD4K_W4_062316PL3_B1_S27,,B,chronic,,GERMANY,2016,KY324572,,Yes,1HD4K,non-panel,HIV-1,B.DE.2016.1HD4K_W4_062316PL3_B1_S27.KY324572,0.537,0.537: Caskey2017,2.219,2.219: Caskey2017
1HD4K_W4_062316PL3_B9_S29,,B,chronic,,GERMANY,2016,KY324574,,Yes,1HD4K,non-panel,HIV-1,B.DE.2016.1HD4K_W4_062316PL3_B9_S29.KY324574,1.6,1.6: Caskey2017,7.741,7.741: Caskey2017
1HD4K_W4_062316PL4_A11_S47,,B,chronic,,GERMANY,2016,KY324583,,Yes,1HD4K,non-panel,HIV-1,B.DE.2016.1HD4K_W4_062316PL4_A11_S47.KY324583,0.713,0.713: Caskey2017,2.852,2.852: Caskey2017
1HD4K_W4_062316PL4_A3_S44,,B,chronic,,GERMANY,2016,KY324584,,Yes,1HD4K,non-panel,HIV-1,B.DE.2016.1HD4K_W4_062316PL4_A3_S44.KY324584,0.605,0.605: Caskey2017,2.169,2.169: Caskey2017
1HD5K_D0_061016_C5_S3,,B,chronic,,GERMANY,2016,KY324594,,Yes,1HD5K,non-panel,HIV-1,B.DE.2016.1HD5K_D0_061016_C5_S3.KY324594,0.204,0.204: Caskey2017,0.733,0.733: Caskey2017
1HD5K_D0_061416PL1_F1_S17,,B,chronic,,GERMANY,2016,KY324599,,Yes,1HD5K,non-panel,HIV-1,B.DE.2016.1HD5K_D0_061416PL1_F1_S17.KY324599,0.166,0.166: Caskey2017,0.622,0.622: Caskey2017
1HD5K_D0_061416PL2_D11_S27,,B,chronic,,GERMANY,2016,KY324603,,Yes,1HD5K,non-panel,HIV-1,B.DE.2016.1HD5K_D0_061416PL2_D11_S27.KY324603,0.21,0.21: Caskey2017,0.783,0.783: Caskey2017
1HD5K_D0_061416PL2_D12_S28,,B,chronic,,GERMANY,2016,KY324604,,Yes,1HD5K,non-panel,HIV-1,B.DE.2016.1HD5K_D0_061416PL2_D12_S28.KY324604,0.142,0.142: Caskey2017,0.627,0.627: Caskey2017
1HD5K_D0_061616_F6_S42,,B,chronic,,GERMANY,2016,KY324615,,Yes,1HD5K,non-panel,HIV-1,B.DE.2016.1HD5K_D0_061616_F6_S42.KY324615,0.158,0.158: Caskey2017,0.783,0.783: Caskey2017
1HD5K_W4_061416_A6_S32E,,B,chronic,,GERMANY,2016,KY324621,,Yes,1HD5K,non-panel,HIV-1,B.DE.2016.1HD5K_W4_061416_A6_S32E.KY324621,0.149,0.149: Caskey2017,0.658,0.658: Caskey2017
1HD5K_W4_061616_A12_S44,,B,chronic,,GERMANY,2016,KY324625,,Yes,1HD5K,non-panel,HIV-1,B.DE.2016.1HD5K_W4_061616_A12_S44.KY324625,0.281,0.281: Caskey2017,0.961,0.961: Caskey2017
1HD5K_W4_061616_C11_S49,,B,chronic,,GERMANY,2016,KY324628,,Yes,1HD5K,non-panel,HIV-1,B.DE.2016.1HD5K_W4_061616_C11_S49.KY324628,0.229,0.229: Caskey2017,0.891,0.891: Caskey2017
1HD5K_W4_061616_C12_S50,,B,chronic,,GERMANY,2016,KY324629,,Yes,1HD5K,non-panel,HIV-1,B.DE.2016.1HD5K_W4_061616_C12_S50.KY324629,0.316,0.316: Caskey2017,0.886,0.886: Caskey2017
1HD5K_W4_062316_D10_S59,,B,chronic,,GERMANY,2016,KY324633,,Yes,1HD5K,non-panel,HIV-1,B.DE.2016.1HD5K_W4_062316_D10_S59.KY324633,0.155,0.155: Caskey2017,0.606,0.606: Caskey2017
1HD5K_W4_062916_A6_S61,,B,chronic,,GERMANY,2016,KY324635,,Yes,1HD5K,non-panel,HIV-1,B.DE.2016.1HD5K_W4_062916_A6_S61.KY324635,0.156,0.156: Caskey2017,0.697,0.697: Caskey2017
1HD6K_D0_061016_B3_S9,,B,chronic,,GERMANY,2016,KY324642,,Yes,1HD6K,non-panel,HIV-1,B.DE.2016.1HD6K_D0_061016_B3_S9.KY324642,1.075,1.075: Caskey2017,5.167,5.167: Caskey2017
1HD6K_D0_061416_F12_S50,,B,chronic,,GERMANY,2016,KY324655,,Yes,1HD6K,non-panel,HIV-1,B.DE.2016.1HD6K_D0_061416_F12_S50.KY324655,0.843,0.843: Caskey2017,3.761,3.761: Caskey2017
1HD6K_D0_061616_C10_S24,,B,chronic,,GERMANY,2016,KY324663,,Yes,1HD6K,non-panel,HIV-1,B.DE.2016.1HD6K_D0_061616_C10_S24.KY324663,0.656,0.656: Caskey2017,3.371,3.371: Caskey2017
1HD6K_D0_061616_C6_S21,,B,chronic,,GERMANY,2016,KY324664,,Yes,1HD6K,non-panel,HIV-1,B.DE.2016.1HD6K_D0_061616_C6_S21.KY324664,0.673,0.673: Caskey2017,2.589,2.589: Caskey2017
1HD6K_W4_070516_G5_S26,,B,chronic,,GERMANY,2016,KY324724,,Yes,1HD6K,non-panel,HIV-1,B.DE.2016.1HD6K_W4_070516_G5_S26.KY324724,0.653,0.653: Caskey2017,3.452,3.452: Caskey2017
1HD6K_W8_072616_D6_S65,,B,chronic,,GERMANY,2016,KY324727,,Yes,1HD6K,non-panel,HIV-1,B.DE.2016.1HD6K_W8_072616_D6_S65.KY324727,0.889,0.889: Caskey2017,4.718,4.718: Caskey2017
1HD6K_W8_072616_F2_S69,,B,chronic,,GERMANY,2016,KY324730,,Yes,1HD6K,non-panel,HIV-1,B.DE.2016.1HD6K_W8_072616_F2_S69.KY324730,0.04,0.04: Caskey2017,0.205,0.205: Caskey2017
1HD6K_W8_072616_G10_S70,,B,chronic,,GERMANY,2016,KY324731,,Yes,1HD6K,non-panel,HIV-1,B.DE.2016.1HD6K_W8_072616_G10_S70.KY324731,0.824,0.824: Caskey2017,3.005,3.005: Caskey2017
1HD8K_D0_061616_B4_S93,,B,chronic,,GERMANY,2016,KY324738,,Yes,1HD8K,non-panel,HIV-1,B.DE.2016.1HD8K_D0_061616_B4_S93.KY324738,0.642,0.642: Caskey2017,3.195,3.195: Caskey2017
1HD8K_D0_062916_A4_S69,,B,chronic,,GERMANY,2016,KY324755,,Yes,1HD8K,non-panel,HIV-1,B.DE.2016.1HD8K_D0_062916_A4_S69.KY324755,0.146,0.146: Caskey2017,0.664,0.664: Caskey2017
1HD8K_D0_062916_A9_S72,,B,chronic,,GERMANY,2016,KY324756,,Yes,1HD8K,non-panel,HIV-1,B.DE.2016.1HD8K_D0_062916_A9_S72.KY324756,0.474,0.474: Caskey2017,2.447,2.447: Caskey2017
1HD8K_D0_062916_F6_S90,,B,chronic,,GERMANY,2016,KY324768,,Yes,1HD8K,non-panel,HIV-1,B.DE.2016.1HD8K_D0_062916_F6_S90.KY324768,1.085,1.085: Caskey2017,3.949,3.949: Caskey2017
1HD8K_D0_062916_H6_S95,,B,chronic,,GERMANY,2016,KY324769,,Yes,1HD8K,non-panel,HIV-1,B.DE.2016.1HD8K_D0_062916_H6_S95.KY324769,0.408,0.408: Caskey2017,2.013,2.013: Caskey2017
1HD8K_W4_070116PL3_C6_S63,,B,chronic,,GERMANY,2016,KY324786,,Yes,1HD8K,non-panel,HIV-1,B.DE.2016.1HD8K_W4_070116PL3_C6_S63.KY324786,0.57,0.57: Caskey2017,2.858,2.858: Caskey2017
1HD8K_W4_070116PL3_G12_S77,,B,chronic,,GERMANY,2016,KY324794,,Yes,1HD8K,non-panel,HIV-1,B.DE.2016.1HD8K_W4_070116PL3_G12_S77.KY324794,0.075,0.075: Caskey2017,0.369,0.369: Caskey2017
1HD8K_W4_070116PL3_H8_S80,,B,chronic,,GERMANY,2016,KY324798,,Yes,1HD8K,non-panel,HIV-1,B.DE.2016.1HD8K_W4_070116PL3_H8_S80.KY324798,0.212,0.212: Caskey2017,0.819,0.819: Caskey2017
1HD8K_W4_070116PL4_E1_S86,,B,chronic,,GERMANY,2016,KY324801,,Yes,1HD8K,non-panel,HIV-1,B.DE.2016.1HD8K_W4_070116PL4_E1_S86.KY324801,0.108,0.108: Caskey2017,0.583,0.583: Caskey2017
1HD8K_W4_070116PL4_E9_S87,,B,chronic,,GERMANY,2016,KY324802,,Yes,1HD8K,non-panel,HIV-1,B.DE.2016.1HD8K_W4_070116PL4_E9_S87.KY324802,0.292,0.292: Caskey2017,1.365,1.365: Caskey2017
1HD8K_W4_070116PL4_F7_S89,,B,chronic,,GERMANY,2016,KY324803,,Yes,1HD8K,non-panel,HIV-1,B.DE.2016.1HD8K_W4_070116PL4_F7_S89.KY324803,0.156,0.156: Caskey2017,0.562,0.562: Caskey2017
1HD9K_D0_070816_B3_S30,,B,chronic,,GERMANY,2016,KY324807,,Yes,1HD9K,non-panel,HIV-1,B.DE.2016.1HD9K_D0_070816_B3_S30.KY324807,0.284,0.284: Caskey2017,1.587,1.587: Caskey2017
1HD9K_D0_070816_C3_S35,,B,chronic,,GERMANY,2016,KY324810,,Yes,1HD9K,non-panel,HIV-1,B.DE.2016.1HD9K_D0_070816_C3_S35.KY324810,0.576,0.576: Caskey2017,2.221,2.221: Caskey2017
1HD9K_D0_071116PL6_A10_S86,,B,chronic,,GERMANY,2016,KY324822,,Yes,1HD9K,non-panel,HIV-1,B.DE.2016.1HD9K_D0_071116PL6_A10_S86.KY324822,0.111,0.111: Caskey2017,0.401,0.401: Caskey2017
20104663_E11_D2,2,C,acute,,SOUTH AFRICA,2007,HQ615945,,Yes,20104663,panel,HIV-1,C.ZA.2007.20104663_E11_D2.HQ615945,UD,>10: Bricault2019_dataset1;>10: Wagh2016,UD,>10: Wagh2016
20198102_E9_G1,3,C,acute,,SOUTH AFRICA,2007,HQ615944,,Yes,20198102,panel,HIV-1,C.ZA.2007.20198102_E9_G1.HQ615944,0.16,0.16: Bricault2019_dataset1;0.16: Wagh2016,0.54,0.54: Wagh2016
20258279_V2,2,C,<3mo,,SOUTH AFRICA,2007,HQ595763,"20258279_v2, 20258279-V2",Yes,20258279,panel,HIV-1,C.ZA.2007.20258279_V2.HQ595763,0.54,0.54: Bricault2019_dataset1;0.54: Wagh2016,1.95,1.95: Wagh2016
20286961_C1_H8,2,C,acute,,SOUTH AFRICA,2009,HQ615960,,Yes,20286961,panel,HIV-1,C.ZA.2009.20286961_C1_H8.HQ615960,0.4,0.4: Bricault2019_dataset1;0.4: Wagh2016,1.77,1.77: Wagh2016
20355851_20,3,C,acute,,SOUTH AFRICA,2008,JQ352789,"20355851.2, 20355851.20, BP0016_20",Yes,BP00016,panel,HIV-1,C.ZA.2008.20355851_20.JQ352789,1.01,1.01: Bricault2019_dataset1;1.01: Wagh2016,5.28,5.28: Wagh2016
20358510_01,2,C,acute,,SOUTH AFRICA,2008,JQ352790,"20358510.01, BP0018_01",Yes,BP00018,panel,HIV-1,C.ZA.2008.20358510_01.JQ352790,0.39,0.39: Bricault2019_dataset1;0.39: Wagh2016,1.41,1.41: Wagh2016
20417927_07,2,C,acute,,SOUTH AFRICA,2007,JQ352785,"20417927.07, BP0002_07",Yes,BP00002,panel,HIV-1,C.ZA.2007.20417927_07.JQ352785,UD,>10: Bricault2019_dataset1;>10: Wagh2016,UD,>10: Wagh2016
20721190,3,C,acute,,SOUTH AFRICA,2008,HQ595747,,Yes,20721190,panel,HIV-1,C.ZA.2008.20721190.HQ595747,UD,>10: Bricault2019_dataset1;>10: Wagh2016,UD,>10: Wagh2016
20803520,2,C,acute,,SOUTH AFRICA,2008,HQ595748,,Yes,20803520,panel,HIV-1,C.ZA.2008.20803520.HQ595748,1.72,1.72: Bricault2019_dataset1;1.72: Wagh2016,7.91,7.91: Wagh2016
20883229_C9_H6,3,C,acute,,SOUTH AFRICA,2008,HQ615943,,Yes,20883229,panel,HIV-1,C.ZA.2008.20883229_C9_H6.HQ615943,0.4,0.4: Bricault2019_dataset1;0.4: Wagh2016,1.75,1.75: Wagh2016
20915593,2,C,acute,,SOUTH AFRICA,2008,HQ595749,,Yes,20915593,panel,HIV-1,C.ZA.2008.20915593.HQ595749,UD,>10: Bricault2019_dataset1;>10: Wagh2016,UD,>10: Wagh2016
20927783,3,C,acute,,SOUTH AFRICA,2008,HQ595750,,Yes,20927783,panel,HIV-1,C.ZA.2008.20927783.HQ595750,UD,>10: Bricault2019_dataset1;>10: Wagh2016,UD,>10: Wagh2016
20965238,2,C,acute,,SOUTH AFRICA,2009,HQ595751,,Yes,20965238,panel,HIV-1,C.ZA.2009.20965238.HQ595751,1.1,1.1: Bricault2019_dataset1;1.1: Wagh2016,3.81,3.81: Wagh2016
21020_13,,A1,<12mo,,KENYA,2007,HM215275,"21020, IAVI-21020",Yes,21020,panel,HIV-1,A1.KE.2007.21020_13.HM215275,0.724,0.724: Wagh2018,3.14,3.14: Wagh2018
21197826_V1,3,C,acute,,SOUTH AFRICA,2009,HQ595753,"21197826_v1, 21197826-V1",Yes,21197826,panel,HIV-1,C.ZA.2009.21197826_V1.HQ595753,UD,>10: Bricault2019_dataset1;>10: Wagh2016,UD,>10: Wagh2016
211_9,2,02_AG,<12mo,CCR5,CAMEROON,2004,EU513187,"211, 211-9, NIH-ARP-11591, T211, T211-9, T211.9, T211_9",Yes,211,panel,HIV-1,02_AG.CM.2004.211_9.EU513187,11.1049,0.9: Umotoy2019_dataset2;11: Jardine2016a;12.8: Zhang2019a;14.28: Doria-Rose2012;14.3: Scheid2011;14.3: Wu2010;25: Bricault2019_dataset3;25: Hraber2014,UD,>50: Doria-Rose2012;>50: Hraber2014;>50: Scheid2011;>50: Wu2010;>50: Zhang2019a
21203310_G7_C3,2,C,acute,,SOUTH AFRICA,2008,HQ615946,,Yes,21203310,panel,HIV-1,C.ZA.2008.21203310_G7_C3.HQ615946,UD,>10: Bricault2019_dataset1;>10: Wagh2016,UD,>10: Wagh2016
21261106_C12_H2,3,C,acute,,SOUTH AFRICA,2009,HQ615956,,Yes,21261106,panel,HIV-1,C.ZA.2009.21261106_C12_H2.HQ615956,5.27,5.27: Bricault2019_dataset1;5.27: Wagh2016,UD,>10: Wagh2016
21283649,3,C,acute,,SOUTH AFRICA,2009,HQ595756,,Yes,21283649,panel,HIV-1,C.ZA.2009.21283649.HQ595756,0.31,0.31: Bricault2019_dataset1;0.31: Wagh2016,1.48,1.48: Wagh2016
21369737_G11_F2,3,C,acute,,SOUTH AFRICA,2009,HQ615941,,Yes,21369737,panel,HIV-1,C.ZA.2009.21369737_G11_F2.HQ615941,UD,>10: Bricault2019_dataset1;>10: Wagh2016,UD,>10: Wagh2016
21399975_E2_B3,2,C,<3mo,,SOUTH AFRICA,2009,HQ615957,,Yes,21399975,panel,HIV-1,C.ZA.2009.21399975_E2_B3.HQ615957,3.08,3.08: Bricault2019_dataset1;3.08: Wagh2016,UD,>10: Wagh2016
21492713_B11_E3,2,C,acute,,SOUTH AFRICA,2009,HQ615947,,Yes,21492713,panel,HIV-1,C.ZA.2009.21492713_B11_E3.HQ615947,0.14,0.14: Bricault2019_dataset1;0.14: Wagh2016,0.55,0.55: Wagh2016
21502011_F12_E2,2,C,acute,,SOUTH AFRICA,2009,HQ615949,21502011F_12_E2,Yes,21502011,panel,HIV-1,C.ZA.2009.21502011_F12_E2.HQ615949,9.77,9.77: Bricault2019_dataset1;9.77: Wagh2016,UD,>10: Wagh2016
21561324_D3_B5,2,C,acute,,SOUTH AFRICA,2009,HQ615961,,Yes,21561324,panel,HIV-1,C.ZA.2009.21561324_D3_B5.HQ615961,0.44,0.44: Bricault2019_dataset1;0.44: Wagh2016,2.05,2.05: Wagh2016
216_F2_E3_5,,A1C,<12mo,,TANZANIA,,HM215277,216-F2_E3_5,Yes,216,panel,HIV-1,A1C.TZ..216_F2_E3_5.HM215277,0.28,0.28: Wu2010,0.76,0.76: Wu2010
231965_C1,2,D,acute,,UGANDA,2001,JQ361079,"231965, 231965.c01, 231965_C01, 231965.c1, 231965sga_c1",Yes,231965,panel,HIV-1,D.UG.2001.231965_C1.JQ361079,0.33663,0.133: Bricault2019;0.133: Chuang2013;0.133: Jardine2016a;0.133: Rudicell2014;0.183: Zhang2019a;0.209: Xu2017;0.27800: Doria-Rose2016;0.278: Wagh2018;0.289: Kwon2015;0.32: Umotoy2019_dataset2;0.34: McCoy2012;0.34: Scheid2011;0.34: Wu2010;0.34: Wu2011;0.353: Bonsignori2016;0.353: Bricault2019_dataset2;0.381: Zhou2017;0.392: Steinhardt2018;0.423: Kwon2021_dataset1;0.475: Kwon2018;0.4750: Liu2019;0.487: Doria-Rose2012;0.487: Huang2012a;0.487: Huang2016a_dataset1;0.487: McLellan2011;0.489: Zhang2022_dataset1;0.511: Kong2016a-dataset1;0.824: Bricault2019_dataset3;0.824: Hraber2014,1.21687,0.701: Rudicell2014;0.743: Zhang2019a;0.799: Xu2017;1.01: Steinhardt2018;1.2: Kwon2018;1.2: Scheid2011;1.2: Wu2010;1.2: Wu2011;1.26000: Doria-Rose2016;1.26: Wagh2018;1.36: Kong2016a-dataset1;1.442: Kwon2021_dataset1;1.442: Zhang2022_dataset1;1.4500: Liu2019;1.55: Doria-Rose2012;1.55: Huang2012a;1.55: McLellan2011;1.62: Zhou2017
231966_C2,2,D,acute,,UGANDA,2001,JX512899,"231966.c02, 231966_C02, 231966.c2, 231966sga_c2",Yes,231966,panel,HIV-1,D.UG.2001.231966_C2.JX512899,0.109,0.109: Wagh2018,0.523,0.523: Wagh2018
234_F1_16_57,2,C,<12mo,,TANZANIA,2001,HM215278,"234-F1-16-57, 234-F1_16_57",Yes,234,panel,HIV-1,C.TZ.2001.234_F1_16_57.HM215278,UD,>10: Bricault2019_dataset1;>10: Wagh2016,UD,>10: Wagh2016
235080_3G7_REV,1B,C,<3mo,,ZAMBIA,2007,JN977604,"235080, 235080_3G7env2(Rev-), 235080_3G7env2 (Rev-)",Yes,Z1792M,panel,HIV-1,C.ZM.2007.235080_3G7_REV.JN977604,8.41,8.41: Bricault2019_dataset1;8.41: Wagh2016,UD,>10: Wagh2016
235_47,2,02_AG,<12mo,CCR5,CAMEROON,2004,EU513195,"235, 235-47, 235-47.SG3, NIH-ARP-11592, T235.47, T235_47",Yes,235,panel,HIV-1,02_AG.CM.2004.235_47.EU513195,0.044053,0.01500: Doria-Rose2016;0.021: Zhang2019a;0.028: Umotoy2019_dataset2;0.031: Kwon2015;0.035: Bricault2019;0.035: Chuang2013;0.035: Rudicell2014;0.04: Scheid2011;0.04: Wu2010;0.04: Wu2011;0.041: Kwon2021_dataset1;0.043: Steinhardt2018;0.047: Kwon2018;0.049: Doria-Rose2012;0.049: Huang2012a;0.049: Huang2016a_dataset1;0.049: McLellan2011;0.0542: Zhang2022_dataset1;0.056: Xu2017;0.0570: Liu2019;0.061: Bonsignori2016;0.061: Bricault2019_dataset2;0.072: Kong2016a-dataset1;0.087: Bricault2019_dataset3;0.087: Hraber2014,0.16687,0.084: Zhang2019a;0.132: Rudicell2014;0.139: Doria-Rose2012;0.139: Huang2012a;0.139: McLellan2011;0.154: Steinhardt2018;0.156: Kwon2018;0.16000: Doria-Rose2016;0.17: Scheid2011;0.17: Wu2010;0.17: Wu2011;0.175: Xu2017;0.1936: Kwon2021_dataset1;0.1936: Zhang2022_dataset1;0.2060: Liu2019;0.223: Kong2016a-dataset1;0.356: Hraber2014
242_14,1B or 2,02A1,<12mo,,CAMEROON,2004,EU513188,"242, 242-14, 242-14.SG3, T242-14",Yes,242,panel,HIV-1,02A1.CM.2004.242_14.EU513188,UD,>50: Acharya2013;>50: Bonsignori2016;>50: Bricault2019;>50: Bricault2019_dataset2;>50: Chuang2013;>50: Doria-Rose2012;>50: Doria-Rose2016;>50: Gardner2015;>50: Huang2012a;>50: Huang2016a_dataset1;>50: Kong2016;>50: Kong2016a-dataset1;>50: Kwon2015;>50: Kwon2018;>50: Kwon2021_dataset1;>50: Kwon2021_dataset2;>50: Liu2019;>50: McCoy2012;>50: McLellan2011;>50: Rudicell2014;>50: Steinhardt2018;>50: Wu2010;>50: Wu2011;>50: Xu2017;>50: Zhang2022_dataset1,UD,>50: Doria-Rose2012;>50: Doria-Rose2016;>50: Gardner2015;>50: Huang2012a;>50: Kong2016a-dataset1;>50: Kwon2018;>50: Kwon2021_dataset1;>50: Liu2019;>50: McLellan2011;>50: Rudicell2014;>50: Steinhardt2018;>50: Wu2010;>50: Wu2011;>50: Xu2017;>50: Zhang2022_dataset1
246_F3_C10_2,2,A1C,<12mo,,TANZANIA,,HM215279,"246, 246-F3, 246F3, 246-F3.C10.2, 246-F3_C10_2, E246F3",Yes,246,panel,HIV-1,A1C.TZ..246_F3_C10_2.HM215279,0.27947,0.1253: Wu2018_dataset1;0.1253: Wu2018_dataset3;0.17: Bonsignori2018_dataset2;0.205: Bonsignori2018_dataset1;0.245: Kwon2021_dataset1;0.25: Webb2015;0.251: Richardson2021;0.254: Steinhardt2018;0.2890: Liu2019;0.292: Kwon2018;0.2978: Zhang2022_dataset1;0.3: Decamp2014;0.34: Yin2021;0.365: Xu2017;0.4: Martinez2020;0.41: Qiao2016;0.41: Sun2017;0.441: Kong2016a-dataset1;0.51: Kong2016,0.74292,0.579: Xu2017;0.6: Webb2015;0.62: Bonsignori2018_dataset1;0.65: Steinhardt2018;0.855: Kwon2018;0.8558: Kwon2021_dataset1;0.8558: Zhang2022_dataset1;0.8680: Liu2019;0.906: Kong2016a-dataset1
249M_B10,2,C,acute T/F,,ZAMBIA,2003,EU166862,"249M, 249M B10, 249M.B10, 249MB10, ZM249M.B10",Yes,ZM249M,panel,HIV-1,C.ZM.2003.249M_B10.EU166862,0.09761,0.056: Umotoy2019_dataset2;0.071: Zhang2019a;0.079: Jardine2016a;0.289: Bricault2019_dataset3,0.275,0.275: Zhang2019a
25710_2_43,1B or 2,C,<3mo,CCR5,INDIA,1999,EF117271,"25710, 25710-2.43, HIV-25710-2.43",Yes,25710,panel,HIV-1,C.IN.1999.25710_2_43.EF117271,0.53514,0.326: Bonsignori2018_dataset1;0.336: Bricault2019;0.336: Chuang2013;0.336: Rudicell2014;0.36: Qiao2016;0.36: Sun2017;0.4020: Liu2019;0.43: Wu2010;0.43: Wu2011;0.48: Yin2021;0.483: Xu2017;0.487: Steinhardt2018;0.487: Zhang2022_dataset1;0.5: Webb2015;0.503: Kwon2018;0.537: Richardson2021;0.545: Doria-Rose2012;0.545: Huang2012a;0.545: Huang2016a_dataset1;0.545: McLellan2011;0.55: Liao2013;0.557: Kwon2015;0.5594: Wu2018_dataset3;0.566: Sastry2023_dataset1;0.57: Bonsignori2018_dataset2;0.591: Kwon2021_dataset1;0.594: Bonsignori2016;0.594: Bricault2019_dataset2;0.71: Martinez2020;0.8191: Wu2018_dataset1;0.87: Kong2016;0.945: Kong2016a-dataset1;0.97300: Doria-Rose2016;1.4: Decamp2014,1.63763,1.155: Bonsignori2018_dataset1;1.39: Xu2017;1.4: Steinhardt2018;1.4: Wu2010;1.4: Wu2011;1.56: Doria-Rose2012;1.56: Huang2012a;1.56: Liao2013;1.56: McLellan2011;1.57: Kwon2018;1.69: Webb2015;1.788: Kwon2021_dataset1;1.788: Zhang2022_dataset1;1.8000: Liu2019;1.94: Rudicell2014;2.25000: Doria-Rose2016;2.52: Kong2016a-dataset1
25711_2_4,1B or 2,C,<3mo,CCR5,INDIA,1999,EF117272,"25711, 25711-2.4, HIV-25711-2.4",Yes,25711,panel,HIV-1,C.IN.1999.25711_2_4.EF117272,0.66842,0.375: Xu2017;0.395: Kwon2018;0.4370: Liu2019;0.535: Zhang2022_dataset1;0.555: Bonsignori2016;0.555: Bricault2019_dataset2;0.559: Steinhardt2018;0.564: Kwon2015;0.71: Liao2013;0.712: Doria-Rose2012;0.712: Huang2012a;0.712: Huang2016a_dataset1;0.712: McLellan2011;0.756: Kong2016a-dataset1;0.776: Kwon2021_dataset1;0.793: Bricault2019;0.793: Chuang2013;0.793: Rudicell2014;1: Wu2010;1: Wu2011;1.18000: Doria-Rose2016,1.80223,1.15: Xu2017;1.24: Kwon2018;1.44: Steinhardt2018;1.626: Kwon2021_dataset1;1.626: Zhang2022_dataset1;1.7: Doria-Rose2012;1.7: Huang2012a;1.7: Liao2013;1.7: McLellan2011;1.7200: Liu2019;2.21: Kong2016a-dataset1;2.30000: Doria-Rose2016;2.4: Wu2010;2.4: Wu2011;3.01: Rudicell2014
25925_2_22,1B or 2,C,<3mo,CCR5,INDIA,1999,EF117273,"25925, 25925-2.22, HIV_25925_2, HIV-25925-2.22",Yes,25925,panel,HIV-1,C.IN.1999.25925_2_22.EF117273,0.56053,0.474: Bonsignori2016;0.474: Bricault2019_dataset2;0.4840: Liu2019;0.486: Kwon2018;0.499: Bricault2019;0.499: Chuang2013;0.499: Rudicell2014;0.53: Kwon2015;0.53: Wu2010;0.53: Wu2011;0.55: Steinhardt2018;0.559: Doria-Rose2012;0.559: Huang2012a;0.559: Huang2016a_dataset1;0.559: McLellan2011;0.56: Liao2013;0.594: Kwon2021_dataset1;0.604: Xu2017;0.61: Zhang2022_dataset1;0.659: Kong2016a-dataset1;0.766: Rusert2016;0.90700: Doria-Rose2016,1.5655,1.34: Steinhardt2018;1.3600: Liu2019;1.39: Doria-Rose2012;1.39: Huang2012a;1.39: Liao2013;1.39: McLellan2011;1.47: Kwon2018;1.53: Kong2016a-dataset1;1.6: Wu2010;1.6: Wu2011;1.624: Kwon2021_dataset1;1.624: Zhang2022_dataset1;1.63: Xu2017;2.11000: Doria-Rose2016;2.34: Rudicell2014
26191_2_48,2,C,<3mo,CCR5,INDIA,2000,EF117274,"26191, 26191-2.48, HIV-26191-2.48",Yes,26191,panel,HIV-1,C.IN.2000.26191_2_48.EF117274,0.21144,0.166: Bonsignori2016;0.166: Bricault2019_dataset2;0.1750: Liu2019;0.183: Steinhardt2018;0.19: Wu2010;0.19: Wu2011;0.193: Kwon2018;0.195: Doria-Rose2012;0.195: Huang2012a;0.195: Huang2016a_dataset1;0.195: McLellan2011;0.1964: Zhang2022_dataset1;0.2: Liao2013;0.202: Bricault2019;0.202: Chuang2013;0.202: Rudicell2014;0.209: Xu2017;0.217: Kwon2015;0.308: Zhou2017;0.323: Kong2016a-dataset1;0.32500: Doria-Rose2016;0.338: Kwon2021_dataset1,0.69828,0.5980: Liu2019;0.628: Xu2017;0.646: Doria-Rose2012;0.646: Huang2012a;0.646: McLellan2011;0.65: Liao2013;0.6536: Kwon2021_dataset1;0.6536: Zhang2022_dataset1;0.67: Wu2010;0.67: Wu2011;0.679: Steinhardt2018;0.705: Kwon2018;0.794: Zhou2017;0.795: Rudicell2014;0.90000: Doria-Rose2016;0.931: Kong2016a-dataset1
263_8,2,02_AG,<12mo,CCR5,CAMEROON,2004,EU513182,"263, 263-8, 264, NIH-ARP-11601, T263.8",Yes,263,panel,HIV-1,02_AG.CM.2004.263_8.EU513182,0.19956,0.119: Doria-Rose2012;0.119: Huang2012a;0.119: Huang2016a_dataset1;0.119: McLellan2011;0.12: Umotoy2019_dataset2;0.124: Zhang2019a;0.155: Kwon2015;0.165: Kwon2018;0.168: Bonsignori2016;0.168: Bricault2019_dataset2;0.176: Steinhardt2018;0.1962: Zhang2022_dataset1;0.2: McCoy2012;0.2: Scheid2011;0.2: Wu2010;0.2: Wu2011;0.229: Xu2017;0.2320: Liu2019;0.25100: Doria-Rose2016;0.282: Kong2016a-dataset1;0.286: Kwon2021_dataset1;0.334: Bricault2019_dataset3;0.334: Hraber2014;0.354: Bricault2019;0.354: Chuang2013;0.354: Rudicell2014,0.59156,0.373: Doria-Rose2012;0.373: Huang2012a;0.373: McLellan2011;0.505: Zhang2019a;0.509: Kwon2018;0.536: Steinhardt2018;0.55: Scheid2011;0.55: Wu2010;0.55: Wu2011;0.6138: Kwon2021_dataset1;0.6138: Zhang2022_dataset1;0.63100: Doria-Rose2016;0.658: Xu2017;0.6990: Liu2019;0.72: Kong2016a-dataset1;1.11: Hraber2014;1.28: Rudicell2014
269_12,2,02A1,<12mo,CCR5,CAMEROON,2004,EU513194,"269, 269-12, NIH-ARP-11603",Yes,269,panel,HIV-1,02A1.CM.2004.269_12.EU513194,0.26052,0.163: Doria-Rose2012;0.163: Huang2012a;0.163: Huang2016a_dataset1;0.163: McLellan2011;0.204: Kwon2018;0.23: Wu2010;0.23: Wu2011;0.2470: Liu2019;0.273: Kwon2015;0.293: Bonsignori2016;0.293: Bricault2019_dataset2;0.295: Bricault2019;0.295: Chuang2013;0.295: Rudicell2014;0.2956: Zhang2022_dataset1;0.313: Steinhardt2018;0.33000: Doria-Rose2016;0.33: Xu2017;0.417: Kong2016a-dataset1;0.436: Kwon2021_dataset1,0.67059,0.404: Doria-Rose2012;0.404: Huang2012a;0.404: McLellan2011;0.613: Kwon2018;0.66: Wu2010;0.66: Wu2011;0.679: Steinhardt2018;0.709: Xu2017;0.772: Rudicell2014;0.8184: Kwon2021_dataset1;0.8184: Zhang2022_dataset1;0.8220: Liu2019;0.983: Kong2016a-dataset1;1.05000: Doria-Rose2016
2759058_F10_B6,2,C,acute,,SOUTH AFRICA,2006,HQ615959,,Yes,2759058,panel,HIV-1,C.ZA.2006.2759058_F10_B6.HQ615959,2.64,2.64: Bricault2019_dataset1;2.64: Wagh2016,8.14,8.14: Wagh2016
2768732_C5_16,2,C,acute,,SOUTH AFRICA,2006,HQ615952,,Yes,2768732,panel,HIV-1,C.ZA.2006.2768732_C5_16.HQ615952,1.6,1.6: Bricault2019_dataset1;1.6: Wagh2016,4.42,4.42: Wagh2016
2833264,2,C,acute,,SOUTH AFRICA,2006,HQ595757,,Yes,2833264,panel,HIV-1,C.ZA.2006.2833264.HQ595757,0.41,0.41: Bricault2019_dataset1;0.41: Wagh2016,2.26,2.26: Wagh2016
2865_A11_12,2,C,<3mo,,BOTSWANA,2005,KC154013,"2865_A11.12, B002865_A11.12",Yes,B002865,panel,HIV-1,C.BW.2005.2865_A11_12.KC154013,0.88,0.88: Bricault2019_dataset1;0.88: Wagh2016,3.32,3.32: Wagh2016
2869751_A4_D3,2,C,acute,,SOUTH AFRICA,2007,HQ615954,,Yes,2869751,panel,HIV-1,C.ZA.2007.2869751_A4_D3.HQ615954,0.68,0.68: Bricault2019_dataset1;0.68: Wagh2016,3.22,3.22: Wagh2016
286_36,,C,chronic,CCR5,ETHIOPIA,,JQ362420,"286, 286.36",Yes,ET14,panel,HIV-1,C.ET..286_36.JQ362420,0.21892,0.1: Liao2013;0.103: Doria-Rose2012;0.103: Georgiev2013_dataset1;0.103: Huang2012a;0.103: Huang2016a_dataset1;0.103: McLellan2011;0.188: Falkowska2012;0.188: Georgiev2013_dataset3;0.188: Kwon2015;0.188: Wu2010;0.188: Wu2011;0.223: Steinhardt2018;0.225: Kwon2018;0.284: Bricault2019;0.284: Chuang2013;0.284: Georgiev2013_dataset2;0.284: Kwon2021_dataset1;0.284: Rudicell2014;0.3: Sastry2023_dataset1;0.322: Bonsignori2016;0.322: Bricault2019_dataset2;0.341: Xu2017;0.393: Zhang2022_dataset1;0.394: Kong2016a-dataset1;0.40600: Doria-Rose2016;0.4180: Liu2019,0.75604,0.379: Doria-Rose2012;0.379: Huang2012a;0.379: McLellan2011;0.38: Liao2013;0.715: Steinhardt2018;0.783: Kwon2018;0.839: Wu2010;0.839: Wu2011;0.911: Kong2016a-dataset1;0.963: Xu2017;0.9780: Liu2019;1.184: Kwon2021_dataset1;1.184: Zhang2022_dataset1;1.22000: Doria-Rose2016;1.26: Rudicell2014
288_38,,C,chronic,CCR5,ETHIOPIA,2002,JQ362421,"288, 288.38",Yes,288,panel,HIV-1,C.ET.2002.288_38.JQ362421,1.19567,0.468: Bricault2019;0.468: Chuang2013;0.468: Georgiev2013_dataset2;0.468: Rudicell2014;0.767: Kwon2018;0.992: Falkowska2012;0.992: Georgiev2013_dataset3;0.992: Wu2010;0.992: Wu2011;1.1100: Liu2019;1.24: Kwon2021_dataset1;1.38: Steinhardt2018;1.49: Bonsignori2016;1.49: Bricault2019_dataset2;1.52: Doria-Rose2012;1.52: Georgiev2013_dataset1;1.52: Huang2012a;1.52: Huang2016a_dataset1;1.52: Liao2013;1.52: McLellan2011;1.804: Zhang2022_dataset1;1.84: Xu2017;1.89: Kwon2015;2.01: Kong2016a-dataset1;3.73000: Doria-Rose2016,4.91156,3.46: Steinhardt2018;3.51: Kwon2018;4: Wu2010;4: Wu2011;4.1500: Liu2019;4.37: Rudicell2014;5.29: Kong2016a-dataset1;5.34: Xu2017;5.782: Kwon2021_dataset1;5.782: Zhang2022_dataset1;5.86: Doria-Rose2012;5.86: Huang2012a;5.86: Liao2013;5.86: McLellan2011;5.95000: Doria-Rose2016
2891391_A2_E1,2,C,acute,,SOUTH AFRICA,2007,HQ615955,,Yes,2891391,panel,HIV-1,C.ZA.2007.2891391_A2_E1.HQ615955,1.16,1.16: Bricault2019_dataset1;1.16: Wagh2016,7.71,7.71: Wagh2016
2969249,2,C,<3mo,,SOUTH AFRICA,2007,HQ595766,,Yes,2969249,panel,HIV-1,C.ZA.2007.2969249.HQ595766,1.37,1.37: Bricault2019_dataset1;1.37: Wagh2016,UD,>10: Wagh2016
2_11_J16,,C,chronic,,INDIA,2011,OQ565560,,Yes,IVC2,non-panel,HIV-1,C.IN.2011.2_11_J16.OQ565560,0.05,0.05: Mullick2021,-,
2_3_J17,,C,chronic,CCR5,INDIA,2007,GU945309,2-3.J17,Yes,IVC2,non-panel,HIV-1,C.IN.2007.2_3_J17.GU945309,0.09,0.09: Mullick2021,-,
2_3_J4,,C,chronic,CCR5,INDIA,2007,GU945307,2-3.J4,Yes,IVC2,non-panel,HIV-1,C.IN.2007.2_3_J4.GU945307,0.1,0.1: Mullick2021,-,
2_3_J7,,C,chronic,CCR5,INDIA,2007,GU945308,2-3.J7,Yes,IVC2,non-panel,HIV-1,C.IN.2007.2_3_J7.GU945308,0.08,0.08: Mullick2021,-,
2_5_J11,,C,chronic,CCR5,INDIA,2007,GU945312,,Yes,IVC2,non-panel,HIV-1,C.IN.2007.2_5_J11.GU945312,0.08,0.08: Mullick2021,-,
2_5_J3,,C,chronic,CCR5,INDIA,2007,GU945311,,Yes,IVC2,non-panel,HIV-1,C.IN.2007.2_5_J3.GU945311,0.17,0.17: Mullick2021,-,
2_7_J1,,C,chronic,,INDIA,2008,OQ565558,,Yes,IVC2,non-panel,HIV-1,C.IN.2008.2_7_J1.OQ565558,0.6,0.6: Mullick2021,-,
2_J9,,C,<12mo,CCR5,INDIA,2006,EU908215,,Yes,IVC2,non-panel,HIV-1,C.IN.2006.2_J9.EU908215,0.37,0.37: Mullick2021,-,
3016_V5_C45,2,D,acute,,TANZANIA,2005,HM215283,"3016, 3016.v5.c45",Yes,3016,panel,HIV-1,D.TZ.2005.3016_V5_C45.HM215283,0.13618,0.058: Zhang2019a;0.066: Jardine2016a;0.068: Umotoy2019_dataset2;0.097: Kwon2018;0.106: Xu2017;0.106: Zhang2022_dataset1;0.1080: Liu2019;0.111: Doria-Rose2012;0.111: Huang2012a;0.111: Huang2016a_dataset1;0.111: McLellan2011;0.115: Kwon2015;0.117: Steinhardt2018;0.123: Kwon2021_dataset1;0.13: Kong2016a-dataset1;0.155: Bonsignori2016;0.155: Bricault2019_dataset2;0.16: McCoy2012;0.16: Scheid2011;0.16: Wu2010;0.16: Wu2011;0.17200: Doria-Rose2016;0.193: Bricault2019;0.193: Chuang2013;0.193: Rudicell2014;0.308: Bricault2019_dataset3;0.308: Hraber2014;0.308: Wagh2018,0.35617,0.223: Zhang2019a;0.227: Kwon2018;0.2500: Liu2019;0.252: Steinhardt2018;0.273: Xu2017;0.2914: Kwon2021_dataset1;0.2914: Zhang2022_dataset1;0.3: Kong2016a-dataset1;0.341: Doria-Rose2012;0.341: Huang2012a;0.341: McLellan2011;0.396: Doria-Rose2016;0.42: Scheid2011;0.42: Wu2010;0.42: Wu2011;0.494: Rudicell2014;0.817: Hraber2014;0.817: Wagh2018
304_F2_1_11,2,C,<12mo,,TANZANIA,2001,HM215286,,Yes,304,panel,HIV-1,C.TZ.2001.304_F2_1_11.HM215286,0.42,0.42: Bricault2019_dataset1;0.42: Wagh2016,1.6,1.6: Wagh2016
3103_V3_C10,2,A1CD,<12mo,,TANZANIA,2004,HM215288,"3103, 3103.v3.c10",Yes,3103,panel,HIV-1,A1CD.TZ.2004.3103_V3_C10.HM215288,1.39265,0.93: Doria-Rose2012;0.93: Scheid2011;0.93: Wu2010;1.3: Umotoy2019_dataset2;1.53: Zhang2019a;2.52: Bricault2019_dataset3;2.52: Hraber2014,3.63425,2.49: Doria-Rose2012;2.5: Scheid2011;2.5: Wu2010;6.21: Zhang2019a;6.56: Hraber2014
3168_V4_C10,2,C,<12mo,,TANZANIA,2005,HM215289,"3168, 3168.v4.c10, 3168.V4.C10",Yes,3168,panel,HIV-1,C.TZ.2005.3168_V4_C10.HM215289,0.16444,0.1: Bricault2019_dataset1;0.1: Wagh2016;0.129: Steinhardt2018;0.13: Liao2013;0.131: Doria-Rose2012;0.131: Huang2012a;0.131: Huang2016a_dataset1;0.131: McLellan2011;0.131: Wu2011;0.135: Xu2017;0.139: Kwon2021_dataset1;0.143: Kong2016a-dataset1;0.166: Bricault2019;0.166: Chuang2013;0.166: Rudicell2014;0.175: Zhang2022_dataset1;0.1870: Liu2019;0.199: Kwon2018;0.21500: Doria-Rose2016;0.215: Kwon2015;0.255: Bonsignori2016;0.255: Bricault2019_dataset2;0.289: Zhou2017;0.34: Ofek2014,0.36442,0.279: Doria-Rose2012;0.279: Huang2012a;0.279: McLellan2011;0.279: Wu2011;0.28: Liao2013;0.325: Steinhardt2018;0.34: Wagh2016;0.344: Xu2017;0.4030: Liu2019;0.409: Kong2016a-dataset1;0.43: Kwon2018;0.4392: Kwon2021_dataset1;0.4392: Zhang2022_dataset1;0.442: Rudicell2014;0.449: Zhou2017;0.55300: Doria-Rose2016
3168_V4_C10_K651N,2,C,<12mo,,TANZANIA,2005,,3168.v4.c10.K651N.SG3,Yes,3168,mutant,HIV-1,C.TZ.2005.3168_V4_C10_K651N.,0.251,0.251: Ofek2014,-,
318_AT_SGA1,,C,chronic,,SOUTH AFRICA,2018,OP121491,,Yes,318,non-panel,HIV-1,C.ZA.2018.318_AT_SGA1.OP121491,1.887,1.887: Mandizvo2022,-,
318_AT_SGA8,,C,chronic,,SOUTH AFRICA,2018,OP121495,,Yes,318,non-panel,HIV-1,C.ZA.2018.318_AT_SGA8.OP121495,0.77,0.770: Mandizvo2022,-,
318_BT_SGA1,,C,chronic,,SOUTH AFRICA,2016,OP121496,,Yes,318,non-panel,HIV-1,C.ZA.2016.318_BT_SGA1.OP121496,0.06,0.060: Mandizvo2022,-,
318_BT_SGA4,,C,chronic,,SOUTH AFRICA,2016,OP121499,,Yes,318,non-panel,HIV-1,C.ZA.2016.318_BT_SGA4.OP121499,0.01,0.010: Mandizvo2022,-,
318_BT_SGA5,,C,chronic,,SOUTH AFRICA,2016,OP121500,,Yes,318,non-panel,HIV-1,C.ZA.2016.318_BT_SGA5.OP121500,0.04,0.040: Mandizvo2022,-,
318_TF_SGA2,,C,acute,,SOUTH AFRICA,2014,OP121502,,Yes,318,non-panel,HIV-1,C.ZA.2014.318_TF_SGA2.OP121502,0.92,0.920: Mandizvo2022,-,
329_14_B1,2,C,chronic,,INDIA,2014,MK076593,329.14.B1,Yes,AIIMS_329,non-panel,HIV-1,C.IN.2014.329_14_B1.MK076593,0.59,0.59: Mishra2019,-,
329_14_B4,2,C,chronic,,INDIA,2014,MK076596,329.14.B4,Yes,AIIMS_329,non-panel,HIV-1,C.IN.2014.329_14_B4.MK076596,1.25,1.25: Mishra2019,-,
329_15_A1,2,C,chronic,,INDIA,2015,MK076610,329.15.A1,Yes,AIIMS_329,non-panel,HIV-1,C.IN.2015.329_15_A1.MK076610,5.62,5.62: Mishra2019,-,
329_15_B1,2,C,chronic,,INDIA,2015,MK076614,329.15.B1,Yes,AIIMS_329,non-panel,HIV-1,C.IN.2015.329_15_B1.MK076614,UD,>10: Mishra2019,-,
329_16_C1,2,C,chronic,,INDIA,2016,MK076647,329.16.C1,Yes,AIIMS_329,non-panel,HIV-1,C.IN.2016.329_16_C1.MK076647,2.56,2.56: Mishra2019,-,
329_16_D5,2,C,chronic,,INDIA,2016,MK076655,329.16.D5,Yes,AIIMS_329,non-panel,HIV-1,C.IN.2016.329_16_D5.MK076655,3.68,3.68: Mishra2019,-,
3301_V1_C24,2,C,acute,,TANZANIA,2003,HM215294,"3301, 3301.v1.c24, 3301.V1.C24",Yes,3301,panel,HIV-1,C.TZ.2003.3301_V1_C24.HM215294,0.12071,0.08: Jardine2016a;0.084: Doria-Rose2012;0.084: Huang2012a;0.084: Huang2016a_dataset1;0.084: McLellan2011;0.09: Kwon2018;0.09: Kwon2021_dataset1;0.095: Steinhardt2018;0.097: Bonsignori2016;0.097: Bricault2019_dataset2;0.105: Xu2017;0.112: Zhang2019a;0.114: Kwon2015;0.1140: Liu2019;0.121: Zhang2022_dataset1;0.134: Kong2016a-dataset1;0.14: Scheid2011;0.14: Umotoy2019_dataset2;0.14: Wu2010;0.14: Wu2011;0.155: Bricault2019;0.155: Chuang2013;0.155: Rudicell2014;0.16300: Doria-Rose2016;0.283: Bricault2019_dataset3;0.283: Hraber2014,0.31037,0.188: Doria-Rose2012;0.188: Huang2012a;0.188: McLellan2011;0.223: Steinhardt2018;0.249: Kwon2018;0.285: Xu2017;0.303: Kong2016a-dataset1;0.3200: Liu2019;0.32: Scheid2011;0.32: Wu2010;0.32: Wu2011;0.3338: Kwon2021_dataset1;0.3338: Zhang2022_dataset1;0.43100: Doria-Rose2016;0.432: Rudicell2014;0.463: Zhang2019a;0.717: Hraber2014
3305_BM_C1,,C,,,MALAWI,2008,HM070604,3305_bmC1,Yes,714903305,non-panel,HIV-1,C.MW.2008.3305_BM_C1.HM070604,2.93,2.93: Fouda2013,-,
3305_BM_C11,,C,,,MALAWI,2008,HM070606,3305_bmC11,Yes,714903305,non-panel,HIV-1,C.MW.2008.3305_BM_C11.HM070606,1.17,1.17: Fouda2013,-,
3305_BM_C9,,C,,,MALAWI,2008,HM070612,3305_bmC9,Yes,714903305,non-panel,HIV-1,C.MW.2008.3305_BM_C9.HM070612,3.47,3.47: Fouda2013,-,
3305_BM_F4,,C,,,MALAWI,2008,HM070618,3305_bmF4,Yes,714903305,non-panel,HIV-1,C.MW.2008.3305_BM_F4.HM070618,5.47,5.47: Fouda2013,-,
3305_BM_F6,,C,,,MALAWI,2008,HM070620,3305_bmF6,Yes,714903305,non-panel,HIV-1,C.MW.2008.3305_BM_F6.HM070620,2.21,2.21: Fouda2013,-,
330_14_A12,2,C,chronic,,INDIA,2014,MK076674,330.14.A12,Yes,AIIMS_330,non-panel,HIV-1,C.IN.2014.330_14_A12.MK076674,UD,>10: Mishra2019,-,
330_14_A20,2,C,chronic,,INDIA,2014,MK076682,330.14.A20,Yes,AIIMS_330,non-panel,HIV-1,C.IN.2014.330_14_A20.MK076682,UD,>10: Mishra2019,-,
330_15_C36,2,C,chronic,,INDIA,2015,MK076700,330.15.C36,Yes,AIIMS_330,non-panel,HIV-1,C.IN.2015.330_15_C36.MK076700,UD,>10: Kumar2019;>10: Mishra2019,-,
330_15_D36,2,C,chronic,,INDIA,2015,MK076705,330.15.D36,Yes,AIIMS_330,non-panel,HIV-1,C.IN.2015.330_15_D36.MK076705,UD,>10: Kumar2019;>10: Mishra2019,-,
330_15_E36,,C,chronic,,INDIA,2015,MK076706,330.15.E36,Yes,AIIMS_330,non-panel,HIV-1,C.IN.2015.330_15_E36.MK076706,UD,>10: Kumar2019;>10: Mishra2019,-,
330_16_A2,2,C,chronic,,INDIA,2016,MK076707,330.16.A2,Yes,AIIMS_330,non-panel,HIV-1,C.IN.2016.330_16_A2.MK076707,UD,>10: Kumar2019;>10: Mishra2019,-,
330_16_D4,2,C,chronic,,INDIA,2016,MK076712,330.16.D4,Yes,AIIMS_330,non-panel,HIV-1,C.IN.2016.330_16_D4.MK076712,UD,>10: Kumar2019;>10: Mishra2019,-,
330_16_E6,,C,chronic,,INDIA,2016,MK076720,330.16.E6,Yes,AIIMS_330,non-panel,HIV-1,C.IN.2016.330_16_E6.MK076720,1.6315,1.63: Mishra2019;1.633: Kumar2019,-,
330_16_H2,,C,chronic,,INDIA,2016,MK076724,330.16.H2,Yes,AIIMS_330,non-panel,HIV-1,C.IN.2016.330_16_H2.MK076724,UD,>10: Kumar2019;>10: Mishra2019,-,
3312_D6_2,2,C,<3mo,,BOTSWANA,2005,KC154014,"3312_D6.2, B003312_D6.2",Yes,B003312,panel,HIV-1,C.BW.2005.3312_D6_2.KC154014,0.18,0.18: Bricault2019_dataset1;0.18: Wagh2016,0.81,0.81: Wagh2016
3326_V4_C3,,CD,<12mo,,TANZANIA,2005,HM215296,"3326, 3326.v4.c3, 3326.V4.C3",Yes,3326,panel,HIV-1,CD.TZ.2005.3326_V4_C3.HM215296,0.075356,0.044: Kwon2015;0.05: Kwon2018;0.057: Xu2017;0.068: Bonsignori2016;0.068: Bricault2019_dataset2;0.069: Kwon2021_dataset1;0.0700: Liu2019;0.073: Doria-Rose2012;0.073: Huang2012a;0.073: Huang2016a_dataset1;0.073: McLellan2011;0.0752: Zhang2022_dataset1;0.087: Bricault2019;0.087: Chuang2013;0.087: Rudicell2014;0.08800: Doria-Rose2016;0.094: Kong2016a-dataset1;0.1: Wu2010;0.1: Wu2011;0.107: Steinhardt2018,2.94795,0.713: Xu2017;0.947: Kwon2018;1.7378: Kwon2021_dataset1;1.7378: Zhang2022_dataset1;2.09: Rudicell2014;2.3: Wu2010;2.3: Wu2011;2.3100: Liu2019;2.33: Kong2016a-dataset1;2.98: Steinhardt2018;15.2: Doria-Rose2012;15.2: Huang2012a;15.2: McLellan2011;>50: Doria-Rose2016
3337_V2_C6,,CD,<12mo,,TANZANIA,2004,HM215297,"3337, 3337.v2.c6, 3337.V2.C6",Yes,3337,panel,HIV-1,CD.TZ.2004.3337_V2_C6.HM215297,0.072536,0.026: Bricault2019;0.026: Chuang2013;0.026: Rudicell2014;0.051: Xu2017;0.063: Doria-Rose2012;0.063: Huang2012a;0.063: Huang2016a_dataset1;0.063: McLellan2011;0.074: Kwon2015;0.0860: Liu2019;0.09: Bonsignori2016;0.09: Bricault2019_dataset2;0.092: Kwon2018;0.0978: Zhang2022_dataset1;0.10000: Doria-Rose2016;0.104: Kong2016a-dataset1;0.105: Steinhardt2018;0.116: Kwon2021_dataset1;0.14: Wu2010;0.14: Wu2011,0.21616,0.133: Doria-Rose2012;0.133: Huang2012a;0.133: McLellan2011;0.181: Rudicell2014;0.19300: Doria-Rose2016;0.211: Steinhardt2018;0.218: Xu2017;0.238: Kwon2018;0.2470: Liu2019;0.2614: Kwon2021_dataset1;0.2614: Zhang2022_dataset1;0.277: Kong2016a-dataset1;0.34: Wu2010;0.34: Wu2011
3365_V2_C20,2,A1,<12mo,,TANZANIA,2004,HM215298,"3365.v2.c2, 3365_V2_C2, 3365.v2.c20",Yes,3365,panel,HIV-1,A1.TZ.2004.3365_V2_C20.HM215298,0.048655,0.025: Bricault2019;0.025: Chuang2013;0.025: Rudicell2014;0.03: Bonsignori2016;0.03: Bricault2019_dataset2;0.0500: Liu2019;0.051: Xu2017;0.06: Kwon2021_dataset1;0.06: Scheid2011;0.06: Steinhardt2018;0.06: Wu2010;0.06: Wu2011;0.0682: Zhang2022_dataset1;0.073: Kong2016a-dataset1;0.074: Kwon2018;0.09600: Doria-Rose2016,0.16464,0.125: Steinhardt2018;0.14: Rudicell2014;0.1410: Liu2019;0.16: Xu2017;0.17: Scheid2011;0.17: Wu2010;0.17: Wu2011;0.18100: Doria-Rose2016;0.1812: Kwon2021_dataset1;0.1812: Zhang2022_dataset1;0.185: Kwon2018;0.186: Kong2016a-dataset1
3415_V1_C1,2,A1,<12mo,,TANZANIA,2003,HM215299,3415.v1.c1,Yes,3415,panel,HIV-1,A1.TZ.2003.3415_V1_C1.HM215299,0.088359,0.06: Scheid2011;0.06: Wu2010;0.06: Wu2011;0.0740: Liu2019;0.084: Bonsignori2016;0.084: Bricault2019_dataset2;0.087: Steinhardt2018;0.089: Kwon2015;0.09: Liao2013;0.091: Kwon2021_dataset1;0.092: Doria-Rose2012;0.092: Huang2012a;0.092: Huang2016a_dataset1;0.092: McLellan2011;0.095: Kong2016a-dataset1;0.095: Kwon2018;0.0956: Zhang2022_dataset1;0.098: Xu2017;0.105: Bricault2019;0.105: Chuang2013;0.105: Rudicell2014;0.13100: Doria-Rose2016,0.2285,0.15: Scheid2011;0.15: Wu2010;0.15: Wu2011;0.177: Steinhardt2018;0.2350: Liu2019;0.238: Kong2016a-dataset1;0.245: Xu2017;0.25: Kwon2021_dataset1;0.25: Zhang2022_dataset1;0.256: Doria-Rose2012;0.256: Huang2012a;0.256: McLellan2011;0.26: Liao2013;0.268: Kwon2018;0.29700: Doria-Rose2016;0.311: Rudicell2014
3426_V5_C17,2,C,<12mo,,TANZANIA,2005,HM215300,"3426.5.17, 3426.v5.c17",Yes,3426,panel,HIV-1,C.TZ.2005.3426_V5_C17.HM215300,0.26,0.26: Bricault2019_dataset1;0.26: Wagh2016,1.4,1.4: Wagh2016
3468_V1_C12,,A1D,<12mo,,TANZANIA,2003,HM215301,"3468, 3468-v1.c12, 3468.v1.c12, 3468.V1.C12",Yes,3468,panel,HIV-1,A1D.TZ.2003.3468_V1_C12.HM215301,0.051967,0.035: Kwon2018;0.04: Doria-Rose2012;0.04: Huang2012a;0.04: Huang2016a_dataset1;0.04: McLellan2011;0.042: Kwon2015;0.05: Bonsignori2016;0.05: Bricault2019_dataset2;0.05: Wu2010;0.05: Wu2011;0.05500: Doria-Rose2016;0.058: Steinhardt2018;0.0594: Zhang2022_dataset1;0.0610: Liu2019;0.062: Xu2017;0.063: Bricault2019;0.063: Chuang2013;0.063: Rudicell2014;0.068: Kong2016a-dataset1;0.072: Kwon2021_dataset1,0.14999,0.117: Steinhardt2018;0.121: Doria-Rose2012;0.121: Huang2012a;0.121: McLellan2011;0.148: Kwon2018;0.15: Xu2017;0.1570: Liu2019;0.1648: Kwon2021_dataset1;0.1648: Zhang2022_dataset1;0.168: Rudicell2014;0.17: Wu2010;0.17: Wu2011;0.17100: Doria-Rose2016;0.179: Kong2016a-dataset1
346_F4_D2_12,1B,C,<12mo,,TANZANIA,2001,HM215302,,Yes,346,panel,HIV-1,C.TZ.2001.346_F4_D2_12.HM215302,0.81,0.81: Bricault2019_dataset1;0.81: Wagh2016,6.63,6.63: Wagh2016
3514597,2,C,<3mo,,SOUTH AFRICA,2007,HQ595759,,Yes,3514597,panel,HIV-1,C.ZA.2007.3514597.HQ595759,0.5,0.5: Bricault2019_dataset1;0.5: Wagh2016,2.28,2.28: Wagh2016
3545883_G1_E1,2,C,<3mo,,SOUTH AFRICA,2007,HQ615942,,Yes,3545883,panel,HIV-1,C.ZA.2007.3545883_G1_E1.HQ615942,0.69,0.69: Bricault2019_dataset1;0.69: Wagh2016,2.35,2.35: Wagh2016
356272_C02,,01_AE,acute,CCR5,THAILAND,2005,JN944654,"356272, 356272.02, 356272.c02",Yes,356272,panel,HIV-1,01_AE.TH.2005.356272_C02.JN944654,0.76,0.76: Chenine2018,-,
3589_V1_C4,,A1C,<12mo,,TANZANIA,2003,HM215304,"3589, 3589.v1.c4, 3589.V1.C4",Yes,3589,panel,HIV-1,A1C.TZ.2003.3589_V1_C4.HM215304,0.087179,0.047: Bonsignori2016;0.047: Bricault2019_dataset2;0.0550: Liu2019;0.062: Kwon2015;0.065: Kwon2018;0.0704: Zhang2022_dataset1;0.073: Doria-Rose2012;0.073: Huang2012a;0.073: Huang2016a_dataset1;0.073: McLellan2011;0.076: Kwon2021_dataset1;0.081: Steinhardt2018;0.113: Xu2017;0.12: Wu2010;0.12: Wu2011;0.132: Bricault2019;0.132: Chuang2013;0.132: Rudicell2014;0.16200: Doria-Rose2016;0.176: Kong2016a-dataset1,0.2751,0.184: Doria-Rose2012;0.184: Huang2012a;0.184: McLellan2011;0.199: Steinhardt2018;0.218: Kwon2018;0.23: Kwon2021_dataset1;0.23: Zhang2022_dataset1;0.2500: Liu2019;0.302: Xu2017;0.348: Rudicell2014;0.38500: Doria-Rose2016;0.445: Kong2016a-dataset1;0.47: Wu2010;0.47: Wu2011
3603_C11_13,2,C,acute,,BOTSWANA,2006,KC154015,"3603_C11.13, B003603.c11.13",Yes,B003603,panel,HIV-1,C.BW.2006.3603_C11_13.KC154015,0.31,0.31: Bricault2019_dataset1;0.31: Wagh2016,0.98,0.98: Wagh2016
3637_V5_C3,3,C,<12mo,,TANZANIA,2005,HM215305,"3637, 3637.v5.c3, 3637.V5.C3",Yes,3637,panel,HIV-1,C.TZ.2005.3637_V5_C3.HM215305,3.33022,1.45: Bonsignori2016;1.45: Bricault2019_dataset2;1.97: Steinhardt2018;2.73: Kwon2021_dataset1;2.75: Kong2016a-dataset1;2.98: Zhang2022_dataset1;3.0100: Liu2019;3.05: Bricault2019_dataset1;3.05: Wagh2016;3.35: Kwon2015;3.36: Kwon2018;3.49: Xu2017;4.09: Doria-Rose2012;4.09: Gardner2015;4.09: Huang2012a;4.09: Huang2016a_dataset1;4.09: Liao2013;4.09: McLellan2011;4.1: Wu2011;4.6: Bricault2019;4.6: Chuang2013;4.6: Rudicell2014;5.46000: Doria-Rose2016,9.65654,6.17: Steinhardt2018;7.7500: Liu2019;7.91: Kwon2018;8.25: Kong2016a-dataset1;8.912: Kwon2021_dataset1;8.912: Zhang2022_dataset1;9.49000: Doria-Rose2016;9.6: Xu2017;11: Doria-Rose2012;11: Gardner2015;11: Huang2012a;11: Liao2013;11: McLellan2011;11: Wu2011;14.8: Rudicell2014;>10: Wagh2016
3718_3_11,2,A1,acute,,TANZANIA,2004,HM215306,"3718, 3718.v3.c11, 3718_V3_C11",Yes,3718,panel,HIV-1,A1.TZ.2004.3718_3_11.HM215306,0.32087,0.165: Bonsignori2016;0.165: Bricault2019_dataset2;0.183: Kwon2015;0.188: Bricault2019;0.188: Chuang2013;0.188: Rudicell2014;0.203: Kwon2018;0.218: Doria-Rose2012;0.218: Gardner2015;0.218: Huang2012a;0.218: Huang2016a_dataset1;0.218: McLellan2011;0.22: Liao2013;0.325: Kong2016a-dataset1;0.355: Kwon2021_dataset1;0.361: Xu2017;0.3806: Zhang2022_dataset1;0.3980: Liu2019;0.411: Steinhardt2018;0.48600: Doria-Rose2016;0.895: Wagh2018;1.2: McCoy2012;1.2: Wu2010;1.2: Wu2011,7.53757,3.39: Kwon2018;3.77: Rudicell2014;4.99: Doria-Rose2012;4.99: Gardner2015;4.99: Huang2012a;4.99: Liao2013;4.99: McLellan2011;5.58: Steinhardt2018;7.84: Kong2016a-dataset1;8.09: Xu2017;12.10000: Doria-Rose2016;18.75: Kwon2021_dataset1;18.75: Zhang2022_dataset1;32.1000: Liu2019;>25: Wagh2018;>50: Wu2010;>50: Wu2011
3728_V2_C6,2,C,<3mo,,TANZANIA,2004,HM215307,"3728.V2.66, 3728.v2.c6",Yes,3728,panel,HIV-1,C.TZ.2004.3728_V2_C6.HM215307,0.06,0.06: Bricault2019_dataset1;0.06: Wagh2016,0.21,0.21: Wagh2016
377_V4_C09,2,C,<12mo,,TANZANIA,2004,HM215308,"0377.v4.c09, 377.4.09, 377.v4.c09, 377.v4.c9",Yes,377,panel,HIV-1,C.TZ.2004.377_V4_C09.HM215308,2.26,2.26: Bricault2019_dataset1;2.26: Wagh2016,UD,>10: Wagh2016
3817_V2_C59,2,CD,<12mo,,TANZANIA,2004,HM215310,"3817, 3817.V2, 3817.v2.c59",Yes,3817,panel,HIV-1,CD.TZ.2004.3817_V2_C59.HM215310,UD,>100: Umotoy2019_dataset2;>50: Bonsignori2016;>50: Bricault2019;>50: Bricault2019_dataset2;>50: Bricault2019_dataset3;>50: Chuang2013;>50: Doria-Rose2012;>50: Doria-Rose2016;>50: Gardner2015;>50: Hraber2014;>50: Huang2012a;>50: Huang2016a_dataset1;>50: Kong2016;>50: Kong2016a-dataset1;>50: Kwon2015;>50: Kwon2018;>50: Kwon2021_dataset1;>50: Liu2019;>50: McLellan2011;>50: Rudicell2014;>50: Scheid2011;>50: Steinhardt2018;>50: Wu2010;>50: Wu2011;>50: Xu2017;>50: Zhang2019a;>50: Zhang2022_dataset1,UD,>50: Doria-Rose2012;>50: Doria-Rose2016;>50: Gardner2015;>50: Hraber2014;>50: Huang2012a;>50: Kong2016a-dataset1;>50: Kwon2018;>50: Kwon2021_dataset1;>50: Liu2019;>50: McLellan2011;>50: Rudicell2014;>50: Scheid2011;>50: Steinhardt2018;>50: Wu2010;>50: Wu2011;>50: Xu2017;>50: Zhang2019a;>50: Zhang2022_dataset1
3873_V1_C24,2,C,<12mo,,TANZANIA,2003,HM215311,"3873, 3873.v1.c24, 3873.V1.C24",Yes,3873,panel,HIV-1,C.TZ.2003.3873_V1_C24.HM215311,0.95444,0.495: Bricault2019;0.495: Chuang2013;0.495: Rudicell2014;0.791: Bonsignori2016;0.791: Bricault2019_dataset2;0.8910: Liu2019;0.899: Kwon2015;0.95: Liao2013;0.954: Doria-Rose2012;0.954: Huang2012a;0.954: Huang2016a_dataset1;0.954: McLellan2011;0.954: Wu2011;1.0792: Zhang2022_dataset1;1.11: Kwon2018;1.13: Bricault2019_dataset1;1.13: Wagh2016;1.19: Xu2017;1.21: Kong2016a-dataset1;1.33: Kwon2021_dataset1;2.81: Steinhardt2018,1.59514,0.326: Doria-Rose2012;0.326: Huang2012a;0.326: McLellan2011;0.326: Wu2011;0.33: Liao2013;2.7500: Liu2019;2.76: Xu2017;3.32: Kwon2021_dataset1;3.32: Zhang2022_dataset1;3.76: Kwon2018;3.85: Kong2016a-dataset1;4.67: Wagh2016;4.7: Rudicell2014;6.97: Steinhardt2018
3988_25,2,B,<12mo,CCR5,UNITED STATES,1995,AY835436,"3988, 3988.25, SVPB3",Yes,3988-P46,panel,HIV-1,B.US.1995.3988_25.AY835436,0.67345,0.22: Falkowska2012;0.22: Georgiev2013_dataset3;0.22: Wu2010;0.22: Wu2011;0.362: Kwon2021_dataset1;0.369: Bonsignori2016;0.369: Bricault2019_dataset2;0.4616: Zhang2022_dataset1;0.472: Kwon2018;0.494: Steinhardt2018;0.5: Kwon2015;0.515: Sastry2023_dataset1;0.552: Bricault2019;0.552: Chuang2013;0.552: Georgiev2013_dataset2;0.552: Rudicell2014;0.5540: Liu2019;0.562: Kong2016a-dataset1;0.596: Xu2017;0.74700: Doria-Rose2016;2.1: Doria-Rose2012;2.1: Gardner2015;2.1: Georgiev2013_dataset1;2.1: Georgiev2013_dataset4;2.1: Huang2012a;2.1: Huang2016a_dataset1;2.1: Liao2013;2.1: McLellan2011,1.3254,1.12: Steinhardt2018;1.13: Kwon2018;1.2: Wu2010;1.2: Wu2011;1.2028: Kwon2021_dataset1;1.2028: Zhang2022_dataset1;1.25: Xu2017;1.29: Kong2016a-dataset1;1.46000: Doria-Rose2016;1.4700: Liu2019;2.43: Rudicell2014;>50: Doria-Rose2012;>50: Gardner2015;>50: Georgiev2013_dataset4;>50: Huang2012a;>50: Liao2013;>50: McLellan2011
398_F1_F6_20,2,A1,<3mo,,TANZANIA,,HM215312,"389-F1, 398, 398-F1, 398.F1, 398_F1, 398F1, 398_F1_F5_20, 398-F1.F6.20, 398-F1_F6_20",Yes,398,panel,HIV-1,A1.TZ..398_F1_F6_20.HM215312,0.15339,0.058: Doria-Rose2012;0.058: Huang2012a;0.058: Huang2016a_dataset1;0.058: McLellan2011;0.06: Liao2013;0.08: Qiao2016;0.08: Sun2017;0.102: Steinhardt2018;0.121: Bonsignori2018_dataset1;0.14: Yin2021;0.148: Bricault2019;0.148: Chuang2013;0.148: Rudicell2014;0.15: Richardson2021;0.17: Webb2015;0.177: Kong2016a-dataset1;0.181: Bonsignori2016;0.181: Bricault2019_dataset2;0.1841: Wu2018_dataset1;0.1841: Wu2018_dataset3;0.193: Kwon2018;0.2: Decamp2014;0.2238: Zhang2022_dataset1;0.246: Kwon2021_dataset1;0.254: Wagh2018;0.2620: Liu2019;0.27: Wu2010;0.27: Wu2011;0.328: Xu2017;0.34: Bonsignori2018_dataset2;0.41: Kong2016,0.54804,0.32: Doria-Rose2012;0.32: Huang2012a;0.32: Liao2013;0.32: McLellan2011;0.46: Bonsignori2018_dataset1;0.479: Steinhardt2018;0.51: Webb2015;0.531: Kwon2018;0.622: Rudicell2014;0.7058: Kwon2021_dataset1;0.7058: Zhang2022_dataset1;0.7140: Liu2019;0.722: Xu2017;0.74: Wu2010;0.74: Wu2011;0.763: Kong2016a-dataset1;0.869: Wagh2018
3_3_J9,,A1C,chronic,CCR5,INDIA,2007,GU945313,3-3.J9,Yes,IVC3,non-panel,HIV-1,A1C.IN.2007.3_3_J9.GU945313,0.17,0.17: Mullick2021,-,
3_5_J25,,A1C,chronic,CCR5,INDIA,2007,GU945314,3-5.J25,Yes,IVC3,non-panel,HIV-1,A1C.IN.2007.3_5_J25.GU945314,0.11,0.11: Mullick2021,-,
3_5_J38,,A1C,chronic,CCR5,INDIA,2007,GU945315,3-5.J38,Yes,IVC3,non-panel,HIV-1,A1C.IN.2007.3_5_J38.GU945315,0.2,0.2: Mullick2021,-,
3_J16,,A1C,<12mo,CCR5,INDIA,2006,EU908217,,Yes,IVC3,non-panel,HIV-1,A1C.IN.2006.3_J16.EU908217,0.06,0.06: Mullick2021,-,
40061_V03_08,,01_AE,acute,CCR5,THAILAND,2009,KY580548,40061,Yes,40061,panel,HIV-1,01_AE.TH.2009.40061_V03_08.KY580548,3.2,3.2: Chenine2018,-,
40100_V01_09,,01_AE,acute,CCR5,THAILAND,2010,KY580588,"40100Mj, 40100v01.09",Yes,40100,panel,HIV-1,01_AE.TH.2010.40100_V01_09.KY580588,19.05,19.05: Chenine2018,-,
40100_V01_MN01,,01_AE,acute,CCR5,THAILAND,2010,MF622080,40100mn,Yes,40100,panel,HIV-1,01_AE.TH.2010.40100_V01_MN01.MF622080,0.011,0.011: Bricault2019_dataset2;>25: Chenine2018,-,
40436V09_03,,01_AE,acute T/F,CCR5,THAILAND,2011,KY580696,,Yes,40436,non-panel,HIV-1,01_AE.TH.2011.40436V09_03.KY580696,1.284,1.284: Marichannegowda2024,-,
40700V03_06,,01_AE,acute T/F,CXCR4,THAILAND,2013,OM826774,,Yes,40700,non-panel,HIV-1,01_AE.TH.2013.40700V03_06.OM826774,0.48,0.48: Marichannegowda2024,-,
427299_C12,,01_AE,acute,CCR5,THAILAND,2006,JN944655,"427299, 427299.12, 427299.c12",Yes,AA116,panel,HIV-1,01_AE.TH.2006.427299_C12.JN944655,UD,>25: Chenine2018,-,
434239_AA058_A04R,,01_AE,<12mo,CCR5,THAILAND,2006,JX447346,"434239, AA058a04R",Yes,AA058,panel,HIV-1,01_AE.TH.2006.434239_AA058_A04R.JX447346,UD,>25: Chenine2018,-,
4403_BM_B10,,C,,,MALAWI,2008,HM070717,4403_bmB10,Yes,714904403,non-panel,HIV-1,C.MW.2008.4403_BM_B10.HM070717,0.05,0.05: Fouda2013,-,
4403_BM_B6,,C,,,MALAWI,2008,HM070721,4403_bmB6,Yes,714904403,non-panel,HIV-1,C.MW.2008.4403_BM_B6.HM070721,0.06,0.06: Fouda2013,-,
4403_BM_C5,,C,,,MALAWI,2008,HM070724,4403_bmC5,Yes,714904403,non-panel,HIV-1,C.MW.2008.4403_BM_C5.HM070724,0.05,0.05: Fouda2013,-,
4403_BM_G1,,C,,,MALAWI,2008,HM070737,4403_bmG1,Yes,714904403,non-panel,HIV-1,C.MW.2008.4403_BM_G1.HM070737,0.13,0.13: Fouda2013,-,
4403_BM_H22,,C,,,MALAWI,2008,HM070749,4403_bmH22,Yes,714904403,non-panel,HIV-1,C.MW.2008.4403_BM_H22.HM070749,1.47,1.47: Fouda2013,-,
451_AT_SGA5,,C,<12mo,,SOUTH AFRICA,2015,OP121528,,Yes,451,non-panel,HIV-1,C.ZA.2015.451_AT_SGA5.OP121528,0.092,0.092: Mandizvo2022,-,
451_TF_SGA2,,C,acute,,SOUTH AFRICA,2015,OP121539,,Yes,451,non-panel,HIV-1,C.ZA.2015.451_TF_SGA2.OP121539,0.23,0.230: Mandizvo2022,-,
45_01DG5,,B,chronic,,UNITED STATES,2001,JQ609687,45_01dG5,Yes,NIH45,panel,HIV-1,B.US.2001.45_01DG5.JQ609687,0.020634,0.011: Bonsignori2016;0.011: Bricault2019_dataset2;0.013: Kong2016a-dataset1;0.016: Kwon2018;0.017: Xu2017;0.018: Steinhardt2018;0.022: Kwon2021_dataset1;0.024: Zhou2017;0.036: Wiehe2018;0.0372: Zhang2022_dataset1;0.0530: Liu2019,0.058454,0.041: Kwon2018;0.043: Kong2016a-dataset1;0.045: Xu2017;0.047: Steinhardt2018;0.062: Zhou2017;0.0828: Kwon2021_dataset1;0.0828: Zhang2022_dataset1;0.0860: Liu2019
45_01DG5_DELGLY3_197,,B,,,UNITED STATES,2001,,,Yes,NIH45,mutant,HIV-1,B.US.2001.45_01DG5_DELGLY3_197.,0.026,0.026: Zhou2017,0.05,0.05: Zhou2017
45_01DG5_DELGLY3_362,,B,,,UNITED STATES,2001,,,Yes,NIH45,mutant,HIV-1,B.US.2001.45_01DG5_DELGLY3_362.,0.005,0.005: Zhou2017,0.012,0.012: Zhou2017
45_01DG5_DELGLY3_463,,B,,,UNITED STATES,2001,,,Yes,NIH45,mutant,HIV-1,B.US.2001.45_01DG5_DELGLY3_463.,0.006,0.006: Zhou2017,0.012,0.012: Zhou2017
45_01DG5_DELGLY4,,B,,,UNITED STATES,2001,,,Yes,NIH45,mutant,HIV-1,B.US.2001.45_01DG5_DELGLY4.,0.001,0.001: Zhou2017,0.01,0.01: Zhou2017
4707_BM_F8,,C,,,MALAWI,2008,HM070818,4707_bmF8,Yes,714904707,non-panel,HIV-1,C.MW.2008.4707_BM_F8.HM070818,UD,>25: Fouda2013,-,
4707_BM_H2,,C,,,MALAWI,2008,HM070822,4707_bmH2,Yes,714904707,non-panel,HIV-1,C.MW.2008.4707_BM_H2.HM070822,UD,>25: Fouda2013,-,
4_2_J41,,C,chronic,CCR5,INDIA,2007,GU945316,,Yes,IVC4,non-panel,HIV-1,C.IN.2007.4_2_J41.GU945316,0.04,0.04: Mullick2021,-,
4_2_J42B,,C,chronic,CCR5,INDIA,2007,GU945318,,Yes,IVC4,non-panel,HIV-1,C.IN.2007.4_2_J42B.GU945318,0.06,0.06: Mullick2021,-,
4_2_J45,,C,chronic,CCR5,INDIA,2007,GU945317,,Yes,IVC4,non-panel,HIV-1,C.IN.2007.4_2_J45.GU945317,0.15,0.15: Mullick2021,-,
4_2_J45B,,C,chronic,,INDIA,2007,OQ565582,,Yes,IVC4,non-panel,HIV-1,C.IN.2007.4_2_J45B.OQ565582,0.05,0.05: Mullick2021,-,
4_2_J46B,,C,chronic,CCR5,INDIA,2007,GU945319,,Yes,IVC4,non-panel,HIV-1,C.IN.2007.4_2_J46B.GU945319,0.06,0.06: Mullick2021,-,
4_2_J47B,,C,chronic,CCR5,INDIA,2007,GU945320,,Yes,IVC4,non-panel,HIV-1,C.IN.2007.4_2_J47B.GU945320,0.07,0.07: Mullick2021,-,
4_5_J5,,C,chronic,CCR5,INDIA,2007,GU945321,,Yes,IVC4,non-panel,HIV-1,C.IN.2007.4_5_J5.GU945321,0.07,0.07: Mullick2021,-,
4_J2,,C,<12mo,CCR5,INDIA,2007,EU908218,,Yes,IVC4,non-panel,HIV-1,C.IN.2007.4_J2.EU908218,0.05,0.05: Mullick2021,-,
4_J22,,C,<12mo,CCR5,INDIA,2007,EU908219,,Yes,IVC4,non-panel,HIV-1,C.IN.2007.4_J22.EU908219,0.07,0.07: Mullick2021,-,
541_F1_A7_2,3,C,<12mo,,TANZANIA,2000,HQ698049,541-F1_A7_2,Yes,541,panel,HIV-1,C.TZ.2000.541_F1_A7_2.HQ698049,0.17,0.17: Bricault2019_dataset1;0.17: Wagh2016,0.6,0.6: Wagh2016
556_F2_3_25,2,C,<12mo,,TANZANIA,2001,HM215317,,Yes,556,panel,HIV-1,C.TZ.2001.556_F2_3_25.HM215317,3.32,3.32: Bricault2019_dataset1;3.32: Wagh2016,UD,>10: Wagh2016
569_F1_37_10,2,C,<12mo,,TANZANIA,2001,HM215318,569-F1_37_10,Yes,569,panel,HIV-1,C.TZ.2001.569_F1_37_10.HM215318,0.3,0.3: Bricault2019_dataset1;0.3: Wagh2016,1.52,1.52: Wagh2016
57128_VRC15,,D,chronic,CCR5,UGANDA,1998,AY736829,"57128.vrc15, 57128.vrc15.SG3, 98UG_57128, 98UG57128",Yes,57128,panel,HIV-1,D.UG.1998.57128_VRC15.AY736829,UD,>25: Wagh2018;>50: Acharya2013;>50: Bonsignori2016;>50: Bricault2019;>50: Bricault2019_dataset2;>50: Chuang2013;>50: Doria-Rose2012;>50: Doria-Rose2016;>50: Gardner2015;>50: Georgiev2013_dataset1;>50: Georgiev2013_dataset2;>50: Georgiev2013_dataset3;>50: Huang2012a;>50: Huang2016a_dataset1;>50: Kong2016;>50: Kong2016a-dataset1;>50: Kong2018;>50: Kwon2015;>50: Kwon2018;>50: Kwon2021_dataset1;>50: Kwon2021_dataset2;>50: Liu2019;>50: McLellan2011;>50: Rudicell2014;>50: Steinhardt2018;>50: Williams2017_dataset3;>50: Wu2011;>50: Xu2017;>50: Zhang2022_dataset1,UD,>25: Wagh2018;>50: Doria-Rose2012;>50: Doria-Rose2016;>50: Gardner2015;>50: Huang2012a;>50: Kong2016a-dataset1;>50: Kwon2018;>50: Kwon2021_dataset1;>50: Liu2019;>50: McLellan2011;>50: Rudicell2014;>50: Steinhardt2018;>50: Williams2017_dataset3;>50: Wu2011;>50: Xu2017;>50: Zhang2022_dataset1
5768_4,2,B,<12mo,CCR5,UNITED STATES,1995,AY835435,"5768, 5768.04, 5768_04, 5768.4, SVPB2",Yes,5768-P27,panel,HIV-1,B.US.1995.5768_4.AY835435,0.24675,0.099: Doria-Rose2012;0.099: Georgiev2013_dataset1;0.099: Georgiev2013_dataset4;0.099: Huang2012a;0.099: Huang2016a_dataset1;0.099: McLellan2011;0.1: Liao2013;0.166: Falkowska2012;0.166: Georgiev2013_dataset3;0.166: Wu2010;0.166: Wu2011;0.3490: Liu2019;0.354: Bonsignori2016;0.354: Bricault2019_dataset2;0.365: Steinhardt2018;0.389: Xu2017;0.399: Kwon2018;0.411: Bricault2019;0.411: Chuang2013;0.411: Georgiev2013_dataset2;0.411: Rudicell2014;0.419: Kwon2015;0.424: Zhang2022_dataset1;0.429: Kwon2021_dataset1;0.63900: Doria-Rose2016;0.642: Kong2016a-dataset1,1.10995,0.829: Wu2010;0.829: Wu2011;0.919: Kwon2018;0.94: Liao2013;0.942: Doria-Rose2012;0.942: Georgiev2013_dataset4;0.942: Huang2012a;0.942: McLellan2011;0.956: Steinhardt2018;1.0400: Liu2019;1.102: Kwon2021_dataset1;1.102: Zhang2022_dataset1;1.28: Xu2017;1.5: Kong2016a-dataset1;1.54000: Doria-Rose2016;3.18: Rudicell2014
5807_BM_D1,,C,,,MALAWI,2008,HQ596177,5807_bmD1,Yes,714905807,non-panel,HIV-1,C.MW.2008.5807_BM_D1.HQ596177,2.1,2.1: Fouda2013,-,
5807_BM_E7,,C,,,MALAWI,2008,HQ596182,5807_bmE7,Yes,714905807,non-panel,HIV-1,C.MW.2008.5807_BM_E7.HQ596182,0.29,0.29: Fouda2013,-,
5_4_J18,,C,chronic,CCR5,INDIA,2009,GU945327,,Yes,IVC5,non-panel,HIV-1,C.IN.2009.5_4_J18.GU945327,UD,>5: Mullick2021,-,
5_J41,,C,<12mo,CCR5,INDIA,2007,EU908221,,Yes,IVC5,non-panel,HIV-1,C.IN.2007.5_J41.EU908221,UD,>5: Mullick2021,-,
6022_V7_C24,2,C,<12mo,,TANZANIA,2006,HM215319,6022.v7.c24,Yes,6022,panel,HIV-1,C.TZ.2006.6022_V7_C24.HM215319,1.98,1.98: Bricault2019_dataset1;1.98: Wagh2016,6.98,6.98: Wagh2016
6040_V4_C15,2,C,<12mo,,TANZANIA,2005,HM215320,6040.v4.c15,Yes,6040,panel,HIV-1,C.TZ.2005.6040_V4_C15.HM215320,0.15,0.15: Bricault2019_dataset1;0.15: Wagh2016,0.53,0.53: Wagh2016
6041_V3_C23,2,A1C,acute,,TANZANIA,2004,HM215321,"6041, 6041.v3.c23",Yes,6041,panel,HIV-1,A1C.TZ.2004.6041_V3_C23.HM215321,0.019656,0.009: Jardine2016a;0.013: Umotoy2019_dataset2;0.02: Scheid2011;0.02: Wu2010;0.023: Zhang2019a;0.03: Bricault2019_dataset3;0.03: Hraber2014;<0.023: Doria-Rose2012,0.085066,0.08: Doria-Rose2012;0.08: Scheid2011;0.08: Wu2010;0.087: Zhang2019a;0.1: Hraber2014
6095_V1_C10,,A1D,<12mo,,TANZANIA,2003,HM215323,"6095, 6095.v1.c10, 6095.V1.C10",Yes,6095,panel,HIV-1,A1D.TZ.2003.6095_V1_C10.HM215323,0.56507,0.368: Kwon2021_dataset1;0.457: Bricault2019;0.457: Chuang2013;0.457: Rudicell2014;0.464: Doria-Rose2012;0.464: Huang2012a;0.464: Huang2016a_dataset1;0.464: McLellan2011;0.464: Wu2011;0.506: Bonsignori2016;0.506: Bricault2019_dataset2;0.514: Xu2017;0.579: Kwon2015;0.6010: Liu2019;0.617: Kwon2018;0.631: Steinhardt2018;0.7826: Zhang2022_dataset1;1.35: Kong2016a-dataset1;1.37000: Doria-Rose2016,2.26159,1.5: Doria-Rose2012;1.5: Huang2012a;1.5: McLellan2011;1.5: Wu2011;1.92: Xu2017;2.04: Steinhardt2018;2.32: Rudicell2014;2.4200: Liu2019;2.73: Kwon2018;3.006: Kwon2021_dataset1;3.006: Zhang2022_dataset1;3.81000: Doria-Rose2016;3.87: Kong2016a-dataset1
6101_1,2,B,<12mo,CCR5,UNITED STATES,1994,AY835434,"6101, 6101.1, 6101.10, 6101_10, SVPB1",Yes,6101-p15,panel,HIV-1,B.US.1994.6101_1.AY835434,0.068105,0.023: Bonsignori2016;0.023: Bricault2019_dataset2;0.031: Georgiev2013_dataset4;0.035: Steinhardt2018;0.045: Williams2017_dataset3;0.0480: Liu2019;0.05: Crooks2015;0.053: Xu2017;0.059: Kwon2015;0.06300: Doria-Rose2016;0.066: Kwon2018;0.0668: Zhang2022_dataset1;0.069: Bricault2019;0.069: Chuang2013;0.069: Georgiev2013_dataset2;0.069: Rudicell2014;0.075: Kong2016a-dataset2;0.089: Kong2016a-dataset1;0.093: Kwon2021_dataset1;0.1: Liao2013;0.104: Georgiev2013_dataset1;0.104: Huang2012a;0.104: Huang2016a_dataset1;0.104: McLellan2011;0.108: Doria-Rose2012;0.111: Falkowska2012;0.111: Georgiev2013_dataset3;0.111: Wu2010;0.111: Wu2011,0.21377,0.112: Steinhardt2018;0.114: Xu2017;0.149: Kwon2018;0.1510: Liu2019;0.1786: Kwon2021_dataset1;0.1786: Zhang2022_dataset1;0.192: Kong2016a-dataset1;0.193: Georgiev2013_dataset4;0.19800: Doria-Rose2016;0.215: Williams2017_dataset3;0.239: Rudicell2014;0.315: Wu2010;0.315: Wu2011;0.33: Doria-Rose2012;0.33: Huang2012a;0.33: Liao2013;0.33: McLellan2011
6146_V7_C23,2,C,<12mo,,TANZANIA,2006,HM215324,"6146.7.23, 6146.v7.c23",Yes,6146,panel,HIV-1,C.TZ.2006.6146_V7_C23.HM215324,0.9,0.9: Bricault2019_dataset1;0.9: Wagh2016,5.21,5.21: Wagh2016
620345_C1,2,01_AE,acute T/F,CCR5,THAILAND,2005,JX512900,"620345, 620345.1, 620345_1, 620345.c01, 620345_C01, 620345.c1, AA081",Yes,AA081,panel,HIV-1,01_AE.TH.2005.620345_C1.JX512900,UD,>100: Umotoy2019_dataset2;>25: Chenine2018;>50: Bonsignori2016;>50: Bricault2019;>50: Bricault2019_dataset2;>50: Bricault2019_dataset3;>50: Chuang2013;>50: Doria-Rose2012;>50: Doria-Rose2016;>50: Gardner2015;>50: Hraber2014;>50: Huang2012a;>50: Huang2016a_dataset1;>50: Kong2016;>50: Kong2016a-dataset1;>50: Kwon2015;>50: Kwon2018;>50: Kwon2021_dataset1;>50: Liu2019;>50: McCoy2012;>50: McLellan2011;>50: Rudicell2014;>50: Scheid2011;>50: Steinhardt2018;>50: Wu2010;>50: Wu2011;>50: Xu2017;>50: Zhang2019a;>50: Zhang2022_dataset1;>50: Zhou2017,UD,>50: Doria-Rose2012;>50: Doria-Rose2016;>50: Gardner2015;>50: Huang2012a;>50: Kong2016a-dataset1;>50: Kwon2018;>50: Kwon2021_dataset1;>50: Liu2019;>50: McLellan2011;>50: Rudicell2014;>50: Scheid2011;>50: Steinhardt2018;>50: Wu2010;>50: Wu2011;>50: Xu2017;>50: Zhang2019a;>50: Zhang2022_dataset1;>50: Zhou2017
62357_14_D3_4589,2,B,acute T/F,CCR5,UNITED STATES,1997,EU289189,"62357, 62357.14.D3.4589",Yes,62357,panel,HIV-1,B.US.1997.62357_14_D3_4589.EU289189,0.87006,0.39: Umotoy2019_dataset2;0.470: Wu2018_dataset2;0.475: Jardine2016a;0.96: Doria-Rose2012;0.96: Scheid2011;0.96: Wu2010;1.46: Bricault2019_dataset3;1.46: Hraber2014;1.74: Zhang2019a,5.20752,4.68: Doria-Rose2012;4.7: Scheid2011;4.7: Wu2010;5.33: Hraber2014;6.95: Zhang2019a
6240_08_TA5_4622,2,B,acute T/F,,UNITED STATES,1995,EU289190,"6240, 6240.08.TA5.4622, 6240_08.TA5.4622",Yes,6240,panel,HIV-1,B.US.1995.6240_08_TA5_4622.EU289190,0.86043,0.6: Umotoy2019_dataset2;0.604: Zhang2019a;0.61: Doria-Rose2012;0.61: Scheid2011;0.61: Wu2010;1.54: Bricault2019_dataset3;1.54: Hraber2014;1.54: Jardine2016a,2.28137,1.8: Scheid2011;1.8: Wu2010;1.82: Doria-Rose2012;2.62: Zhang2019a;4: Hraber2014
6244_13_B5_4567,2,B,acute T/F,,UNITED STATES,1996,EU289191,"6244, 6244.13.B5.4567, 6244.13.B5.4576, 6244_13_B5_4576, p6244_13.B5.4576",Yes,6244,panel,HIV-1,B.US.1996.6244_13_B5_4567.EU289191,0.19986,0.045: Zhang2019a;0.12: Umotoy2019_dataset2;0.16: Jardine2016a;0.21: Doria-Rose2012;0.21: Scheid2011;0.21: Wu2010;0.564: Bricault2019_dataset3;0.564: Hraber2014,0.53532,0.193: Zhang2019a;0.53: Doria-Rose2012;0.53: Scheid2011;0.53: Wu2010;1.53: Hraber2014
6322_V4_C1,2,C,<12mo,,TANZANIA,2005,HM215326,"6322, 6322.v4.c1, 6322.V4.C1, 6322V4.C1",Yes,6322,panel,HIV-1,C.TZ.2005.6322_V4_C1.HM215326,UD,>10: Bricault2019_dataset1;>10: Wagh2016;>50: Bonsignori2016;>50: Bricault2019;>50: Bricault2019_dataset2;>50: Chuang2013;>50: Doria-Rose2012;>50: Doria-Rose2016;>50: Gardner2015;>50: Huang2012a;>50: Huang2016a_dataset1;>50: Kong2016a-dataset1;>50: Kwon2015;>50: Kwon2018;>50: Kwon2021_dataset1;>50: Liao2013;>50: Liu2019;>50: McLellan2011;>50: Rudicell2014;>50: Steinhardt2018;>50: Wu2011;>50: Xu2017;>50: Zhang2022_dataset1,UD,>10: Wagh2016;>50: Doria-Rose2012;>50: Doria-Rose2016;>50: Gardner2015;>50: Huang2012a;>50: Kong2016a-dataset1;>50: Kwon2018;>50: Kwon2021_dataset1;>50: Liao2013;>50: Liu2019;>50: McLellan2011;>50: Rudicell2014;>50: Steinhardt2018;>50: Wu2011;>50: Xu2017;>50: Zhang2022_dataset1
6405_V4_C34,,D,<12mo,,TANZANIA,2004,HM215327,"6405, 6405.v4.c34",Yes,6405,panel,HIV-1,D.TZ.2004.6405_V4_C34.HM215327,2.11561,0.841: Sastry2023_dataset1;1.55: Bonsignori2016;1.55: Bricault2019_dataset2;1.69: Steinhardt2018;1.81: Kwon2018;1.816: Zhang2022_dataset1;1.87: Kwon2021_dataset1;1.9500: Liu2019;1.96: Xu2017;2.2: McCoy2012;2.2: Wu2010;2.2: Wu2011;2.28: Kwon2015;2.40000: Doria-Rose2016;2.42: Bricault2019;2.42: Chuang2013;2.42: Rudicell2014;2.53: Doria-Rose2014;2.592: Wagh2018;2.63: Doria-Rose2012;2.63: Huang2012a;2.63: Huang2016a_dataset1;2.63: McLellan2011;3.11: Kong2016a-dataset1,6.03942,4.24: Steinhardt2018;4.57: Kwon2018;4.59: Xu2017;5.032: Kwon2021_dataset1;5.032: Zhang2022_dataset1;5.83: Doria-Rose2016;5.8900: Liu2019;6.1: Wu2010;6.1: Wu2011;6.9: Kong2016a-dataset1;7.22: Rudicell2014;7.36: Doria-Rose2012;7.36: Huang2012a;7.36: McLellan2011;9.076: Wagh2018
6471_V1_C16,3,C,<12mo,,TANZANIA,2003,HM215328,"6471, 6471.v1.c16, 6471.V1.C16",Yes,6471,panel,HIV-1,C.TZ.2003.6471_V1_C16.HM215328,UD,>10: Bricault2019_dataset1;>10: Wagh2016;>50: Bonsignori2016;>50: Bricault2019;>50: Bricault2019_dataset2;>50: Chuang2013;>50: Doria-Rose2012;>50: Doria-Rose2016;>50: Gardner2015;>50: Huang2012a;>50: Huang2016a_dataset1;>50: Kong2016a-dataset1;>50: Kwon2015;>50: Kwon2018;>50: Kwon2021_dataset1;>50: Liao2013;>50: Liu2019;>50: McLellan2011;>50: Rudicell2014;>50: Steinhardt2018;>50: Wu2011;>50: Xu2017;>50: Zhang2022_dataset1,UD,>10: Wagh2016;>50: Doria-Rose2012;>50: Doria-Rose2016;>50: Gardner2015;>50: Huang2012a;>50: Kong2016a-dataset1;>50: Kwon2018;>50: Kwon2021_dataset1;>50: Liao2013;>50: Liu2019;>50: McLellan2011;>50: Rudicell2014;>50: Steinhardt2018;>50: Wu2011;>50: Xu2017;>50: Zhang2022_dataset1
6480_V4_C25,2,CD,<12mo,,TANZANIA,2004,HM215329,"6480, 6480.v4.c25",Yes,6480,panel,HIV-1,CD.TZ.2004.6480_V4_C25.HM215329,0.028705,0.014: Zhang2019a;0.029: Umotoy2019_dataset2;0.03: Jardine2016a;0.04: Scheid2011;0.04: Wu2010,0.075909,0.054: Zhang2019a;0.09: Scheid2011;0.09: Wu2010
651_AT_SGA2,,C,<12mo,,SOUTH AFRICA,2016,OP121541,,Yes,Pt1,non-panel,HIV-1,C.ZA.2016.651_AT_SGA2.OP121541,0.07,0.070: Mandizvo2022,-,
651_AT_SGA5,,C,<12mo,,SOUTH AFRICA,2016,OP121544,,Yes,Pt1,non-panel,HIV-1,C.ZA.2016.651_AT_SGA5.OP121544,0.279,0.279: Mandizvo2022,-,
651_AT_SGA8,,C,<12mo,,SOUTH AFRICA,2016,OP121547,,Yes,Pt1,non-panel,HIV-1,C.ZA.2016.651_AT_SGA8.OP121547,0.14,0.140: Mandizvo2022,-,
651_LN_C40,,C,chronic,,SOUTH AFRICA,2016,OP121549,,Yes,Pt1,non-panel,HIV-1,C.ZA.2016.651_LN_C40.OP121549,0.11,0.110: Mandizvo2022,-,
651_LN_C43,,C,chronic,,SOUTH AFRICA,2016,OP121550,,Yes,Pt1,non-panel,HIV-1,C.ZA.2016.651_LN_C43.OP121550,0.12,0.120: Mandizvo2022,-,
653116_0_82YPI_SGA01,,B,<12mo,,UNITED STATES,,MT023029,,Yes,653116,non-panel,HIV-1,B.US..653116_0_82YPI_SGA01.MT023029,0.77,0.77: Joshi2024,-,
653116_6_49YPI_SGA39_NE1,,B,chronic,,UNITED STATES,,MT023028,653116_NE1,Yes,653116,non-panel,HIV-1,B.US..653116_6_49YPI_SGA39_NE1.MT023028,2.36,2.36: Joshi2024,-,
6535_3,1B or 2,B,<3mo,CCR5,UNITED STATES,1995,AY835438,"6535, 6535.3, 6535 clone 3, NIH-ARP-11017, SVPB5",Yes,6535-P30,panel,HIV-1,B.US.1995.6535_3.AY835438,1.62176,0.32: Umotoy2019_dataset1;0.539: Falkowska2012;0.539: Georgiev2013_dataset3;0.539: McCoy2012;0.539: Wu2010;0.539: Wu2011;0.54: Scheid2011;0.946: Zhang2019a;1.49: Kwon2018;1.6: Bricault2019;1.6: Chuang2013;1.6: Georgiev2013_dataset2;1.6: Rudicell2014;1.64: Spencer2021;1.755: Walker2011;1.87: Xu2017;1.88: Doria-Rose2014;1.93: Steinhardt2018;2.1: Bonsignori2016;2.1: Bricault2019_dataset2;2.12: Kwon2021_dataset1;2.16: Doria-Rose2012;2.16: Georgiev2013_dataset1;2.16: Huang2012a;2.16: Huang2016a_dataset1;2.16: Liao2013;2.16: McLellan2011;2.3100: Liu2019;2.52: Kwon2015;2.528: Zhang2022_dataset1;2.73000: Doria-Rose2016;3.7: Kong2016a-dataset1;4.52: Bricault2019_dataset3;4.52: Hraber2014;5.469: Andrabi2015,5.67191,2.7: Scheid2011;2.7: Wu2010;2.7: Wu2011;3.7: Zhang2019a;4.24: Kwon2018;5.77: Steinhardt2018;6.0100: Liu2019;6.27: Doria-Rose2012;6.27: Huang2012a;6.27: Liao2013;6.27: McLellan2011;6.79: Rudicell2014;6.9: Xu2017;7.12: Kwon2021_dataset1;7.12: Zhang2022_dataset1;7.90000: Doria-Rose2016;8.43: Kong2016a-dataset1;14.1: Hraber2014
6540_V4_C1,2,A1C,<12mo,,TANZANIA,2004,HM215330,"6540, 6540.v4.c1",Yes,6540,panel,HIV-1,A1C.TZ.2004.6540_V4_C1.HM215330,UD,>100: Umotoy2019_dataset2;>50: Acharya2013;>50: Bonsignori2016;>50: Bricault2019;>50: Bricault2019_dataset2;>50: Bricault2019_dataset3;>50: Chuang2013;>50: Doria-Rose2012;>50: Doria-Rose2016;>50: Gardner2015;>50: Huang2012a;>50: Huang2016a_dataset1;>50: Huang2016a_dataset2;>50: Jardine2016a;>50: Kong2016;>50: Kong2016a-dataset1;>50: Kwon2015;>50: Kwon2018;>50: Kwon2021_dataset1;>50: Liu2019;>50: McLellan2011;>50: Rudicell2014;>50: Scheid2011;>50: Steinhardt2018;>50: Williams2017_dataset3;>50: Wu2010;>50: Wu2011;>50: Xu2017;>50: Zhang2019a;>50: Zhang2022_dataset1,UD,>50: Doria-Rose2012;>50: Doria-Rose2016;>50: Gardner2015;>50: Huang2012a;>50: Kong2016a-dataset1;>50: Kwon2018;>50: Kwon2021_dataset1;>50: Liu2019;>50: McLellan2011;>50: Rudicell2014;>50: Scheid2011;>50: Steinhardt2018;>50: Williams2017_dataset3;>50: Wu2010;>50: Wu2011;>50: Xu2017;>50: Zhang2019a;>50: Zhang2022_dataset1
6545_V3_C13,2,A1C,<12mo,,TANZANIA,2004,HM215331,"6545.v3.c13, 6545.V3.C13",Yes,6545,panel,HIV-1,A1C.TZ.2004.6545_V3_C13.HM215331,UD,>50: Chuang2013;>50: Wu2011,UD,>50: Wu2011
6545_V4_C1,,A1C,<12mo,,TANZANIA,2005,HM215332,"6545, 6545.v4.c1, 6545.V4.C1, 6545.v4.c1.SG3",Yes,6545,panel,HIV-1,A1C.TZ.2005.6545_V4_C1.HM215332,UD,>100: Umotoy2019_dataset2;>50: Bonsignori2016;>50: Bricault2019;>50: Bricault2019_dataset2;>50: Bricault2019_dataset3;>50: Chuang2013;>50: Doria-Rose2012;>50: Doria-Rose2016;>50: Gardner2015;>50: Hraber2014;>50: Huang2012a;>50: Huang2016a_dataset1;>50: Jardine2016a;>50: Kong2016;>50: Kong2016a-dataset1;>50: Kwon2015;>50: Kwon2018;>50: Kwon2021_dataset1;>50: Liu2019;>50: McLellan2011;>50: Rudicell2014;>50: Scheid2011;>50: Steinhardt2018;>50: Wu2010;>50: Xu2017;>50: Zhang2019a;>50: Zhang2022_dataset1,UD,>50: Doria-Rose2012;>50: Doria-Rose2016;>50: Gardner2015;>50: Hraber2014;>50: Huang2012a;>50: Kong2016a-dataset1;>50: Kwon2018;>50: Kwon2021_dataset1;>50: Liu2019;>50: McLellan2011;>50: Rudicell2014;>50: Scheid2011;>50: Steinhardt2018;>50: Wu2010;>50: Xu2017;>50: Zhang2019a;>50: Zhang2022_dataset1
6592_V7_C25,,A1,<12mo,,TANZANIA,2006,HM215334,6592.v7.c25,Yes,6592,panel,HIV-1,A1.TZ.2006.6592_V7_C25.HM215334,0.118,0.118: Wagh2018,0.407,0.407: Wagh2018
6631_V3_C10,3,C,<12mo,,TANZANIA,2004,HM215335,"6631, 6631.v3.c10, 6631.V3.C10",Yes,6631,panel,HIV-1,C.TZ.2004.6631_V3_C10.HM215335,UD,>10: Bricault2019_dataset1;>10: Wagh2016;>50: Acharya2013;>50: Bonsignori2016;>50: Bricault2019;>50: Bricault2019_dataset2;>50: Chuang2013;>50: Doria-Rose2012;>50: Doria-Rose2016;>50: Gardner2015;>50: Huang2012a;>50: Huang2016a_dataset1;>50: Huang2016a_dataset2;>50: Kong2016a-dataset1;>50: Kwon2015;>50: Kwon2018;>50: Kwon2021_dataset1;>50: Liao2013;>50: Liu2019;>50: McLellan2011;>50: Rudicell2014;>50: Steinhardt2018;>50: Wu2011;>50: Xu2017;>50: Zhang2022_dataset1,UD,>10: Wagh2016;>50: Doria-Rose2012;>50: Doria-Rose2016;>50: Gardner2015;>50: Huang2012a;>50: Kong2016a-dataset1;>50: Kwon2018;>50: Kwon2021_dataset1;>50: Liao2013;>50: Liu2019;>50: McLellan2011;>50: Rudicell2014;>50: Steinhardt2018;>50: Wu2011;>50: Xu2017;>50: Zhang2022_dataset1
6644_V2_C33,1B,C,<12mo,,TANZANIA,2004,HM215336,"6644, 6644.v2.c33, 6644.V2.C33",Yes,6644,panel,HIV-1,C.TZ.2004.6644_V2_C33.HM215336,0.17109,0.09: Bricault2019_dataset1;0.09: Wagh2016;0.125: Bricault2019;0.125: Chuang2013;0.125: Rudicell2014;0.153: Steinhardt2018;0.16: Liao2013;0.164: Doria-Rose2012;0.164: Huang2012a;0.164: Huang2016a_dataset1;0.164: McLellan2011;0.164: Sastry2023_dataset1;0.164: Wu2011;0.169: Kwon2018;0.172: Xu2017;0.189: Kwon2015;0.215: Kwon2021_dataset1;0.23300: Doria-Rose2016;0.2340: Liu2019;0.243: Bonsignori2016;0.243: Bricault2019_dataset2;0.275: Kong2016a-dataset1;0.2936: Zhang2022_dataset1,0.60455,0.421: Steinhardt2018;0.46: Wagh2016;0.528: Doria-Rose2012;0.528: Huang2012a;0.528: McLellan2011;0.528: Wu2011;0.53: Liao2013;0.539: Xu2017;0.61: Rudicell2014;0.632: Kwon2018;0.65900: Doria-Rose2016;0.736: Kong2016a-dataset1;0.7910: Liu2019;0.91: Kwon2021_dataset1;0.91: Zhang2022_dataset1
6650_V1_C8,,41_CD,<12mo,,TANZANIA,2003,HM215337,6650.v1.c8,Yes,6650,panel,HIV-1,41_CD.TZ.2003.6650_V1_C8.HM215337,0.05,0.05: Wu2010,0.13,0.13: Wu2010
6785_V5_C14,2,C,<12mo,,TANZANIA,2005,HM215338,"6785, 6785.v5.c14, 6785.V5.C14",Yes,6785,panel,HIV-1,C.TZ.2005.6785_V5_C14.HM215338,0.31193,0.11: Bricault2019_dataset1;0.11: Wagh2016;0.253: Steinhardt2018;0.2630: Liu2019;0.286: Bonsignori2016;0.286: Bricault2019_dataset2;0.304: Kwon2018;0.311: Xu2017;0.313: Kwon2021_dataset1;0.33: Liao2013;0.332: Doria-Rose2012;0.332: Huang2012a;0.332: Huang2016a_dataset1;0.332: McLellan2011;0.332: Wu2011;0.348: Kong2016a-dataset1;0.41600: Doria-Rose2016;0.416: Kwon2015;0.462: Zhang2022_dataset1;0.468: Bricault2019;0.468: Chuang2013;0.468: Rudicell2014,0.9015,0.36: Wagh2016;0.686: Steinhardt2018;0.816: Xu2017;0.869: Doria-Rose2012;0.869: Huang2012a;0.869: McLellan2011;0.869: Wu2011;0.87: Liao2013;0.939: Kwon2018;0.9450: Liu2019;1.03: Kong2016a-dataset1;1.17000: Doria-Rose2016;1.2372: Kwon2021_dataset1;1.2372: Zhang2022_dataset1;1.29: Rudicell2014
6811_V5_C20,,CD,acute,,TANZANIA,2005,HM215339,6811.v5.c20,Yes,6811,panel,HIV-1,CD.TZ.2005.6811_V5_C20.HM215339,0.09,0.09: Wu2010,0.26,0.26: Wu2010
6811_V7_C18,2,CD,<12mo,,TANZANIA,2006,HM215340,"6811, 6811.v7.c18",Yes,6811,panel,HIV-1,CD.TZ.2006.6811_V7_C18.HM215340,0.14736,0.068: Umotoy2019_dataset2;0.09: Scheid2011;0.122: Jardine2016a;0.14: Zhang2019a;0.313: Bricault2019_dataset3;0.313: Hraber2014,0.51345,0.26: Scheid2011;0.558: Zhang2019a;0.933: Hraber2014
6838_V1_C35,2,C,acute,,TANZANIA,2003,HM215341,"6838, 6838.v1.c35, 6838.V1.C35",Yes,6838,panel,HIV-1,C.TZ.2003.6838_V1_C35.HM215341,0.32421,0.21: Bonsignori2016;0.21: Bricault2019_dataset2;0.224: Xu2017;0.276: Kwon2018;0.288: Steinhardt2018;0.301: Kong2016a-dataset1;0.3370: Liu2019;0.33800: Doria-Rose2016;0.3582: Zhang2022_dataset1;0.37: Bricault2019_dataset1;0.37: Wagh2016;0.377: Kwon2021_dataset1;0.452: Bricault2019;0.452: Chuang2013;0.452: Rudicell2014,0.9044,0.616: Steinhardt2018;0.668: Xu2017;0.737: Kwon2018;0.83: Kong2016a-dataset1;0.9340: Liu2019;0.9858: Kwon2021_dataset1;0.9858: Zhang2022_dataset1;0.99500: Doria-Rose2016;1.22: Wagh2016;1.32: Rudicell2014
6952_V1_C20,2,41_CD,<12mo,,TANZANIA,2003,HM215343,"6952, 6952.v1.c20",Yes,6952,panel,HIV-1,41_CD.TZ.2003.6952_V1_C20.HM215343,0.0417,0.02: Umotoy2019_dataset2;0.025: Zhang2019a;0.031: Jardine2016a;0.04: Doria-Rose2012;0.04: Scheid2011;0.04: Wu2010;0.096: Bricault2019_dataset3;0.096: Hraber2014,0.13672,0.097: Zhang2019a;0.12: Doria-Rose2012;0.12: Scheid2011;0.12: Wu2010;0.285: Hraber2014
6980_V0_C31,2,C,acute,,TANZANIA,2003,HM215344,6980.v0.c31,Yes,6980,panel,HIV-1,C.TZ.2003.6980_V0_C31.HM215344,0.1,0.1: Bricault2019_dataset1;0.1: Wagh2016,0.33,0.33: Wagh2016
700010040_C9_4520,2,B,acute T/F,CCR5,UNITED STATES,2006,EU289193,"700010040.C9.4520, CH040, CH040_C, CH040_TF, CH40_TF",Yes,700010040,panel,HIV-1,B.US.2006.700010040_C9_4520.EU289193,0.23,0.23: Wu2010,0.71,0.71: Wu2010
703010010_C4,2,C,acute,,MALAWI,2006,KC894105,"Ce703010010_C4, CHV0008273_703010010_F12",Yes,703010010,panel,HIV-1,C.MW.2006.703010010_C4.KC894105,0.11,0.11: Bricault2019_dataset1;0.11: Wagh2016,0.39,0.39: Wagh2016
703010054_2A2,2,C,acute T/F,,MALAWI,2007,FJ443808,"CE703010054, Ce703010054_2A2, CE703010054_2A2, pCenvPt703010054_2A2",Yes,703010054,panel,HIV-1,C.MW.2007.703010054_2A2.FJ443808,0.50286,0.139: Zhang2019a;0.43: Umotoy2019_dataset2;0.431: Jardine2016a;0.53: Bricault2019_dataset1;0.53: Wagh2016;1.06: Bricault2019_dataset3;1.06: Hraber2014,1.51878,0.595: Zhang2019a;1.84: Wagh2016;3.2: Hraber2014
703010131_1E2,2,C,<3mo,,MALAWI,2007,KC894107,Ce703010131_1E2,Yes,703010131,panel,HIV-1,C.MW.2007.703010131_1E2.KC894107,UD,>10: Bricault2019_dataset1;>10: Wagh2016,UD,>10: Wagh2016
703010200_1E5,2,C,acute T/F,,MALAWI,2007,FJ443999,"7030102001, 7030102001E5NOREV, 7030102001E5(Rev-), 7030102001E5(Rev.), 7030102001E5_Rev-, 7030102001E5_REV_, 703010200_1E5_Rev-, 7030102001E5(RevM)",Yes,703010200,panel,HIV-1,C.MW.2007.703010200_1E5.FJ443999,0.71742,0.37: Umotoy2019_dataset2;0.38: Zhang2019a;0.54: Bricault2019_dataset1;0.54: Wagh2016;0.541: Jardine2016a;2.1: Bricault2019_dataset3;2.1: Hraber2014,2.46282,1.49: Zhang2019a;2.08: Wagh2016;4.82: Hraber2014
703010217_B6,2,C,acute T/F,,MALAWI,2007,KC894109,"CE0217, Ce703010217-B6, CE703010217.B6, CE703010217_B6, CE707010217, CEO217, pCenvPt703010217_B6",Yes,703010217,panel,HIV-1,C.MW.2007.703010217_B6.KC894109,0.26206,0.1058: Wu2018_dataset1;0.1058: Wu2018_dataset3;0.136: Xu2017;0.167: Richardson2021;0.195: Steinhardt2018;0.21: Webb2015;0.2484: Zhang2022_dataset1;0.251: Kong2016a-dataset1;0.28: Martinez2020;0.288: Bonsignori2018_dataset1;0.29: Bricault2019_dataset1;0.29: Wagh2016;0.3: Decamp2014;0.304: Kwon2021_dataset1;0.32: Bonsignori2018_dataset2;0.32: Qiao2016;0.32: Sun2017;0.349: Kwon2018;0.366: Bonsignori2016;0.366: Bricault2019_dataset2;0.39: Yin2021;0.4170: Liu2019;0.42: Kong2016,0.79011,0.584: Steinhardt2018;0.609: Xu2017;0.7: Webb2015;0.777: Kwon2021_dataset1;0.777: Zhang2022_dataset1;0.786: Kong2016a-dataset1;0.825: Bonsignori2018_dataset1;0.927: Kwon2018;0.99: Wagh2016;1.0600: Liu2019
703010228_1C4,2,C,<3mo,,MALAWI,2007,FJ444031,"Ce703010228_1C4, CE703010228_1C4, pCenvPt703010228_1C4",Yes,703010228,panel,HIV-1,C.MW.2007.703010228_1C4.FJ444031,0.82,0.82: Bricault2019_dataset1;0.82: Wagh2016,2.32,2.32: Wagh2016
703357_C2,2,01_AE,acute,CCR5,THAILAND,2005,JN944658,"703357, 703357.2, 703357_2, 703357.c02, 703357.C02, 703357_C02",Yes,AA118,panel,HIV-1,01_AE.TH.2005.703357_C2.JN944658,4,4: McCoy2012;4: Scheid2011;4: Wu2010;>25: Chenine2018,11.1,11.1: Scheid2011;11.1: Wu2010
704010042_2E5,2,C,acute T/F,,SOUTH AFRICA,2007,KC894113,"704010042, 704010042_TF, CE704010042_2E5, pCH042.c",Yes,704010042,panel,HIV-1,C.ZA.2007.704010042_2E5.KC894113,0.16,0.16: Bricault2019_dataset1;0.16: Wagh2016,0.6,0.6: Wagh2016
704010069_C6,2,C,<3mo,,SOUTH AFRICA,2007,KC894114,"Ce704010069_C6, CHV0008392_704010069_F2",Yes,704010069,panel,HIV-1,C.ZA.2007.704010069_C6.KC894114,1.03,1.03: Bricault2019_dataset1;1.03: Wagh2016,4.15,4.15: Wagh2016
704010083_B8,2,C,acute,,SOUTH AFRICA,2007,FJ443671,"Ce704010083_B8, CE704010083_B8, pCenvPt704010083_B8",Yes,704010083,panel,HIV-1,C.ZA.2007.704010083_B8.FJ443671,2.26,2.26: Bricault2019_dataset1;2.26: Wagh2016,6.83,6.83: Wagh2016
704809221_1B3,2,C,acute T/F,,SOUTH AFRICA,2007,FJ444103,"CE704809221, Ce704809221_1B3, CE704809221_1B3, pCenvPt704809221_1B",Yes,704809221,panel,HIV-1,C.ZA.2007.704809221_1B3.FJ444103,0.57636,0.24: Umotoy2019_dataset2;0.32: Zhang2019a;0.464: Jardine2016a;0.55: Bricault2019_dataset1;0.55: Wagh2016;1.4: Bricault2019_dataset3;1.4: Hraber2014,2.11978,1.28: Zhang2019a;2.05: Wagh2016;3.63: Hraber2014
704810053_2B7,2,C,acute,,SOUTH AFRICA,2007,KC894119,"Ce704810053_2B7, CHV0010337_704810053_2G6",Yes,704810053,panel,HIV-1,C.ZA.2007.704810053_2B7.KC894119,UD,>10: Bricault2019_dataset1;>10: Wagh2016,UD,>10: Wagh2016
705010067_TF,3,C,acute T/F,CCR5,SOUTH AFRICA,2007,KC156125,"705010067, 705010067_CH067_TF",Yes,705010067,panel,HIV-1,C.ZA.2007.705010067_TF.KC156125,UD,>10: Bricault2019_dataset1;>10: Wagh2016,UD,>10: Wagh2016
705010185_TF,2,C,acute T/F,CCR5,SOUTH AFRICA,2007,KC156129,"705010185, 705010185_CH185_TF",Yes,705010185,panel,HIV-1,C.ZA.2007.705010185_TF.KC156129,UD,>10: Bricault2019_dataset1;>10: Wagh2016,UD,>10: Wagh2016
705010198_TF,2,C,acute T/F,CCR5,SOUTH AFRICA,2007,KC156130,"705010198, 705010198_CH198_TF, CH198",Yes,705010198,panel,HIV-1,C.ZA.2007.705010198_TF.KC156130,0.15131,0.13: Bricault2019_dataset1;0.13: Wagh2016;0.205: Wu2018_dataset2,0.33,0.33: Wagh2016
706010164_1A7,2,C,<3mo,,SOUTH AFRICA,2007,FJ444076,"7060101641_A7, CE706010164_1A7",Yes,706010164,panel,HIV-1,C.ZA.2007.706010164_1A7.FJ444076,0.24,0.24: Bricault2019_dataset1,-,
706010164_1A7_REV,2,C,<3mo,,SOUTH AFRICA,2007,FJ444076,"7060101641A7(Rev-), 7060101641A7_Rev-, 7060101641A7_REV_, 706010164_1A7_Rev-, 7060101641A7 (Rev-)",Yes,706010164,panel,HIV-1,C.ZA.2007.706010164_1A7_REV.FJ444076,0.24,0.24: Wagh2016,0.82,0.82: Wagh2016
714903902_11,,C,chronic,,MALAWI,2008,MT861628,"3902m11, 3915m.11",Yes,3915m,non-panel,HIV-1,C.MW.2008.714903902_11.MT861628,0.48,0.48: Martinez2020,-,
714903902_12,,C,chronic,,MALAWI,2008,MT861629,"3902m12, 3915m.12",Yes,3915m,non-panel,HIV-1,C.MW.2008.714903902_12.MT861629,0.27,0.27: Martinez2020,-,
714903902_20,,C,chronic,,MALAWI,2008,MT861635,"3902m20, 3915m.20",Yes,3915m,non-panel,HIV-1,C.MW.2008.714903902_20.MT861635,0.09,0.09: Martinez2020,-,
714903902_23,,C,chronic,,MALAWI,2008,PQ466163,"3902m23, 714903902.23",Yes,3915m,non-panel,HIV-1,C.MW.2008.714903902_23.PQ466163,2.12,2.12: Martinez2020,-,
714903902_25,,C,chronic,,MALAWI,2008,MT861639,"3902m25, 3915m.25",Yes,3915m,non-panel,HIV-1,C.MW.2008.714903902_25.MT861639,0.26,0.26: Martinez2020,-,
714903902_29,,C,chronic,,MALAWI,2008,MT861641,"3902m29, 3915m.29",Yes,3915m,non-panel,HIV-1,C.MW.2008.714903902_29.MT861641,0.18,0.18: Martinez2020,-,
714903902_31,,C,chronic,,MALAWI,2008,MT861645,"3902m31, 3915m.31",Yes,3915m,non-panel,HIV-1,C.MW.2008.714903902_31.MT861645,0.18,0.18: Martinez2020,-,
714903902_32,,C,chronic,,MALAWI,2008,MT861646,"3902m32, 3915m.32",Yes,3915m,non-panel,HIV-1,C.MW.2008.714903902_32.MT861646,0.67,0.67: Martinez2020,-,
714903902_35,,C,chronic,,MALAWI,2008,MT861649,"3902m35, 3915m.35",Yes,3915m,non-panel,HIV-1,C.MW.2008.714903902_35.MT861649,0.59,0.59: Martinez2020,-,
714903902_36,,C,chronic,,MALAWI,2008,MT861650,"3902m36, 3915m.36",Yes,3915m,non-panel,HIV-1,C.MW.2008.714903902_36.MT861650,0.21,0.21: Martinez2020,-,
714903902_38,,C,chronic,,MALAWI,2008,MT861652,"3902m38, 3915m.38",Yes,3915m,non-panel,HIV-1,C.MW.2008.714903902_38.MT861652,0.22,0.22: Martinez2020,-,
714903902_41,,C,chronic,,MALAWI,2008,MT861656,"3902m41, 3915m.41",Yes,3915m,non-panel,HIV-1,C.MW.2008.714903902_41.MT861656,0.37,0.37: Martinez2020,-,
714903902_42,,C,chronic,,MALAWI,2008,MT861657,"3902m42, 3915m.42",Yes,3915m,non-panel,HIV-1,C.MW.2008.714903902_42.MT861657,0.14,0.14: Martinez2020,-,
714903902_43,,C,chronic,,MALAWI,2008,MT861658,"3902m43, 3915m.43",Yes,3915m,non-panel,HIV-1,C.MW.2008.714903902_43.MT861658,0.31,0.31: Martinez2020,-,
714903902_44,,C,chronic,,MALAWI,2008,MT861659,"3902m44, 3915m.44",Yes,3915m,non-panel,HIV-1,C.MW.2008.714903902_44.MT861659,1.37,1.37: Martinez2020,-,
714903902_46,,C,chronic,,MALAWI,2008,MT861661,"3902m46, 3915m.46",Yes,3915m,non-panel,HIV-1,C.MW.2008.714903902_46.MT861661,0.16,0.16: Martinez2020,-,
714903902_5,,C,chronic,,MALAWI,2008,MT861662,"3902m5, 3915m.5",Yes,3915m,non-panel,HIV-1,C.MW.2008.714903902_5.MT861662,0.25,0.25: Martinez2020,-,
714903915_1,,C,acute T/F,,MALAWI,2008,MT861575,"3915i.0.1, 3915i1",Yes,3915i,non-panel,HIV-1,C.MW.2008.714903915_1.MT861575,0.94,0.94: Martinez2020,-,
714903915_22,,C,acute T/F,,MALAWI,2008,MT861584,"3915i.0.22, 3915i22",Yes,3915i,non-panel,HIV-1,C.MW.2008.714903915_22.MT861584,0.21,0.21: Martinez2020,-,
714903915_30,,C,acute T/F,,MALAWI,2008,MT861592,"3915i.0.30, 3915i30",Yes,3915i,non-panel,HIV-1,C.MW.2008.714903915_30.MT861592,1.85,1.85: Martinez2020,-,
714909105_10,,C,chronic,,MALAWI,2009,MT861465,"9105m10, 9112m.10",Yes,9112m,non-panel,HIV-1,C.MW.2009.714909105_10.MT861465,10.05,10.05: Martinez2020,-,
714909105_14,,C,chronic,,MALAWI,2009,MT861462,"9105m14, 9112m.14",Yes,9112m,non-panel,HIV-1,C.MW.2009.714909105_14.MT861462,6.07,6.07: Martinez2020,-,
714909105_15,,C,chronic,,MALAWI,2009,MT861459,"9105m15, 9112m.15",Yes,9112m,non-panel,HIV-1,C.MW.2009.714909105_15.MT861459,2.24,2.24: Martinez2020,-,
714909105_17,,C,chronic,,MALAWI,2009,MT861460,"9105m17, 9112m.17",Yes,9112m,non-panel,HIV-1,C.MW.2009.714909105_17.MT861460,3.46,3.46: Martinez2020,-,
714909105_20,,C,chronic,,MALAWI,2009,MT861464,"9105m20, 9112m.20",Yes,9112m,non-panel,HIV-1,C.MW.2009.714909105_20.MT861464,12.18,12.18: Martinez2020,-,
714909105_21,,C,chronic,,MALAWI,2009,MT861450,"9105m21, 9112m.21",Yes,9112m,non-panel,HIV-1,C.MW.2009.714909105_21.MT861450,12.69,12.69: Martinez2020,-,
714909105_22,,C,chronic,,MALAWI,2009,MT861448,"9105m22, 9112m.22",Yes,9112m,non-panel,HIV-1,C.MW.2009.714909105_22.MT861448,10.56,10.56: Martinez2020,-,
714909105_27,,C,chronic,,MALAWI,2009,MT861452,"9105m27, 9112m.27",Yes,9112m,non-panel,HIV-1,C.MW.2009.714909105_27.MT861452,11.45,11.45: Martinez2020,-,
714909105_32,,C,chronic,,MALAWI,2009,MT861457,"9105m32, 9112m.32",Yes,9112m,non-panel,HIV-1,C.MW.2009.714909105_32.MT861457,3.59,3.59: Martinez2020,-,
714909105_35,,C,chronic,,MALAWI,2009,MT861463,"9105m35, 9112m.35",Yes,9112m,non-panel,HIV-1,C.MW.2009.714909105_35.MT861463,4.69,4.69: Martinez2020,-,
714909105_5,,C,chronic,,MALAWI,2009,MT861473,"9105m5, 9112m.5",Yes,9112m,non-panel,HIV-1,C.MW.2009.714909105_5.MT861473,3.11,3.11: Martinez2020,-,
714909105_6,,C,chronic,,MALAWI,2009,MT861449,"9105m6, 9112m.6",Yes,9112m,non-panel,HIV-1,C.MW.2009.714909105_6.MT861449,8,8: Martinez2020,-,
714909105_7,,C,chronic,,MALAWI,2009,MT861456,"9105m7, 9112m.7",Yes,9112m,non-panel,HIV-1,C.MW.2009.714909105_7.MT861456,9.27,9.27: Martinez2020,-,
714909112_11,,C,acute T/F,,MALAWI,2009,MT861427,"9112i.0.11, 9112i11",Yes,9112i,non-panel,HIV-1,C.MW.2009.714909112_11.MT861427,2.09,2.09: Martinez2020,-,
714910601_16,,C,chronic,,MALAWI,2009,PQ466112,"0601m16, 714910601.16",Yes,714910601,non-panel,HIV-1,C.MW.2009.714910601_16.PQ466112,UD,>50: Martinez2020,-,
714910601_19,,C,chronic,,MALAWI,2009,PQ466115,"0601m19, 714910601.19",Yes,714910601,non-panel,HIV-1,C.MW.2009.714910601_19.PQ466115,UD,>50: Martinez2020,-,
714910601_21,,C,chronic,,MALAWI,2009,PQ466113,"0601m21, 714910601.21",Yes,714910601,non-panel,HIV-1,C.MW.2009.714910601_21.PQ466113,UD,>50: Martinez2020,-,
714910601_23,,C,chronic,,MALAWI,2009,PQ466116,"0601m23, 714910601.23",Yes,714910601,non-panel,HIV-1,C.MW.2009.714910601_23.PQ466116,UD,>50: Martinez2020,-,
714910601_24,,C,chronic,,MALAWI,2009,PQ466117,"0601m24, 714910601.24",Yes,714910601,non-panel,HIV-1,C.MW.2009.714910601_24.PQ466117,UD,>50: Martinez2020,-,
714910601_36,,C,chronic,,MALAWI,2009,PQ466130,"0601m36, 714910601.36",Yes,714910601,non-panel,HIV-1,C.MW.2009.714910601_36.PQ466130,UD,>50: Martinez2020,-,
714910601_39,,C,chronic,,MALAWI,2009,PQ466123,"0601m39, 714910601.39",Yes,714910601,non-panel,HIV-1,C.MW.2009.714910601_39.PQ466123,UD,>50: Martinez2020,-,
714910601_42,,C,chronic,,MALAWI,2009,PQ466125,"0601m42, 714910601.42",Yes,714910601,non-panel,HIV-1,C.MW.2009.714910601_42.PQ466125,UD,>50: Martinez2020,-,
714910601_45,,C,chronic,,MALAWI,2009,PQ466075,"0601m45, 714910601.45",Yes,714910601,non-panel,HIV-1,C.MW.2009.714910601_45.PQ466075,UD,>50: Martinez2020,-,
714910601_49,,C,chronic,,MALAWI,2009,PQ466127,"0601m49, 714910601.49",Yes,714910601,non-panel,HIV-1,C.MW.2009.714910601_49.PQ466127,UD,>50: Martinez2020,-,
714910601_50,,C,chronic,,MALAWI,2009,PQ466118,"0601m50, 714910601.50",Yes,714910601,non-panel,HIV-1,C.MW.2009.714910601_50.PQ466118,UD,>50: Martinez2020,-,
714910616_1,,C,acute T/F,,MALAWI,2009,PQ466099,"0616i1, 714910616.1",Yes,714910616,non-panel,HIV-1,C.MW.2009.714910616_1.PQ466099,UD,>50: Martinez2020,-,
7165_18,2,B,<3mo,CCR5,UNITED STATES,1994,AY835437,"7165, 7165.18, 7165.18.SG3, SVPB4",Yes,7165-P23,panel,HIV-1,B.US.1994.7165_18.AY835437,29.4121,16.3: Falkowska2012;21.5: Kwon2015;25.10000: Doria-Rose2016;25.1: Kong2016a-dataset1;26.8: Kwon2018;27.5: Xu2017;28.2: Steinhardt2018;29.3: Wu2010;30.1000: Liu2019;30.95: Zhang2022_dataset1;45: Bonsignori2016;45: Bricault2019_dataset2;48.6: Kwon2021_dataset1;>40: Georgiev2013_dataset2;>50: Bricault2019;>50: Chuang2013;>50: Crooks2015;>50: Doria-Rose2012;>50: Gardner2015;>50: Georgiev2013_dataset1;>50: Georgiev2013_dataset3;>50: Georgiev2013_dataset4;>50: Huang2012a;>50: Huang2016a_dataset1;>50: Kwon2021_dataset2;>50: Liao2013;>50: McLellan2011;>50: Rudicell2014;>50: Wu2011;>50: Zhou2013a;>50: Zhou2017,UD,>50: Doria-Rose2012;>50: Doria-Rose2016;>50: Gardner2015;>50: Georgiev2013_dataset4;>50: Huang2012a;>50: Kong2016a-dataset1;>50: Kwon2018;>50: Kwon2021_dataset1;>50: Liao2013;>50: Liu2019;>50: McLellan2011;>50: Rudicell2014;>50: Steinhardt2018;>50: Wu2010;>50: Wu2011;>50: Xu2017;>50: Zhang2022_dataset1;>50: Zhou2013a;>50: Zhou2017
722_G4_16,2,C,acute,,SOUTH AFRICA,2007,JN967798,SO722_G4_16,Yes,503_13503_SO722,panel,HIV-1,C.ZA.2007.722_G4_16.JN967798,UD,>10: Bricault2019_dataset1;>10: Wagh2016,UD,>10: Wagh2016
731027_AA104A_RH5,,01_AE,<12mo,CCR5,THAILAND,2006,JX447986,"731027, AA104a_RH5",Yes,AA104,panel,HIV-1,01_AE.TH.2006.731027_AA104A_RH5.JX447986,1.62,1.62: Chenine2018,-,
783_V0_C51,,A1,acute,,TANZANIA,2002,HM215347,"0783.0.51, 0783.v0.c51, 783.v0.c51",Yes,783,panel,HIV-1,A1.TZ.2002.783_V0_C51.HM215347,0.26153,0.24: Wu2010;0.285: Wagh2018,0.82709,0.68: Wu2010;1.006: Wagh2018
7_J16,,C,<12mo,,INDIA,2007,EU908222,,Yes,IVC7,non-panel,HIV-1,C.IN.2007.7_J16.EU908222,0.002,<0.002: Mullick2021,-,
7_J20,,C,<12mo,,INDIA,2007,EU908223,,Yes,IVC7,non-panel,HIV-1,C.IN.2007.7_J20.EU908223,0.03,0.03: Mullick2021,-,
816763_C02,,01_AE,acute,CCR5,THAILAND,2006,JN944659,"816763, 816763.02, 816763.c02",Yes,AA119,panel,HIV-1,01_AE.TH.2006.816763_C02.JN944659,0.28,0.28: Chenine2018,-,
816769_AA107A_WG8,,01_AE,<12mo,CCR5,THAILAND,2005,JX448026,"816769, AA107a_wg8",Yes,AA107,panel,HIV-1,01_AE.TH.2005.816769_AA107A_WG8.JX448026,1.07,1.07: Chenine2018,-,
851891_4_15,,A1,<12mo,,KENYA,2005,KT022376,"851891, 851891.4.15",Yes,,panel,HIV-1,A1.KE.2005.851891_4_15.KT022376,0.037,0.037: Wagh2018,0.115,0.115: Wagh2018
89_6,2,B,chronic,CCR5 CXCR4,UNITED STATES,1989,U39362,"89, 89.6, 89.6.DG, 89_6_DG",Yes,P896,panel,HIV-1,B.US.1989.89_6.U39362,0.67381,0.12: Xu2017;0.402: Gardner2016;0.41: Kwon2018;0.45969: Huang2016a_dataset1;0.46: Doria-Rose2012;0.46: Huang2012a;0.46: Liao2013;0.46: McLellan2011;0.511: Falkowska2012;0.511: Wu2010;0.511: Wu2011;0.63: Umotoy2019_dataset1;0.762: Steinhardt2018;0.807: Zhang2019a;0.849: Bricault2019;0.849: Chuang2013;0.849: Rudicell2014;0.887: Kwon2015;1.09: Kwon2021_dataset1;1.2100: Liu2019;1.24: Kong2016a-dataset1;1.25000: Doria-Rose2016;1.3: Bonsignori2016;1.3: Bricault2019_dataset2;1.31: Zhang2022_dataset1,2.09742,0.358: Xu2017;1.44: Kwon2018;1.575: Doria-Rose2012;1.58: Huang2012a;1.58: Liao2013;1.58: McLellan2011;2.03: Steinhardt2018;2.3: Wu2010;2.3: Wu2011;2.67: Kong2016a-dataset1;3.056: Kwon2021_dataset1;3.056: Zhang2022_dataset1;3.3: Zhang2019a;3.4300: Liu2019;3.64000: Doria-Rose2016;3.97: Rudicell2014
89_F1_2_25,2,CD,acute,,TANZANIA,,HM215349,"89_F1, 89-F1_2_25, 89.F1_2_25",Yes,89,panel,HIV-1,CD.TZ..89_F1_2_25.HM215349,UD,>100: Umotoy2019_dataset2;>50: Bricault2019_dataset3;>50: Jardine2016a;>50: Zhang2019a,UD,>50: Zhang2019a
9004SS_A3_4,2,A1,acute T/F,,UGANDA,2007,HM215350,9004SS,Yes,9004,panel,HIV-1,A1.UG.2007.9004SS_A3_4.HM215350,0.505,0.505: Bricault2019_dataset3;0.505: Hraber2014;0.505: Wagh2018;>100: Umotoy2019_dataset2,1.75,1.75: Hraber2014;1.75: Wagh2018
9009SA_A4_2,,D,<3mo,,UGANDA,2007,HM215351,,Yes,9009SA,panel,HIV-1,D.UG.2007.9009SA_A4_2.HM215351,UD,>25: Wagh2018,UD,>25: Wagh2018
9021_14_B2_4571,2,B,acute,CCR5,UNITED STATES,1998,EU289196,"9021, 9021-14.B2.4571, 9021.14.B2.4571, 9021_14B24571",Yes,9021,panel,HIV-1,B.US.1998.9021_14_B2_4571.EU289196,1.7,1.7: Wu2010,10.6,10.6: Wu2010
928_28,2,02_AG,<12mo,CCR5,COTE D'IVOIRE,1999,EU513199,"928-28, 928.28, 929-28, NIH-ARP-11608, T928-28",Yes,928,panel,HIV-1,02_AG.CI.1999.928_28.EU513199,0.42176,0.173: Jardine2016a;0.2: Moyo2018_dataset2;0.22: Umotoy2019_dataset2;0.249: Zhang2019a;0.34: Xu2017;0.378: Doria-Rose2012;0.378: Huang2012a;0.378: Huang2016a_dataset1;0.378: McLellan2011;0.394: Steinhardt2018;0.405: Bricault2019;0.405: Chuang2013;0.405: Rudicell2014;0.41: Scheid2011;0.41: Wu2010;0.41: Wu2011;0.461: Kwon2018;0.476: Bonsignori2016;0.476: Bricault2019_dataset2;0.541: Kwon2015;0.5480: Liu2019;0.5784: Zhang2022_dataset1;0.63900: Doria-Rose2016;0.673: Kong2016a-dataset1;0.807: Kwon2021_dataset1;1.21: Bricault2019_dataset3,1.31309,0.96: Doria-Rose2012;0.96: Huang2012a;0.96: McLellan2011;0.968: Steinhardt2018;0.99: Zhang2019a;1.04: Xu2017;1.17000: Doria-Rose2016;1.28: Kwon2018;1.5100: Liu2019;1.54: Rudicell2014;1.66: Kong2016a-dataset1;1.7: Scheid2011;1.7: Wu2010;1.7: Wu2011;1.766: Kwon2021_dataset1;1.766: Zhang2022_dataset1
928_28_L669S,,02_AG,,CCR5,COTE D'IVOIRE,1999,,,Yes,928,mutant,HIV-1,02_AG.CI.1999.928_28_L669S.,0.1,0.1: Moyo2018_dataset2,-,
928_28_Y681H,,02_AG,,CCR5,COTE D'IVOIRE,1999,,,Yes,928,mutant,HIV-1,02_AG.CI.1999.928_28_Y681H.,0.1,0.1: Moyo2018_dataset2,-,
92BR020,1 or 2,B,chronic,,BRAZIL,1992,AY669718,,Yes,92BR020,panel,HIV-1,B.BR.1992.92BR020.AY669718,0.088126,0.04: Umotoy2019_dataset1;0.059: Zhang2019a;0.29: Walker2011,0.23,0.23: Zhang2019a
92BR025_9,1B or 2,C,<12mo,CCR5,BRAZIL,1992,U15121,"92BR025.9, BR025.9, BR025_9",Yes,BR025,panel,HIV-1,C.BR.1992.92BR025_9.U15121,0.22284,0.053: Bricault2019;0.053: Chuang2013;0.053: Georgiev2013_dataset2;0.053: Rudicell2014;0.115: Falkowska2012;0.115: Georgiev2013_dataset3;0.115: McCoy2012;0.115: Wu2010;0.115: Wu2011;0.27: Liao2013;0.271: Doria-Rose2012;0.271: Georgiev2013_dataset1;0.271: Huang2012a;0.271: Huang2016a_dataset1;0.271: McLellan2011;0.278: Kwon2021_dataset1;0.335: Kwon2015;0.34: Xu2017;0.3778: Zhang2022_dataset1;0.43700: Doria-Rose2016;0.486: Kwon2018;0.528: Steinhardt2018;0.593: Bonsignori2016;0.593: Bricault2019_dataset2;0.5970: Liu2019;0.633: Kong2016a-dataset1,1.39536,0.555: Wu2010;0.555: Wu2011;0.608: Rudicell2014;1.08: Doria-Rose2012;1.08: Huang2012a;1.08: Liao2013;1.08: McLellan2011;1.878: Kwon2021_dataset1;1.878: Zhang2022_dataset1;2.15: Xu2017;2.2: Kwon2018;2.2100: Liu2019;2.37: Steinhardt2018;2.49: Kong2016a-dataset1;2.67000: Doria-Rose2016
92RW008,,A1,chronic,,RWANDA,1992,AY669703,,Yes,RW008,panel,HIV-1,A1.RW.1992.92RW008.AY669703,0.037,0.037: Walker2011,-,
92RW009,,A1C,chronic,,RWANDA,1992,AY669700,"92RW009_06, 92RW009.6",Yes,RW009,panel,HIV-1,A1C.RW.1992.92RW009.AY669700,0.28684,0.187: Walker2011;0.44: Balla-Jhagjhoorsingh2013,-,
92RW009_N276D,,A1C,chronic,,RWANDA,1992,,,Yes,RW009,mutant,HIV-1,A1C.RW.1992.92RW009_N276D.,0.14,0.14: Balla-Jhagjhoorsingh2013,-,
92RW020_2,2,A1,<12mo,CCR5,RWANDA,1992,EU855131,"92.RW020, 92RW020, 92RW020.2, RW020, RW020.2, RW020_2",Yes,RW020,panel,HIV-1,A1.RW.1992.92RW020_2.EU855131,0.2575,0.109: Williams2017_dataset3;0.13: Walker2011;0.185: Kong2016a-dataset2;0.2: Kong2016a-dataset1;0.203: Bonsignori2016;0.203: Bricault2019_dataset2;0.205: Jardine2016a;0.206: Zhang2019a;0.217: Steinhardt2018;0.223: Kwon2021_dataset1;0.224: Falkowska2012;0.224: Georgiev2013_dataset3;0.224: Wu2010;0.224: Wu2011;0.2340: Liu2019;0.244: Georgiev2013_dataset4;0.254: Bricault2019;0.254: Chuang2013;0.254: Georgiev2013_dataset2;0.254: Rudicell2014;0.276: Zhang2022_dataset1;0.28: Doria-Rose2014;0.296: Xu2017;0.297: Kwon2015;0.3: Liao2013;0.303: Doria-Rose2012;0.303: Georgiev2013_dataset1;0.303: Huang2012a;0.303: Huang2016a_dataset1;0.303: McLellan2011;0.32: Kwon2018;0.33: Qiao2016;0.33: Sun2017;0.346: Andrabi2015;0.39300: Doria-Rose2016;0.485: Wagh2018;0.5: Umotoy2019_dataset1,0.85768,0.647: Steinhardt2018;0.689: Williams2017_dataset3;0.7250: Liu2019;0.7826: Kwon2021_dataset1;0.7826: Zhang2022_dataset1;0.799: Georgiev2013_dataset4;0.802: Kwon2018;0.811: Zhang2019a;0.849: Xu2017;0.85900: Doria-Rose2016;0.868: Doria-Rose2012;0.868: Huang2012a;0.868: McLellan2011;0.87: Liao2013;0.883: Wu2010;0.883: Wu2011;0.955: Rudicell2014;1: Kong2016a-dataset1;1.702: Wagh2018
92RW024,,A1CD,chronic,,RWANDA,1992,AY669699,,Yes,RW024,panel,HIV-1,A1CD.RW.1992.92RW024.AY669699,0.327,0.327: Walker2011,-,
92TH021,2,01_AE,chronic,CCR5,THAILAND,1992,AY669775,,Yes,TH021,panel,HIV-1,01_AE.TH.1992.92TH021.AY669775,0.40516,0.24: Umotoy2019_dataset1;0.324: Zhang2019a;0.37: Jardine2016a;0.616: Sok2016;0.616: Walker2011,1.31,1.31: Zhang2019a
92UG001,,D,chronic,,UGANDA,1992,AY669754,,Yes,UG001,panel,HIV-1,D.UG.1992.92UG001.AY669754,1.159,1.159: Walker2011,-,
92UG005,,D,chronic,CCR5,UGANDA,1992,AY669758,,Yes,UG005,panel,HIV-1,D.UG.1992.92UG005.AY669758,0.576,0.576: Sok2016;0.576: Walker2011,-,
92UG031,,A1,chronic,,UGANDA,1992,AY669701,UG031,Yes,UG031,panel,HIV-1,A1.UG.1992.92UG031.AY669701,0.469,0.469: Walker2011,-,
92UG035,,A1D,,CCR5,UGANDA,1992,AY669755,,Yes,UG035,panel,HIV-1,A1D.UG.1992.92UG035.AY669755,3.45,3.45: Sok2016,-,
92UG038,,D,,CXCR4,UGANDA,1992,AY669759,,Yes,UG038,panel,HIV-1,D.UG.1992.92UG038.AY669759,1.04,1.04: Sok2016,-,
92UG046,,D,chronic,CXCR4,UGANDA,1992,AY623599,,Yes,UG046,panel,HIV-1,D.UG.1992.92UG046.AY623599,12.687,12.687: Walker2011;>50: Sok2016,-,
92US715,,B,chronic,CCR5,UNITED STATES,1992,U08451,,Yes,715,panel,HIV-1,B.US.1992.92US715.U08451,1,1: Crooks2015,-,
93IN905,2,C,chronic,CCR5,INDIA,1993,AY669742,,Yes,93IN905,panel,HIV-1,C.IN.1993.93IN905.AY669742,0.10789,0.07: Zhang2019a;0.13: Umotoy2019_dataset1;0.138: Walker2011,0.28,0.28: Zhang2019a
93MW959,,C,chronic,CCR5,MALAWI,1993,AY669739,,Yes,959,panel,HIV-1,C.MW.1993.93MW959.AY669739,0.053,0.053: Walker2011,-,
93RW029,,A1,chronic,,RWANDA,1993,AY669697,,Yes,RW029,panel,HIV-1,A1.RW.1993.93RW029.AY669697,1.57,1.57: Walker2011,-,
93TH057,,01_AE,,,THAILAND,1993,AF197338,,Yes,TH057,panel,HIV-1,01_AE.TH.1993.93TH057.AF197338,1.32,1.32: Huang2016a_dataset2,-,
93TH305,,B,chronic,,THAILAND,1993,AY669729,,Yes,TH305,panel,HIV-1,B.TH.1993.93TH305.AY669729,0.243,0.243: Walker2011,-,
93UG065,,D,,CXCR4,UGANDA,1993,HM215353,,Yes,UG065,panel,HIV-1,D.UG.1993.93UG065.HM215353,9.197,9.197: Wagh2018;>50: Sok2016,UD,>25: Wagh2018
93UG070,,D,,CXCR4,UGANDA,1993,AY669756,,Yes,UG070,panel,HIV-1,D.UG.1993.93UG070.AY669756,1.23,1.23: Sok2016,-,
93UG077,,A1,chronic,,UGANDA,1993,AY669704,,Yes,UG077,panel,HIV-1,A1.UG.1993.93UG077.AY669704,0.097,0.097: Walker2011,-,
93UG082,,D,,CCR5,UGANDA,1993,AY669750,,Yes,UG082,panel,HIV-1,D.UG.1993.93UG082.AY669750,0.226,0.226: Sok2016,-,
94KE105,,A1C,chronic,CCR5,KENYA,1994,AY669768,,Yes,KE105,panel,HIV-1,A1C.KE.1994.94KE105.AY669768,0.499,0.499: Walker2011,-,
94UG103,2,A1,chronic,,UGANDA,1994,AY669705,,Yes,UG103,panel,HIV-1,A1.UG.1994.94UG103.AY669705,0.23518,0.164: Jardine2016a;0.187: Zhang2019a;0.285: Walker2011;0.35: Umotoy2019_dataset1,0.752,0.752: Zhang2019a
94UG114,,D,chronic,CCR5,UGANDA,1994,AY494966,,Yes,114,panel,HIV-1,D.UG.1994.94UG114.AY494966,0.33,0.33: Sok2016;0.33: Walker2011,-,
94UG118,,D,,CCR5,UGANDA,1994,AY669751,,Yes,94UG118,panel,HIV-1,D.UG.1994.94UG118.AY669751,5.24,5.24: Sok2016,-,
96ZM651_02,2,C,<12mo,,ZAMBIA,1996,AF286224,"96ZM651, 96ZM651.01, 96ZM651.02, Zm651",Yes,651,panel,HIV-1,C.ZM.1996.96ZM651_02.AF286224,0.67443,0.525: Doria-Rose2012;0.525: Huang2012a;0.525: Huang2016a_dataset1;0.525: McLellan2011;0.525: Wu2011;0.53: Liao2013;0.57: Bonsignori2016;0.57: Bricault2019_dataset2;0.607: Xu2017;0.645: Kwon2015;0.7350: Liu2019;0.797: Bricault2019;0.797: Chuang2013;0.797: Kwon2018;0.797: Rudicell2014;0.802: Kwon2021_dataset1;0.807: Steinhardt2018;0.8236: Zhang2022_dataset1;0.883: Kong2016a-dataset1;1.01000: Doria-Rose2016,2.47944,1.9: Wu2011;1.94: Doria-Rose2012;1.94: Huang2012a;1.94: Liao2013;1.94: McLellan2011;2.41: Xu2017;2.54: Steinhardt2018;2.65: Rudicell2014;2.69: Kwon2018;2.8200: Liu2019;3.09000: Doria-Rose2016;3.12: Kong2016a-dataset1;3.224: Kwon2021_dataset1;3.224: Zhang2022_dataset1
97ZA009,,C,,CCR5,SOUTH AFRICA,1997,AY118166,,Yes,97ZA009,panel,HIV-1,C.ZA.1997.97ZA009.AY118166,0.602,0.602: Sok2016,-,
98CN006,,08_BC,chronic,CCR5,CHINA,1998,AY669745,,Yes,CN006,panel,HIV-1,08_BC.CN.1998.98CN006.AY669745,0.655,0.655: Walker2011,-,
98CN009,,07_BC,chronic,,CHINA,1998,AY669747,,Yes,CN009,panel,HIV-1,07_BC.CN.1998.98CN009.AY669747,0.346,0.346: Walker2011,-,
98IN022,,C,chronic,CCR5,INDIA,1998,AY669748,,Yes,IN022,panel,HIV-1,C.IN.1998.98IN022.AY669748,0.64594,0.342: Walker2011;1.22: Sok2016,-,
98TZ017,,C,,CCR5,TANZANIA,1998,AF286235,,Yes,TZ017,panel,HIV-1,C.TZ.1998.98TZ017.AF286235,0.937,0.937: Sok2016,-,
98_F4_H5_13,3,C,<12mo,,TANZANIA,2000,HQ659642,"98-F4_H5-13, 98-F4_H5_13",Yes,98F4,panel,HIV-1,C.TZ.2000.98_F4_H5_13.HQ659642,UD,>10: Bricault2019_dataset1;>10: Wagh2016,UD,>10: Wagh2016
A03349M1_VRC4A,,D,,,UGANDA,1999,HM215356,"A03349M1, A03349M1.vrc4a",Yes,A03349,panel,HIV-1,D.UG.1999.A03349M1_VRC4A.HM215356,3.93377,1.92: Sastry2023_dataset1;2.86: Kwon2015;2.94: Bricault2019;2.94: Chuang2013;2.94: Rudicell2014;2.96: Xu2017;3.5000: Liu2019;3.7: McCoy2012;3.7: Wu2010;3.7: Wu2011;4.1: Bonsignori2016;4.1: Bricault2019_dataset2;4.42: Steinhardt2018;4.564: Zhang2022_dataset1;4.66: Doria-Rose2012;4.66: Gardner2015;4.66: Huang2012a;4.66: Huang2016a_dataset1;4.66: McLellan2011;4.766: Wagh2018;4.82: Kwon2021_dataset1;5.02: Kong2016a-dataset1;5.36: Kwon2018;5.59000: Doria-Rose2016,17.0499,9.94: Doria-Rose2016;11: Wu2010;11: Wu2011;11.3000: Liu2019;12.9: Xu2017;13.9: Steinhardt2018;14.8: Kong2016a-dataset1;16.498: Kwon2021_dataset1;16.498: Zhang2022_dataset1;18.3: Kwon2018;20.982: Wagh2018;21.7: Rudicell2014;28.1: Doria-Rose2012;28.1: Gardner2015;28.1: Huang2012a;28.1: McLellan2011
A07412M1_VRC12,2,D,,CCR5,UGANDA,1999,HM215357,"A07412M1, A07412M1.vrc12",Yes,A07412,panel,HIV-1,D.UG.1999.A07412M1_VRC12.HM215357,0.13259,0.051: Zhang2019a;0.082: Bricault2019_dataset2;0.083: Kong2016a-dataset1;0.088: Umotoy2019_dataset2;0.101: Steinhardt2018;0.1090: Liu2019;0.1454: Zhang2022_dataset1;0.148: Xu2017;0.153: Kwon2021_dataset1;0.161: Kwon2018;0.28: Bricault2019_dataset3;0.28: Hraber2014;0.28: Wagh2018,0.49903,0.216: Zhang2019a;0.339: Steinhardt2018;0.392: Xu2017;0.4050: Liu2019;0.436: Kong2016a-dataset1;0.461: Kwon2018;0.5928: Kwon2021_dataset1;0.5928: Zhang2022_dataset1;1.08: Hraber2014;1.08: Wagh2018
A08483M1_VRC9,,D,,,UGANDA,1999,HM215358,A08483M1.vrc9,Yes,A08483,panel,HIV-1,D.UG.1999.A08483M1_VRC9.HM215358,0.733,0.733: Wagh2018,4.118,4.118: Wagh2018
AC10_29,2,B,acute,CCR5,UNITED STATES,1998,AY835446,"AC10, AC10.0, A/C10.0.29, AC10.0.29, AC10_0_29, AC10.29, AC10.29.SG3, NIH-ARP-11024, SVPB13",Yes,AC10,panel,HIV-1,B.US.1998.AC10_29.AY835446,1.51102,0.17: Crooks2015;0.79: Pace2013;0.867: Zhang2019a;0.954: Bricault2019;0.954: Chuang2013;0.954: Georgiev2013_dataset2;0.954: Rudicell2014;1.02: Kwon2021_dataset1;1.1: Umotoy2019_dataset2;1.19: Doria-Rose2014;1.2500: Liu2019;1.32: Xu2017;1.41: Bonsignori2016;1.41: Bricault2019_dataset2;1.43: Doria-Rose2012;1.43: Georgiev2013_dataset1;1.43: Georgiev2013_dataset4;1.43: Huang2012a;1.43: Huang2016a_dataset1;1.43: Liao2013;1.43: McLellan2011;1.60000: Doria-Rose2016;1.6: Kong2016a-dataset1;1.63: Kwon2015;1.65: Kwon2018;1.8046: Zhang2022_dataset1;1.81: Steinhardt2018;1.98: Jardine2016a;2.2: Falkowska2012;2.2: Georgiev2013_dataset3;2.2: McCoy2012;2.2: Scheid2011;2.2: Wu2010;2.2: Wu2011;2.49: Qiao2016;2.49: Sun2017;2.83: Bricault2019_dataset3;2.83: Hraber2014;3.26: Kwon2021_dataset2;3.51: Kong2016,4.31694,2.76: Steinhardt2018;3.36000: Doria-Rose2016;3.5: Kong2016a-dataset1;3.51: Xu2017;3.52: Zhang2019a;3.83: Doria-Rose2012;3.83: Georgiev2013_dataset4;3.83: Huang2012a;3.83: Liao2013;3.83: McLellan2011;3.97: Kwon2018;4.3300: Liu2019;4.67: Rudicell2014;4.77: Kwon2021_dataset1;4.77: Zhang2022_dataset1;6.5: Scheid2011;6.5: Wu2010;6.5: Wu2011;7.06: Hraber2014
ADA,,B,chronic,,UNITED STATES,1986,AY426119,"ADA.DG, ADA_DG",Yes,ADA,panel,HIV-1,B.US.1986.ADA.AY426119,0.41201,0.14: Qiao2016;0.14: Sun2017;0.25: Crooks2015;0.27: Sastry2023_dataset1;0.314: Zhang2019a;0.34: Gardner2016;0.343: Kwon2021_dataset1;0.361: Kong2016a-dataset1;0.379: Falkowska2012;0.379: Georgiev2013_dataset3;0.408: Xu2017;0.42: Liao2013;0.424: Doria-Rose2012;0.424: Georgiev2013_dataset1;0.424: Huang2012a;0.424: Huang2016a_dataset1;0.424: McLellan2011;0.424: Wu2011;0.458: Kwon2015;0.47: Steinhardt2018;0.48: Umotoy2019_dataset1;0.502: Bricault2019;0.502: Chuang2013;0.502: Georgiev2013_dataset2;0.502: Rudicell2014;0.5560: Liu2019;0.563: Bonsignori2016;0.563: Bricault2019_dataset2;0.5844: Zhang2022_dataset1;0.80100: Doria-Rose2016;0.852: Kwon2018,1.62253,1.2: Kong2016a-dataset1;1.3: Xu2017;1.31: Zhang2019a;1.32: Steinhardt2018;1.4: Doria-Rose2012;1.4: Huang2012a;1.4: Liao2013;1.4: McLellan2011;1.4: Wu2011;1.84000: Doria-Rose2016;2.084: Kwon2021_dataset1;2.084: Zhang2022_dataset1;2.24: Kwon2018;2.3200: Liu2019;2.36: Rudicell2014
AE01,2,01_AE,<12mo,,CHINA,1999,EU363849,,Yes,AE01,panel,HIV-1,01_AE.CN.1999.AE01.EU363849,0.12,0.12: Qiao2016,-,
AE03,3,01_AE,<12mo,CCR5,CHINA,2005,EU363851,,Yes,AE03,panel,HIV-1,01_AE.CN.2005.AE03.EU363851,0.01,0.01: Qiao2016;0.01: Sun2017,-,
AIIMS704_70401,,C,chronic,,INDIA,2017,MN703344,70401,Yes,AIIMS704,non-panel,HIV-1,C.IN.2017.AIIMS704_70401.MN703344,UD,>10: Mishra2020a,-,
AIIMS704_70402,,C,chronic,,INDIA,2017,MN703345,70402,Yes,AIIMS704,non-panel,HIV-1,C.IN.2017.AIIMS704_70402.MN703345,UD,>10: Mishra2020a,-,
AIIMS704_70403,,C,chronic,,INDIA,2017,MN703343,70403,Yes,AIIMS704,non-panel,HIV-1,C.IN.2017.AIIMS704_70403.MN703343,UD,>10: Mishra2020a,-,
AIIMS704_70405,,C,chronic,,INDIA,2017,MN703347,70405,Yes,AIIMS704,non-panel,HIV-1,C.IN.2017.AIIMS704_70405.MN703347,UD,>10: Mishra2020a,-,
AIIMS704_70406,,C,chronic,,INDIA,2017,MN703348,70406,Yes,AIIMS704,non-panel,HIV-1,C.IN.2017.AIIMS704_70406.MN703348,UD,>10: Mishra2020a,-,
AIIMS704_70408,,C,chronic,,INDIA,2017,MN703349,70408,Yes,AIIMS704,non-panel,HIV-1,C.IN.2017.AIIMS704_70408.MN703349,6.98,6.98: Mishra2020a,-,
AIIMS704_70414,,C,chronic,,INDIA,2017,MN703346,70414,Yes,AIIMS704,non-panel,HIV-1,C.IN.2017.AIIMS704_70414.MN703346,UD,>10: Mishra2020a,-,
AIIMS704_70421,,C,chronic,,INDIA,2017,MN703350,70421,Yes,AIIMS704,non-panel,HIV-1,C.IN.2017.AIIMS704_70421.MN703350,6.98,6.98: Mishra2020a,-,
AIIMS706_70604B,,C,<12mo,,INDIA,2017,MN703352,70604B,Yes,AIIMS706,non-panel,HIV-1,C.IN.2017.AIIMS706_70604B.MN703352,2.87,2.87: Mishra2020a,-,
AIIMS706_70606A,,C,<12mo,,INDIA,2017,MN703358,70606A,Yes,AIIMS706,non-panel,HIV-1,C.IN.2017.AIIMS706_70606A.MN703358,2.09,2.09: Mishra2020a,-,
AIIMS706_70606B,,C,<12mo,,INDIA,2017,MN703359,70606B,Yes,AIIMS706,non-panel,HIV-1,C.IN.2017.AIIMS706_70606B.MN703359,3.12,3.12: Mishra2020a,-,
AIIMS706_70606F,,C,<12mo,,INDIA,2017,MN703355,70606F,Yes,AIIMS706,non-panel,HIV-1,C.IN.2017.AIIMS706_70606F.MN703355,4.44,4.44: Mishra2020a,-,
AIIMS706_70606Z,,C,<12mo,,INDIA,2017,MN703353,70606Z,Yes,AIIMS706,non-panel,HIV-1,C.IN.2017.AIIMS706_70606Z.MN703353,1.19,1.19: Mishra2020a,-,
AIIMS706_70607A,,C,<12mo,,INDIA,2017,MN703351,70607A,Yes,AIIMS706,non-panel,HIV-1,C.IN.2017.AIIMS706_70607A.MN703351,3.67,3.67: Mishra2020a,-,
AIIMS706_70607B,,C,<12mo,,INDIA,2017,MN703356,70607B,Yes,AIIMS706,non-panel,HIV-1,C.IN.2017.AIIMS706_70607B.MN703356,4.87,4.87: Mishra2020a,-,
AIIMS706_70607C,,C,<12mo,,INDIA,2017,MN703357,70607C,Yes,AIIMS706,non-panel,HIV-1,C.IN.2017.AIIMS706_70607C.MN703357,1.45,1.45: Mishra2020a,-,
AIIMS706_70607F,,C,<12mo,,INDIA,2017,MN703354,70607F,Yes,AIIMS706,non-panel,HIV-1,C.IN.2017.AIIMS706_70607F.MN703354,3.67,3.67: Mishra2020a,-,
AIIMS709_70912B,,C,chronic,,INDIA,2018,MN703360,70912B,Yes,AIIMS709,non-panel,HIV-1,C.IN.2018.AIIMS709_70912B.MN703360,8.79,8.79: Mishra2020a,-,
AIIMS709_70915B,,C,chronic,,INDIA,2018,MN703361,70915B,Yes,AIIMS709,non-panel,HIV-1,C.IN.2018.AIIMS709_70915B.MN703361,9.91,9.91: Mishra2020a,-,
AIIMS709_709312B,,C,chronic,,INDIA,2018,MN703364,709312B,Yes,AIIMS709,non-panel,HIV-1,C.IN.2018.AIIMS709_709312B.MN703364,UD,>10: Mishra2020a,-,
AIIMS709_709316B,,C,chronic,,INDIA,2018,MN703365,709316B,Yes,AIIMS709,non-panel,HIV-1,C.IN.2018.AIIMS709_709316B.MN703365,UD,>10: Mishra2020a,-,
AIIMS709_70931B,,C,chronic,,INDIA,2018,MN703362,70931B,Yes,AIIMS709,non-panel,HIV-1,C.IN.2018.AIIMS709_70931B.MN703362,6.64,6.64: Mishra2020a,-,
AIIMS709_70936B,,C,chronic,,INDIA,2018,MN703363,70936B,Yes,AIIMS709,non-panel,HIV-1,C.IN.2018.AIIMS709_70936B.MN703363,5.61,5.61: Mishra2020a,-,
AIIMS709_70942B,,C,chronic,,INDIA,2018,MN703366,70942B,Yes,AIIMS709,non-panel,HIV-1,C.IN.2018.AIIMS709_70942B.MN703366,UD,>10: Mishra2020a,-,
AIIMS731_73105B,,C,<12mo,,INDIA,2017,MT366192,73105b,Yes,AIIMS731,non-panel,HIV-1,C.IN.2017.AIIMS731_73105B.MT366192,3.274,3.274: Mishra2020,-,
AIIMS731_73105C,,C,<12mo,,INDIA,2017,MT366193,73105c,Yes,AIIMS731,non-panel,HIV-1,C.IN.2017.AIIMS731_73105C.MT366193,2.658,2.658: Mishra2020,-,
AIIMS731_73105D,,C,<12mo,,INDIA,2017,MT366194,73105d,Yes,AIIMS731,non-panel,HIV-1,C.IN.2017.AIIMS731_73105D.MT366194,3.625,3.625: Mishra2020,-,
AIIMS731_73105E,,C,<12mo,,INDIA,2017,MT366195,73105e,Yes,AIIMS731,non-panel,HIV-1,C.IN.2017.AIIMS731_73105E.MT366195,3.524,3.524: Mishra2020,-,
AIIMS731_73105H,,C,<12mo,,INDIA,2017,MT366196,73105h,Yes,AIIMS731,non-panel,HIV-1,C.IN.2017.AIIMS731_73105H.MT366196,3.256,3.256: Mishra2020,-,
AIIMS731_73106F,,C,<12mo,,INDIA,2017,MT366197,73106f,Yes,AIIMS731,non-panel,HIV-1,C.IN.2017.AIIMS731_73106F.MT366197,2.664,2.664: Mishra2020,-,
AIIMS743_74311A,,C,chronic,,INDIA,2018,MN703391,74311A,Yes,AIIMS743,non-panel,HIV-1,C.IN.2018.AIIMS743_74311A.MN703391,UD,>10: Mishra2020a,-,
AIIMS743_74311B,,C,chronic,,INDIA,2018,MN703392,74311B,Yes,AIIMS743,non-panel,HIV-1,C.IN.2018.AIIMS743_74311B.MN703392,UD,>10: Mishra2020a,-,
AIIMS743_74311C,,C,chronic,,INDIA,2018,MN703393,74311C,Yes,AIIMS743,non-panel,HIV-1,C.IN.2018.AIIMS743_74311C.MN703393,UD,>10: Mishra2020a,-,
AIIMS743_74311G,,C,chronic,,INDIA,2018,MN703394,74311G,Yes,AIIMS743,non-panel,HIV-1,C.IN.2018.AIIMS743_74311G.MN703394,UD,>10: Mishra2020a,-,
AIIMS743_74311K,,C,chronic,,INDIA,2018,MN703395,74311K,Yes,AIIMS743,non-panel,HIV-1,C.IN.2018.AIIMS743_74311K.MN703395,UD,>10: Mishra2020a,-,
AIIMS743_74311N,,C,chronic,,INDIA,2018,MN703396,74311N,Yes,AIIMS743,non-panel,HIV-1,C.IN.2018.AIIMS743_74311N.MN703396,UD,>10: Mishra2020a,-,
AMC009_1B5,2,B,<3mo,,NETHERLANDS,1986,PP544519,AMC009,Yes,ACH18877,non-panel,HIV-1,B.NL.1986.AMC009_1B5.PP544519,0.12,0.12: Schorcht2020,-,
AMC011,2,B,<12mo,,NETHERLANDS,1989,PP544654,,Yes,D12950,non-panel,HIV-1,B.NL.1989.AMC011.PP544654,0.41,0.41: vanGils2016,-,
APV_13,,B,<12mo,CCR5,UNITED STATES,2001,DQ869019,,Yes,APV_13,panel,HIV-1,B.US.2001.APV_13.DQ869019,0.657,0.657: Walker2011,-,
APV_17,,B,<12mo,CCR5,UNITED STATES,2002,DQ869023,,Yes,APV_17,panel,HIV-1,B.US.2002.APV_17.DQ869023,0.477,0.477: Walker2011,-,
APV_6,,B,<12mo,CCR5,UNITED STATES,2003,DQ869030,,Yes,APV6,panel,HIV-1,B.US.2003.APV_6.DQ869030,1.812,1.812: Walker2011,-,
B001_ENV02,,B,,CCR5,UNITED STATES,2018,PP728307,,Yes,B001,non-panel,HIV-1,B.US.2018.B001_ENV02.PP728307,3.4,3.40: Wieczorek2023,-,
B001_ENV06,,B,,CCR5,UNITED STATES,2018,PP728308,,Yes,B001,non-panel,HIV-1,B.US.2018.B001_ENV06.PP728308,1.98,1.98: Wieczorek2023,-,
B002_ENV03,,B,,CCR5,UNITED STATES,2018,PP728309,,Yes,B002,non-panel,HIV-1,B.US.2018.B002_ENV03.PP728309,1.02,1.02: Wieczorek2023,-,
B003_ENV04,,B,,CCR5,UNITED STATES,2018,PP728310,,Yes,B003,non-panel,HIV-1,B.US.2018.B003_ENV04.PP728310,3.21,3.21: Wieczorek2023,-,
B003_ENV06,,B,,CCR5,UNITED STATES,2018,PP728311,,Yes,B003,non-panel,HIV-1,B.US.2018.B003_ENV06.PP728311,0.65,0.65: Wieczorek2023,-,
B004_ENV02,,B,,CCR5,UNITED STATES,2017,PP728312,,Yes,B004,non-panel,HIV-1,B.US.2017.B004_ENV02.PP728312,3.18,3.18: Wieczorek2023,-,
B005018_8_F6_3,2,C,acute,,BOTSWANA,2006,KF114881,B005018-8_F6.3,Yes,B005018,panel,HIV-1,C.BW.2006.B005018_8_F6_3.KF114881,0.28,0.28: Bricault2019_dataset1;0.28: Wagh2016,1,1: Wagh2016
B005582_7_G7_8,2,C,<3mo,,BOTSWANA,2007,KF114882,B005582-7_G7.8,Yes,B005582,panel,HIV-1,C.BW.2007.B005582_7_G7_8.KF114882,UD,>10: Bricault2019_dataset1;>10: Wagh2016,UD,>10: Wagh2016
B005_ENV03,,B,acute,CCR5,UNITED STATES,2017,PP728313,,Yes,B005,non-panel,HIV-1,B.US.2017.B005_ENV03.PP728313,0.96,0.96: Wieczorek2023,-,
B006_ENV02,,B,,CCR5,UNITED STATES,2017,PP728314,,Yes,B006,non-panel,HIV-1,B.US.2017.B006_ENV02.PP728314,0.29,0.29: Wieczorek2023,-,
B006_ENV10,,B,,CCR5,UNITED STATES,2017,PP728315,,Yes,B006,non-panel,HIV-1,B.US.2017.B006_ENV10.PP728315,0.37,0.37: Wieczorek2023,-,
B007_ENV01,,B,,CCR5,UNITED STATES,2018,PP728316,,Yes,B007,non-panel,HIV-1,B.US.2018.B007_ENV01.PP728316,1.55,1.55: Wieczorek2023,-,
B007_ENV06,,B,,CCR5,UNITED STATES,2018,PP728317,,Yes,B007,non-panel,HIV-1,B.US.2018.B007_ENV06.PP728317,1.28,1.28: Wieczorek2023,-,
B008_ENV05,,B,acute,CCR5,UNITED STATES,2018,PP728318,,Yes,B008,non-panel,HIV-1,B.US.2018.B008_ENV05.PP728318,1.61,1.61: Wieczorek2023,-,
B009_ENV07,,B,,CCR5,UNITED STATES,2018,PP728319,,Yes,B009,non-panel,HIV-1,B.US.2018.B009_ENV07.PP728319,0.57,0.57: Wieczorek2023,-,
B009_ENV11,,B,,CCR5,UNITED STATES,2018,PP728320,,Yes,B009,non-panel,HIV-1,B.US.2018.B009_ENV11.PP728320,0.37,0.37: Wieczorek2023,-,
B01,1,B,<12mo,CCR5,CHINA,2003,EU363825,,Yes,B01,panel,HIV-1,B.CN.2003.B01.EU363825,1.77771,1.25: Nie2020;2.12: Qiao2016;2.12: Sun2017,-,
B010_ENV09,,B,,CCR5,UNITED STATES,2018,PP728321,,Yes,B010,non-panel,HIV-1,B.US.2018.B010_ENV09.PP728321,9.78,9.78: Wieczorek2023,-,
B011_ENV04,,B,acute,CCR5,UNITED STATES,2018,PP728322,,Yes,B011,non-panel,HIV-1,B.US.2018.B011_ENV04.PP728322,3.93,3.93: Wieczorek2023,-,
B012_ENV02,,B,,CCR5,UNITED STATES,2017,PP728323,,Yes,B012,non-panel,HIV-1,B.US.2017.B012_ENV02.PP728323,0.27,0.27: Wieczorek2023,-,
B013_ENV02,,B,acute,CCR5,UNITED STATES,2017,PP728324,,Yes,B013,non-panel,HIV-1,B.US.2017.B013_ENV02.PP728324,6.88,6.88: Wieczorek2023,-,
B015_ENV04,,B,,CCR5,UNITED STATES,2018,PP728325,,Yes,B015,non-panel,HIV-1,B.US.2018.B015_ENV04.PP728325,0.13,0.13: Wieczorek2023,-,
B015_ENV07,,B,,CCR5 CXCR4,UNITED STATES,2018,PP728326,,Yes,B015,non-panel,HIV-1,B.US.2018.B015_ENV07.PP728326,0.38,0.38: Wieczorek2023,-,
B016_ENV01,,B,acute,CCR5,UNITED STATES,2017,PP728327,,Yes,B016,non-panel,HIV-1,B.US.2017.B016_ENV01.PP728327,6.7,6.70: Wieczorek2023,-,
B016_ENV02,,B,acute,CCR5,UNITED STATES,2017,PP728328,,Yes,B016,non-panel,HIV-1,B.US.2017.B016_ENV02.PP728328,0.67,0.67: Wieczorek2023,-,
B019_ENV02,,B,,CCR5,UNITED STATES,2018,PP728329,,Yes,B019,non-panel,HIV-1,B.US.2018.B019_ENV02.PP728329,2.23,2.23: Wieczorek2023,-,
B02,1,B,<12mo,,CHINA,2003,EU363826,,Yes,B02,panel,HIV-1,B.CN.2003.B02.EU363826,0.066494,0.06: Nie2020;0.07: Qiao2016;0.07: Sun2017,-,
B020_ENV06,,B,,CCR5,UNITED STATES,2018,PP728330,,Yes,B020,non-panel,HIV-1,B.US.2018.B020_ENV06.PP728330,0.75,0.75: Wieczorek2023,-,
B021_ENV03,,B,,CCR5,UNITED STATES,2018,PP728331,,Yes,B021,non-panel,HIV-1,B.US.2018.B021_ENV03.PP728331,10.48,10.48: Wieczorek2023,-,
B021_ENV08,,B,,CCR5,UNITED STATES,2018,PP728332,,Yes,B021,non-panel,HIV-1,B.US.2018.B021_ENV08.PP728332,6.29,6.29: Wieczorek2023,-,
B023_ENV09,,B,,CCR5,UNITED STATES,2017,PP728333,,Yes,B023,non-panel,HIV-1,B.US.2017.B023_ENV09.PP728333,0.69,0.69: Wieczorek2023,-,
B024_ENV01,,B,acute,CCR5,UNITED STATES,2017,PP728334,,Yes,B024,non-panel,HIV-1,B.US.2017.B024_ENV01.PP728334,0.42,0.42: Wieczorek2023,-,
B025_ENV04,,B,acute,CCR5,UNITED STATES,2017,PP728335,,Yes,B025,non-panel,HIV-1,B.US.2017.B025_ENV04.PP728335,1.43,1.43: Wieczorek2023,-,
B026_ENV05,,B,acute,CCR5,UNITED STATES,2018,PP728336,,Yes,B026,non-panel,HIV-1,B.US.2018.B026_ENV05.PP728336,1.96,1.96: Wieczorek2023,-,
B027_ENV01,,B,acute,CCR5,UNITED STATES,2018,PP728337,,Yes,B027,non-panel,HIV-1,B.US.2018.B027_ENV01.PP728337,1.26,1.26: Wieczorek2023,-,
B027_ENV08,,B,acute,CCR5,UNITED STATES,2018,PP728338,,Yes,B027,non-panel,HIV-1,B.US.2018.B027_ENV08.PP728338,2.59,2.59: Wieczorek2023,-,
B028_ENV03,,B,,CCR5,UNITED STATES,2018,PP728339,,Yes,B028,non-panel,HIV-1,B.US.2018.B028_ENV03.PP728339,16.26,16.26: Wieczorek2023,-,
B028_ENV06,,B,,CCR5,UNITED STATES,2018,PP728340,,Yes,B028,non-panel,HIV-1,B.US.2018.B028_ENV06.PP728340,7.45,7.45: Wieczorek2023,-,
B03,3,B,<12mo,,CHINA,2003,EU363827,,Yes,B03,panel,HIV-1,B.CN.2003.B03.EU363827,0.92,0.92: Nie2020,-,
B030_ENV09,,B,,CCR5,UNITED STATES,2018,PP728341,,Yes,B030,non-panel,HIV-1,B.US.2018.B030_ENV09.PP728341,3.9,3.90: Wieczorek2023,-,
B032_ENV07,,B,acute,CCR5,UNITED STATES,2018,PP728342,,Yes,B032,non-panel,HIV-1,B.US.2018.B032_ENV07.PP728342,0.52,0.52: Wieczorek2023,-,
B033_ENV02,,B,<3mo,CCR5,UNITED STATES,2018,PP728343,,Yes,B033,non-panel,HIV-1,B.US.2018.B033_ENV02.PP728343,0.19,0.19: Wieczorek2023,-,
B035_ENV05,,B,,CCR5 CXCR4,UNITED STATES,2018,PP728344,,Yes,B035,non-panel,HIV-1,B.US.2018.B035_ENV05.PP728344,0.91,0.91: Wieczorek2023,-,
B035_ENV09,,B,,CCR5,UNITED STATES,2018,PP728345,,Yes,B035,non-panel,HIV-1,B.US.2018.B035_ENV09.PP728345,0.93,0.93: Wieczorek2023,-,
B036_ENV03,,B,<3mo,CCR5 CXCR4,UNITED STATES,2018,PP728346,,Yes,B036,non-panel,HIV-1,B.US.2018.B036_ENV03.PP728346,2,2.00: Wieczorek2023,-,
B036_ENV13,,B,<3mo,CCR5 CXCR4,UNITED STATES,2018,PP728347,,Yes,B036,non-panel,HIV-1,B.US.2018.B036_ENV13.PP728347,1.94,1.94: Wieczorek2023,-,
B037_ENV02,,B,,CCR5,UNITED STATES,2018,PP728348,,Yes,B037,non-panel,HIV-1,B.US.2018.B037_ENV02.PP728348,UD,>50: Wieczorek2023,-,
B037_ENV16,,B,,CXCR4,UNITED STATES,2018,PP728349,,Yes,B037,non-panel,HIV-1,B.US.2018.B037_ENV16.PP728349,UD,>50: Wieczorek2023,-,
B039_ENV02,,B,<12mo,CCR5,UNITED STATES,2018,PP728350,,Yes,B039,non-panel,HIV-1,B.US.2018.B039_ENV02.PP728350,11.62,11.62: Wieczorek2023,-,
B04,3,B,<12mo,,CHINA,2006,EU363828,,Yes,B04,panel,HIV-1,B.CN.2006.B04.EU363828,31.13,31.13: Qiao2016;31.13: Sun2017,-,
B05,3,B,<12mo,,CHINA,2006,EU363829,,Yes,B05,panel,HIV-1,B.CN.2006.B05.EU363829,0.01,0.01: Nie2020,-,
B06,2,B,<12mo,CCR5,CHINA,,EU363830,,Yes,B06,panel,HIV-1,B.CN..B06.EU363830,0.17,0.17: Nie2020,-,
B41_9032_08_A1,2,B,acute T/F,CCR5,UNITED STATES,1998,EU576114,B41,Yes,9032,non-panel,HIV-1,B.US.1998.B41_9032_08_A1.EU576114,2.99,2.99: Cao2018,-,
BAL_01,1B,B,<12mo,,UNITED STATES,1985,DQ318210,"Bal, BaL, Bal.01, BaL.01, BaL-PBMC",Yes,BAL,panel,HIV-1,B.US.1985.BAL_01.DQ318210,0.079685,0.012: Williams2017_dataset3;0.02: Umotoy2019_dataset1;0.048: Bricault2019;0.048: Chuang2013;0.048: Georgiev2013_dataset2;0.048: Rudicell2014;0.055: Falkowska2012;0.055: Georgiev2013_dataset3;0.059: Kong2016a-dataset2;0.081: Kwon2015;0.084: Kwon2021_dataset1;0.094: Georgiev2013_dataset4;0.095: Steinhardt2018;0.1: Liao2013;0.102: Doria-Rose2012;0.102: Georgiev2013_dataset1;0.102: Huang2012a;0.102: Huang2016a_dataset1;0.102: McLellan2011;0.102: Wu2011;0.103: Kwon2018;0.112: Xu2017;0.1128: Zhang2022_dataset1;0.12: Crooks2015;0.124: Bonsignori2016;0.124: Bricault2019_dataset2;0.1240: Liu2019;0.15600: Doria-Rose2016;0.191: Kong2016a-dataset1,0.31088,0.072: Georgiev2013_dataset4;0.097: Williams2017_dataset3;0.235: Rudicell2014;0.307: Steinhardt2018;0.318: Doria-Rose2012;0.318: Huang2012a;0.318: McLellan2011;0.318: Wu2011;0.32: Liao2013;0.359: Kwon2018;0.4058: Kwon2021_dataset1;0.4058: Zhang2022_dataset1;0.418: Xu2017;0.5000: Liu2019;0.55600: Doria-Rose2016;0.672: Kong2016a-dataset1
BAL_26,1B,B,<12mo,,UNITED STATES,1985,DQ318211,"Bal.26, Bal26, BaL.26",Yes,BAL,panel,HIV-1,B.US.1985.BAL_26.DQ318211,0.041527,0.005: Kong2016;0.01: Zhang2019a;0.0239: Rusert2016;0.028: Kwon2015;0.037: Bricault2019;0.037: Chuang2013;0.037: Georgiev2013_dataset2;0.037: Rudicell2014;0.042: Steinhardt2018;0.046: Xu2017;0.047: Doria-Rose2012;0.04700: Doria-Rose2016;0.047: Georgiev2013_dataset1;0.047: Huang2012a;0.047: Huang2016a_dataset1;0.047: McLellan2011;0.0474: Zhang2022_dataset1;0.048: Falkowska2012;0.048: Georgiev2013_dataset3;0.0520: Liu2019;0.056: Kwon2021_dataset1;0.056: Spencer2021;0.058: Kong2016a-dataset1;0.06: Bonsignori2016;0.06: Bricault2019_dataset2;0.06: Kwon2018;0.17: Schwarzmuller2024,0.15418,0.037: Zhang2019a;0.138: Steinhardt2018;0.145: Rudicell2014;0.154: Doria-Rose2012;0.154: Huang2012a;0.154: McLellan2011;0.167: Xu2017;0.1764: Kwon2021_dataset1;0.1764: Zhang2022_dataset1;0.20000: Doria-Rose2016;0.202: Kwon2018;0.2130: Liu2019;0.23: Kong2016a-dataset1
BB201_B42,,A1,acute T/F,,KENYA,,DQ187171,"BB201, BB201.B42",Yes,B201child,panel,HIV-1,A1.KE..BB201_B42.DQ187171,0.28904,0.223: Falkowska2012;0.223: Georgiev2013_dataset3;0.23: Bricault2019;0.23: Chuang2013;0.23: Georgiev2013_dataset2;0.23: Rudicell2014;0.256: Kwon2021_dataset1;0.2608: Zhang2022_dataset1;0.262: Steinhardt2018;0.2720: Liu2019;0.273: Kwon2015;0.278: Xu2017;0.308: Kwon2018;0.316: Bonsignori2016;0.316: Bricault2019_dataset2;0.34: Liao2013;0.343: Doria-Rose2012;0.343: Georgiev2013_dataset1;0.343: Huang2012a;0.343: Huang2016a_dataset1;0.343: McLellan2011;0.343: Wu2011;0.36600: Doria-Rose2016;0.369: Kong2016a-dataset1,0.89904,0.614: Steinhardt2018;0.689: Kwon2018;0.7702: Kwon2021_dataset1;0.7702: Zhang2022_dataset1;0.805: Xu2017;0.8120: Liu2019;0.899: Kong2016a-dataset1;0.93200: Doria-Rose2016;0.982: Rudicell2014;1.1: Wu2011;1.11: Doria-Rose2012;1.11: Huang2012a;1.11: Liao2013;1.11: McLellan2011
BB539_2B13,,A1,acute T/F,,KENYA,,DQ187240,"BB539, BB539.2B13",Yes,B539child,panel,HIV-1,A1.KE..BB539_2B13.DQ187240,0.082819,0.053: Kong2016a-dataset1;0.056: Bricault2019;0.056: Chuang2013;0.056: Georgiev2013_dataset2;0.056: Rudicell2014;0.069: Falkowska2012;0.069: Georgiev2013_dataset3;0.089: Xu2017;0.09: Kwon2018;0.09: Liao2013;0.092: Kwon2015;0.094: Doria-Rose2012;0.094: Georgiev2013_dataset1;0.094: Huang2012a;0.094: Huang2016a_dataset1;0.094: McLellan2011;0.094: Wu2011;0.1050: Liu2019;0.105: Steinhardt2018;0.1164: Zhang2022_dataset1;0.131: Kwon2021_dataset1,0.3772,0.265: Rudicell2014;0.33: Doria-Rose2012;0.33: Huang2012a;0.33: Liao2013;0.33: McLellan2011;0.33: Wu2011;0.341: Kong2016a-dataset1;0.348: Kwon2018;0.407: Steinhardt2018;0.458: Xu2017;0.4896: Kwon2021_dataset1;0.4896: Zhang2022_dataset1;0.5690: Liu2019
BC01,3,08_BC,<12mo,,CHINA,2006,EU363831,,Yes,YN161,panel,HIV-1,08_BC.CN.2006.BC01.EU363831,UD,>20: Nie2020,-,
BC02,1,07_BC,<12mo,CCR5,CHINA,,EU363832,,Yes,XJ74,panel,HIV-1,07_BC.CN..BC02.EU363832,1.2,1.2: Nie2020,-,
BC03,1,BC,<12mo,,CHINA,2003,EU363833,,Yes,BC03,panel,HIV-1,BC.CN.2003.BC03.EU363833,1.86,1.86: Nie2020,-,
BC04,2,BC,<12mo,,CHINA,2007,EU363834,,Yes,BC04,panel,HIV-1,BC.CN.2007.BC04.EU363834,1.22,1.22: Nie2020,-,
BC05,2,BC,<12mo,,CHINA,2007,EU363835,,Yes,BC05,panel,HIV-1,BC.CN.2007.BC05.EU363835,1.08,1.08: Nie2020,-,
BC06,3,08_BC,<12mo,,CHINA,2005,EU363836,,Yes,BC06,panel,HIV-1,08_BC.CN.2005.BC06.EU363836,2.53,2.53: Nie2020,-,
BC07,3,07_BC,<12mo,CCR5,CHINA,2005,EU363837,,Yes,YN109,panel,HIV-1,07_BC.CN.2005.BC07.EU363837,0.18,0.18: Qiao2016;0.18: Sun2017;>20: Nie2020,-,
BC08,2,BC,<12mo,,CHINA,2006,EU363838,,Yes,BC08,panel,HIV-1,BC.CN.2006.BC08.EU363838,0.44,0.44: Nie2020,-,
BC09,2,BC,<12mo,,CHINA,2003,EU363839,,Yes,BC09,panel,HIV-1,BC.CN.2003.BC09.EU363839,UD,>20: Nie2020,-,
BC10,2,07_BC,<12mo,CCR5,CHINA,2005,EU363840,,Yes,BC10,panel,HIV-1,07_BC.CN.2005.BC10.EU363840,0.62,0.62: Nie2020,-,
BC11,2,BC,<12mo,,CHINA,2005,EU363841,,Yes,BC11,panel,HIV-1,BC.CN.2005.BC11.EU363841,1.42,1.42: Nie2020,-,
BC12,1,07_BC,<12mo,CCR5,CHINA,,EU363842,,Yes,BC12,panel,HIV-1,07_BC.CN..BC12.EU363842,UD,>20: Nie2020,-,
BC13,3,BC,<12mo,,CHINA,,EU363843,,Yes,BC13,panel,HIV-1,BC.CN..BC13.EU363843,UD,>20: Nie2020,-,
BC14,3,07_BC,<12mo,CCR5,CHINA,2003,EU363844,,Yes,BC14,panel,HIV-1,07_BC.CN.2003.BC14.EU363844,0.79,0.79: Nie2020,-,
BC15,3,BC,<12mo,,CHINA,2003,EU363845,,Yes,BC15,panel,HIV-1,BC.CN.2003.BC15.EU363845,1.16,1.16: Nie2020,-,
BC16,2,07_BC,<12mo,CCR5,CHINA,,EU363846,,Yes,BC16,panel,HIV-1,07_BC.CN..BC16.EU363846,1.96,1.96: Nie2020,-,
BC17,2,08_BC,<12mo,CCR5,CHINA,2006,EU363847,,Yes,BC17,panel,HIV-1,08_BC.CN.2006.BC17.EU363847,UD,>20: Nie2020,-,
BC18,2,07_BC,<12mo,CCR5,CHINA,2005,EU363848,,Yes,XJ153,panel,HIV-1,07_BC.CN.2005.BC18.EU363848,1.06,1.06: Nie2020,-,
BF1266_431A,2,C,acute T/F,,MALAWI,2002,HM215360,"BF1266, BF1266.431a",Yes,1266,panel,HIV-1,C.MW.2002.BF1266_431A.HM215360,0.04846,0.0077: Umotoy2019_dataset2;0.028: Zhang2019a;0.05: Fouda2013;0.07: Bricault2019_dataset1;0.07: Wagh2016;0.109: Bricault2019_dataset3;0.109: Hraber2014,0.20689,0.11: Zhang2019a;0.23: Wagh2016;0.35: Hraber2014
BF1677F2_613A,,C,,,MALAWI,,HM215361,"BF1677F2.613a, BF1677F2_613a",Yes,1677,panel,HIV-1,C.MW..BF1677F2_613A.HM215361,1.5,1.5: Fouda2013,-,
BF329,,C,,,MALAWI,2002,JN983803,,Yes,329,panel,HIV-1,C.MW.2002.BF329.JN983803,0.01,0.01: Fouda2013,-,
BF520_W14_E3,,A1,<12mo,,KENYA,1994,KX168096,BF520.W14M.E3,Yes,BF520,non-panel,HIV-1,A1.KE.1994.BF520_W14_E3.KX168096,0.63,<.63: Simonich2016_dataset2,-,
BF535_A1,2,A1D,<3mo,,KENYA,,DQ208431,"BF535.A1, BF535_W6M_ENV_A1",Yes,F535child,panel,HIV-1,A1D.KE..BF535_A1.DQ208431,0.2,0.2: Lynch2011,-,
BF591,,C,,,MALAWI,2002,JN983804,,Yes,591,panel,HIV-1,C.MW.2002.BF591.JN983804,0.08,0.08: Fouda2013,-,
BF703,,C,,,MALAWI,2002,JN983805,,Yes,703,panel,HIV-1,C.MW.2002.BF703.JN983805,0.15,0.15: Fouda2013,-,
BF942_218D,,C,,,MALAWI,,HM215362,"BF942.218d, BF942a",Yes,942,panel,HIV-1,C.MW..BF942_218D.HM215362,UD,>25: Fouda2013,-,
BG1168_1,2,B,<3mo,CCR5,UNITED STATES,1996,AY835443,"1168, BG1168, BG1168.01, BG1168_01, BG1168.1, SVPB10",Yes,PIC55751,panel,HIV-1,B.US.1996.BG1168_1.AY835443,0.4836,0.218: Williams2017_dataset3;0.276: Falkowska2012;0.276: Georgiev2013_dataset3;0.276: Wu2010;0.276: Wu2011;0.32: Crooks2015;0.379: Kwon2018;0.383: Bricault2019;0.383: Chuang2013;0.383: Georgiev2013_dataset2;0.383: Rudicell2014;0.443: Kwon2021_dataset1;0.449: Doria-Rose2012;0.449: Georgiev2013_dataset1;0.449: Georgiev2013_dataset4;0.449: Huang2012a;0.449: Huang2016a_dataset1;0.449: McLellan2011;0.45: Liao2013;0.464: Zhou2013a;0.5492: Zhang2022_dataset1;0.576: Huang2016a_dataset2;0.6520: Liu2019;0.657: Kong2016a-dataset2;0.738: Bonsignori2016;0.738: Bricault2019_dataset2;0.811: Xu2017;0.869: Steinhardt2018;0.908: Kwon2015;1.07000: Doria-Rose2016;1.31: Kong2016a-dataset1,2.01218,1.32: Georgiev2013_dataset4;1.43: Doria-Rose2012;1.43: Huang2012a;1.43: Liao2013;1.43: McLellan2011;1.5: Wu2010;1.5: Wu2011;1.64: Williams2017_dataset3;1.69: Rudicell2014;1.7: Kwon2018;1.8: Zhou2013a;2.1900: Liu2019;2.574: Kwon2021_dataset1;2.574: Zhang2022_dataset1;3.48: Kong2016a-dataset1;3.57: Steinhardt2018;3.86: Xu2017;3.99000: Doria-Rose2016
BG505_DELTA_CT_T332N,,A1,,,KENYA,1993,,"BG505 ACT/T332N, BG505 deltaCT/T332N, BG505 √é¬îCT/T332N, BG505_T332N_DELTA_CT, BG505.T332NŒîCT, BG505ŒîCT/T332N",Yes,BG505,mutant,HIV-1,A1.KE.1993.BG505_DELTA_CT_T332N.,0.18,0.18: Schwarzmuller2024,-,
BG505_W6M_A5_T332N,,A1,,,KENYA,1993,,"BG505.W6M 332N, BG505_W6M_ENV_A5_T332N",Yes,BG505,mutant,HIV-1,A1.KE.1993.BG505_W6M_A5_T332N.,0.1,0.1: Rusert2016,-,
BG505_W6M_C2,2,A1,acute T/F,,KENYA,1993,DQ208458,"BG505, BG505.Env.C2, BG505.w6m, BG505.W6M.C2, BG505.W6M.C2.WT, BG505.W6M.ENV.C2, BG505.WT, W6M.C2",Yes,BG505,panel,HIV-1,A1.KE.1993.BG505_W6M_C2.DQ208458,0.072876,0.037: Steinhardt2018;0.04: Kong2016a-dataset1;0.052: Kong2016a-dataset2;0.052: Kwon2018;0.053: Bonsignori2016;0.053: Bricault2019_dataset2;0.05600: Doria-Rose2016;0.056: Zhang2019a;0.058: Kwon2021_dataset1;0.06: Hoffenberg2013;0.062: Xu2017;0.067: Andrabi2015;0.067: Sastry2023_dataset1;0.0672: Zhang2022_dataset1;0.072: Zhou2017;0.08: Qiao2016;0.0820: Liu2019;0.09: Umotoy2019_dataset1;0.12: Yin2021;0.164: Lee2017;0.19: Williams2018;0.26: Simonich2016_dataset2,0.18313,0.125: Steinhardt2018;0.15300: Doria-Rose2016;0.164: Kwon2018;0.186: Xu2017;0.189: Kwon2021_dataset1;0.189: Zhang2022_dataset1;0.19: Kong2016a-dataset1;0.207: Zhou2017;0.213: Zhang2019a;0.2430: Liu2019
BG505_W6M_C2_DELGLY3_197,,A1,,,KENYA,1993,,,Yes,BG505,mutant,HIV-1,A1.KE.1993.BG505_W6M_C2_DELGLY3_197.,0.01,0.01: Zhou2017,0.021,0.021: Zhou2017
BG505_W6M_C2_DELGLY3_276,,A1,,,KENYA,1993,,,Yes,BG505,mutant,HIV-1,A1.KE.1993.BG505_W6M_C2_DELGLY3_276.,0.004,0.004: Zhou2017,0.011,0.011: Zhou2017
BG505_W6M_C2_DELGLY3_363,,A1,,,KENYA,1993,,,Yes,BG505,mutant,HIV-1,A1.KE.1993.BG505_W6M_C2_DELGLY3_363.,0.002,0.002: Zhou2017,0.006,0.006: Zhou2017
BG505_W6M_C2_DELGLY3_462,,A1,,,KENYA,1993,,,Yes,BG505,mutant,HIV-1,A1.KE.1993.BG505_W6M_C2_DELGLY3_462.,0.003,0.003: Zhou2017,0.009,0.009: Zhou2017
BG505_W6M_C2_DELGLY4,,A1,,,KENYA,1993,,,Yes,BG505,mutant,HIV-1,A1.KE.1993.BG505_W6M_C2_DELGLY4.,0.002,0.002: Zhou2017,0.004,0.004: Zhou2017
BG505_W6M_C2_FP_V2,,A1,,,KENYA,1993,,BG505.FP_v2,Yes,BG505,mutant,HIV-1,A1.KE.1993.BG505_W6M_C2_FP_V2.,0.051,0.051: Sastry2023_dataset1,-,
BG505_W6M_C2_FP_V3,,A1,,,KENYA,1993,,BG505.FP_v3,Yes,BG505,mutant,HIV-1,A1.KE.1993.BG505_W6M_C2_FP_V3.,0.077,0.077: Sastry2023_dataset1,-,
BG505_W6M_C2_N611Q,,A1,,,KENYA,1993,,"BG505-del611, BG505.N611Q, BG505.W6M.C2.N611Q, BG505.W6M.C2.N611Q.SG3",Yes,BG505,mutant,HIV-1,A1.KE.1993.BG505_W6M_C2_N611Q.,0.067,0.067: Sastry2023_dataset1,-,
BG505_W6M_C2_N611Q_FP_V2,,A1,,,KENYA,1993,,BG505.N611Q.FP_v2,Yes,BG505,mutant,HIV-1,A1.KE.1993.BG505_W6M_C2_N611Q_FP_V2.,0.053,0.053: Sastry2023_dataset1,-,
BG505_W6M_C2_N611Q_FP_V3,,A1,,,KENYA,1993,,BG505.N611Q.FP_v3,Yes,BG505,mutant,HIV-1,A1.KE.1993.BG505_W6M_C2_N611Q_FP_V3.,0.054,0.054: Sastry2023_dataset1,-,
BG505_W6M_C2_T332N,2,A1,,,KENYA,1993,,"BG505.N332, BG505 T332N, BG505-T332N, BG505.T332N, BG505/T332N, BG505_T332N, BG505T332N, BG505.T332N.C2, BG505.W6M.332N, BG505.W6M.C2.T332N",Yes,BG505,mutant,HIV-1,A1.KE.1993.BG505_W6M_C2_T332N.,0.14876,0.059: Wagh2018;0.07: Sanders2013;0.15: Williams2018;0.24: Simonich2016_dataset2;0.27: Cao2018;0.27: Schwarzmuller2024,0.134,0.134: Wagh2018
BI206_W6P_A1,,A1,acute,,KENYA,,DQ208465,BI206.P.A1,Yes,I206child,panel,HIV-1,A1.KE..BI206_W6P_A1.DQ208465,0.25,0.25: Qiao2016,-,
BI369_9A,,A1,acute T/F,,KENYA,,DQ187019,"B1369.9A, BI369, BI369.9A",Yes,I369child,panel,HIV-1,A1.KE..BI369_9A.DQ187019,0.14644,0.047: Steinhardt2018;0.08: Bricault2019;0.08: Chuang2013;0.08: Georgiev2013_dataset2;0.08: Rudicell2014;0.122: Xu2017;0.142: Falkowska2012;0.142: Georgiev2013_dataset3;0.149: Doria-Rose2012;0.149: Georgiev2013_dataset1;0.149: Huang2012a;0.149: Huang2016a_dataset1;0.149: McLellan2011;0.149: Sastry2023_dataset1;0.149: Wu2011;0.15: Liao2013;0.171: Kwon2015;0.176: Kwon2018;0.216: Kong2016a-dataset1;0.2170: Liu2019;0.224: Bonsignori2016;0.224: Bricault2019_dataset2;0.231: Kwon2021_dataset1;0.236: Zhang2022_dataset1;0.31000: Doria-Rose2016,0.68142,0.434: Rudicell2014;0.532: Steinhardt2018;0.598: Xu2017;0.619: Kwon2018;0.6350: Liu2019;0.657: Doria-Rose2012;0.657: Huang2012a;0.657: McLellan2011;0.657: Wu2011;0.66: Liao2013;0.73: Kong2016a-dataset1;0.92500: Doria-Rose2016;1.0162: Kwon2021_dataset1;1.0162: Zhang2022_dataset1
BJ168_17,3,B,,,CHINA,,MN617378,BJ168.17,Yes,BJ168,panel,HIV-1,B.CN..BJ168_17.MN617378,3.79,3.79: Nie2020,-,
BJ171_13,1,B,,,CHINA,,MN617379,BJ171.13,Yes,BJ171,panel,HIV-1,B.CN..BJ171_13.MN617379,0.72,0.72: Nie2020,-,
BJ175_4,2,B,,,CHINA,,MN617380,BJ175.4,Yes,BJ175,panel,HIV-1,B.CN..BJ175_4.MN617380,0.12,0.12: Nie2020,-,
BJ176_1,2,B,,,CHINA,,MN617381,BJ176.1,Yes,BJ176,panel,HIV-1,B.CN..BJ176_1.MN617381,0.05,0.05: Nie2020,-,
BJ17A_6,3,01_AE,<12mo,CCR5,CHINA,2007,GU475028,BJ17A.6,Yes,,panel,HIV-1,01_AE.CN.2007.BJ17A_6.GU475028,0.8,0.8: Nie2020,-,
BJ22_5,1,07_BC,,CCR5,CHINA,,HQ326125,BJ22-5,Yes,,panel,HIV-1,07_BC.CN..BJ22_5.HQ326125,2.27,2.27: Nie2020,-,
BJ23_1,3,B,,,CHINA,,MN617361,BJ23-1,Yes,,panel,HIV-1,B.CN..BJ23_1.MN617361,UD,>20: Nie2020,-,
BJ24_3,2,07_BC,,CCR5,CHINA,,HQ326126,BJ24-3,Yes,,panel,HIV-1,07_BC.CN..BJ24_3.HQ326126,1.46,1.46: Nie2020,-,
BJ28_13,2,07_BC,,,CHINA,,MN617362,BJ28-13,Yes,,panel,HIV-1,07_BC.CN..BJ28_13.MN617362,3.49,3.49: Nie2020,-,
BJ33_11,3,B,,,CHINA,,MN642094,BJ33.11,Yes,BJ33,panel,HIV-1,B.CN..BJ33_11.MN642094,0.17,0.17: Nie2020,-,
BJ39_14,2,B,,,CHINA,,MN617376,BJ39.14,Yes,BJ39,panel,HIV-1,B.CN..BJ39_14.MN617376,0.81,0.81: Nie2020,-,
BJ3_4,3,01_AE,<12mo,CCR5,CHINA,2007,GU475040,BJ3.4,Yes,,panel,HIV-1,01_AE.CN.2007.BJ3_4.GU475040,0.3,0.3: Nie2020,-,
BJ5_11,2,01_AE,<12mo,CCR5,CHINA,2007,GU475024,BJ5.11,Yes,,panel,HIV-1,01_AE.CN.2007.BJ5_11.GU475024,0.22,0.22: Nie2020,-,
BJ613_E1,2,A1,<3mo,,KENYA,,DQ208448,"BJ613.E1, BJ613_W6M_ENV_E1",Yes,J613child,panel,HIV-1,A1.KE..BJ613_E1.DQ208448,0.08,0.08: Lynch2011,-,
BJ6_17,2,01_AE,<12mo,CCR5,CHINA,2008,GU475029,BJ6.17,Yes,,panel,HIV-1,01_AE.CN.2008.BJ6_17.GU475029,0.07,0.07: Nie2020,-,
BJMSM2249,,01_AE,<12mo,,CHINA,,,"BJMSM2249_13_21_2, BM-2249, BM2249",Yes,,panel,HIV-1,01_AE.CN..BJMSM2249.,3.77,3.77: Kong2016,-,
BJMSM2316,,01_AE,<12mo,,CHINA,,,"BJMSM2316_14_1_5, BM-2316, BM2316",Yes,,panel,HIV-1,01_AE.CN..BJMSM2316.,0.32,0.32: Kong2016,-,
BJMSM2498,,01_AE,<12mo,,CHINA,,,"BJMSM2498_40_32_4, BM-2498, BM2498",Yes,,panel,HIV-1,01_AE.CN..BJMSM2498.,1.5,1.50: Kong2016,-,
BJOX002000_03_2,2,07_BC,acute T/F,,CHINA,2007,HM215364,"BJOX002, BJOX002000, BJOX0020000, BJOX0020000_03_2, BJOX002000.03.2, BJOX02000, BJOX 2000, BJOX2000",Yes,OX002000,panel,HIV-1,07_BC.CN.2007.BJOX002000_03_2.HM215364,63.756,63.756: Richardson2021;>20: Kong2016;>25: Decamp2014;>3.5: Wu2018_dataset1;>3.5: Wu2018_dataset3;>50: Bonsignori2016;>50: Bonsignori2018_dataset1;>50: Bonsignori2018_dataset2;>50: Bricault2019_dataset2;>50: Kong2016a-dataset1;>50: Kwon2018;>50: Kwon2021_dataset1;>50: Liu2019;>50: Qiao2016;>50: Steinhardt2018;>50: Sun2017;>50: Xu2017;>50: Yin2021;>50: Zhang2022_dataset1,UD,>50: Bonsignori2018_dataset1;>50: Kong2016a-dataset1;>50: Kwon2018;>50: Kwon2021_dataset1;>50: Liu2019;>50: Steinhardt2018;>50: Xu2017;>50: Zhang2022_dataset1
BJOX003000_19_1,,B,acute,,CHINA,2007,HM215365,"BJOX003000.19.1, BJOX3, MG01",Yes,OX003000,panel,HIV-1,B.CN.2007.BJOX003000_19_1.HM215365,0.14637,0.1124: Wu2018_dataset3;0.1906: Wu2018_dataset1,-,
BJOX005000_09_2,,01_AE,acute,,CHINA,2007,HM215367,"BJOX005000.09.2, BJOX5, MG03",Yes,OX005000,panel,HIV-1,01_AE.CN.2007.BJOX005000_09_2.HM215367,2.0465,2.0465: Wu2018_dataset3;>3.5: Wu2018_dataset1,-,
BJOX006000_13_3,,B,<3mo,,CHINA,2007,HM215369,"BJOX006000.13.3, BJOX6, MG08",Yes,OX006000,panel,HIV-1,B.CN.2007.BJOX006000_13_3.HM215369,0.689,0.689: Wu2018_dataset3,-,
BJOX007000_02_3,,B,<12mo,,CHINA,2007,HM215370,"BJOX007000.02.3, BJOX7, MG04",Yes,OX007000,panel,HIV-1,B.CN.2007.BJOX007000_02_3.HM215370,0.1907,0.1907: Wu2018_dataset3,-,
BJOX009000_02_4,2,01_AE,<3mo,,CHINA,2007,HM215372,"BJOX009000, BJOX009000.02.4, BJOX09",Yes,OX009000,panel,HIV-1,01_AE.CN.2007.BJOX009000_02_4.HM215372,1.6005,0.565: Zhang2019a;0.64: Umotoy2019_dataset2;1.1: Kwon2018;1.2: Xu2017;1.34: Jardine2016a;1.42: Kwon2021_dataset1;1.4855: Wu2018_dataset3;1.54: Bonsignori2016;1.54: Bricault2019_dataset2;1.658: Zhang2022_dataset1;1.74: Steinhardt2018;1.8300: Liu2019;2.05: Kong2016a-dataset1;2.15000: Doria-Rose2016;4.99: Bricault2019_dataset3;4.99: Hraber2014,5.18438,2.34: Zhang2019a;3.98: Kwon2018;4.56: Xu2017;4.8: Steinhardt2018;5.656: Kwon2021_dataset1;5.656: Zhang2022_dataset1;5.6600: Liu2019;6.16: Kong2016a-dataset1;6.38000: Doria-Rose2016;9.67: Hraber2014
BJOX010000_06_2,2,01_AE,acute T/F,,CHINA,2007,HM215373,"BJOX010000, BJOX010000.06.2, BJOX10, MG07",Yes,OX010000,panel,HIV-1,01_AE.CN.2007.BJOX010000_06_2.HM215373,6.8137,1.77: Zhang2019a;3.9: Umotoy2019_dataset2;5.51: Xu2017;6.72: Kwon2018;6.79: Bonsignori2016;6.79: Bricault2019_dataset2;6.99: Zhang2022_dataset1;7.5400: Liu2019;7.86: Kwon2021_dataset1;8.4: Steinhardt2018;9.00000: Doria-Rose2016;10.8: Bricault2019_dataset3;10.8: Hraber2014;10.8: Kong2016a-dataset1;>3.5: Wu2018_dataset3,17.6414,7.79: Zhang2019a;12.3: Xu2017;14.4: Kwon2018;16: Hraber2014;20.9: Steinhardt2018;21.20000: Doria-Rose2016;22.26: Kwon2021_dataset1;22.26: Zhang2022_dataset1;24.0000: Liu2019;25.1: Kong2016a-dataset1
BJOX011000_01_3,,07_BC,<12mo,,CHINA,2007,HM215375,"BJOX011000.01.3, BJOX11",Yes,OX011000,panel,HIV-1,07_BC.CN.2007.BJOX011000_01_3.HM215375,0.365,0.365: Wu2018_dataset3,-,
BJOX015000_11_5,2,01_AE,acute T/F,,CHINA,2007,HM215377,"BJOX015000, BJOX015000.11.5, BJOX15",Yes,OX015000,panel,HIV-1,01_AE.CN.2007.BJOX015000_11_5.HM215377,0.14688,0.06: Zhang2019a;0.081: Jardine2016a;0.19: Umotoy2019_dataset2;0.5041: Wu2018_dataset3,0.242,0.242: Zhang2019a
BJOX017000_07_1,,01_AE,,,CHINA,2007,HM215378,"BJOX017, BJOX17",Yes,OX017000,panel,HIV-1,01_AE.CN.2007.BJOX017000_07_1.HM215378,UD,>3.5: Wu2018_dataset3,-,
BJOX018000_02_3,,01_AE,<3mo,,CHINA,2007,HM215379,"BJOX018000.02.3, BJOX18, MG10",Yes,OX018000,panel,HIV-1,01_AE.CN.2007.BJOX018000_02_3.HM215379,UD,>3.5: Wu2018_dataset3,-,
BJOX019000_02_1,,07_BC,acute,,CHINA,2007,HM215380,"BJOX019000.02.1, BJOX19",Yes,OX019000,panel,HIV-1,07_BC.CN.2007.BJOX019000_02_1.HM215380,1.21125,0.9807: Wu2018_dataset1;1.496: Wu2018_dataset3,-,
BJOX020000_03_3,,B,acute,,CHINA,2007,HM215382,"BJOX020000.03.3, BJOX20, MG09",Yes,OX020000,panel,HIV-1,B.CN.2007.BJOX020000_03_3.HM215382,2.0815,2.0815: Wu2018_dataset3;>50: Webb2015,UD,>50: Webb2015
BJOX021000_03_3,,01_AE,<12mo,,CHINA,2007,HM215383,"BJOX021000.03.3, BJOX21, MG11",Yes,OX021000,panel,HIV-1,01_AE.CN.2007.BJOX021000_03_3.HM215383,UD,>3.5: Wu2018_dataset3,-,
BJOX022000_02_3,,B,<3mo,,CHINA,2007,HM215384,"BJOX022000.02.3, BJOX22, MG13",Yes,OX022000,panel,HIV-1,B.CN.2007.BJOX022000_02_3.HM215384,0.3645,0.3645: Wu2018_dataset3,-,
BJOX023000_05_4,,01_AE,<3mo,,CHINA,2007,HM215385,"BJOX023000.05.4, BJOX23",Yes,OX023000,panel,HIV-1,01_AE.CN.2007.BJOX023000_05_4.HM215385,1.1605,1.1605: Wu2018_dataset3,-,
BJOX025000_01_1,2,01_AE,acute T/F,,CHINA,2007,HM215386,"BJOX025000, BJOX025000.01.1, BJOX25.01, MG15.33",Yes,OX025000,panel,HIV-1,01_AE.CN.2007.BJOX025000_01_1.HM215386,6.26496,0.601: Jardine2016a;1.983: Wu2018_dataset3;2.7: Umotoy2019_dataset2;5.494: Zhang2022_dataset1;5.9500: Liu2019;6.04: Zhang2019a;6.6: Kwon2018;6.7: Xu2017;6.73: Kwon2021_dataset1;8.46: Bonsignori2016;8.46: Bricault2019_dataset2;9.06: Doria-Rose2016;9.11: Kong2016a-dataset1;15.8: Bricault2019_dataset3;15.8: Hraber2014;20.2: Steinhardt2018,33.8542,24.8: Zhang2019a;29: Kwon2018;29.84: Kwon2021_dataset1;29.84: Zhang2022_dataset1;36.3000: Liu2019;36.9: Xu2017;44.8: Kong2016a-dataset1;44.9: Hraber2014;>50: Doria-Rose2016;>50: Steinhardt2018
BJOX025000_05_5,,01_AE,acute,,CHINA,2007,HM215387,"BJOX25.05, MG15.36",Yes,OX025000,panel,HIV-1,01_AE.CN.2007.BJOX025000_05_5.HM215387,2.8457,2.8457: Wu2018_dataset3,-,
BJOX027000_02_1,,07_BC,<12mo,,CHINA,2007,HM215388,"BJOX027000.02.1, BJOX27, M14",Yes,OX027000,panel,HIV-1,07_BC.CN.2007.BJOX027000_02_1.HM215388,0.1738,0.1738: Wu2018_dataset3,-,
BJOX028000_10_3,2,01_AE,acute T/F,,CHINA,2007,HM215389,"BJOX028000, BJOX028000.10.3, BJOX28.10, MG18",Yes,OX028000,panel,HIV-1,01_AE.CN.2007.BJOX028000_10_3.HM215389,0.19384,0.086: Umotoy2019_dataset2;0.1195: Wu2018_dataset3;0.133: Xu2017;0.141: Zhang2019a;0.1572: Zhang2022_dataset1;0.1670: Liu2019;0.172: Kwon2021_dataset1;0.186: Kwon2018;0.188: Steinhardt2018;0.238: Doria-Rose2016;0.238: Kong2016a-dataset1;0.256: Bonsignori2016;0.256: Bricault2019_dataset2;0.426: Bricault2019_dataset3;0.426: Hraber2014;>50: Jardine2016a,0.95767,0.573: Zhang2019a;0.7692: Kwon2021_dataset1;0.7692: Zhang2022_dataset1;0.8320: Liu2019;0.91: Xu2017;0.979: Doria-Rose2016;1.01: Kwon2018;1.03: Steinhardt2018;1.26: Kong2016a-dataset1;1.97: Hraber2014
BJOX028000_34_2,,01_AE,acute,,CHINA,2007,HM215390,"BJOX028000.34.2, BJOX28.34",Yes,OX028000,panel,HIV-1,01_AE.CN.2007.BJOX028000_34_2.HM215390,0.1606,0.1606: Wu2018_dataset3,-,
BJOX028000_43_5,,01_AE,acute,,CHINA,2007,HM215391,"BJOX028000.43.5, BJOX28.43",Yes,OX028000,panel,HIV-1,01_AE.CN.2007.BJOX028000_43_5.HM215391,0.494,0.494: Wu2018_dataset3,-,
BJOX029000_03_1,,07_BC,<12mo,,CHINA,2007,HM215392,"BJOX029000.03.1, BJOX29, MG17",Yes,OX029000,panel,HIV-1,07_BC.CN.2007.BJOX029000_03_1.HM215392,0.25957,0.1512: Wu2018_dataset1;0.4456: Wu2018_dataset3,-,
BJOX031000_02_2,,01_AE,<12mo,,CHINA,2008,HM215394,"BJOX031000.02.2, BJOX31",Yes,OX031000,panel,HIV-1,01_AE.CN.2008.BJOX031000_02_2.HM215394,0.9298,0.9298: Wu2018_dataset3,-,
BJX4_6,2,01_AE,<12mo,CCR5,CHINA,2007,GU475020,BJX4.6,Yes,,panel,HIV-1,01_AE.CN.2007.BJX4_6.GU475020,0.44,0.44: Nie2020,-,
BJYA105_5,3,B,,,CHINA,,MN617383,BJYA105.5,Yes,BJYA105,panel,HIV-1,B.CN..BJYA105_5.MN617383,0.49,0.49: Nie2020,-,
BJYA109_9,3,B,,,CHINA,,MN617384,BJYA109.9,Yes,BJYA109,panel,HIV-1,B.CN..BJYA109_9.MN617384,0.06,0.06: Nie2020,-,
BJYA119_6,2,B,,,CHINA,,MN617385,BJYA119.6,Yes,BJYA119,panel,HIV-1,B.CN..BJYA119_6.MN617385,0.05,0.05: Nie2020,-,
BL01,,B,chronic,CCR5 CXCR4,UNITED STATES,,AY124970,"ABL01, BL01.DG, BL01_DG",Yes,a,panel,HIV-1,B.US..BL01.AY124970,UD,>50: Acharya2013;>50: Bonsignori2016;>50: Bricault2019;>50: Bricault2019_dataset2;>50: Chuang2013;>50: Crooks2015;>50: Doria-Rose2012;>50: Doria-Rose2016;>50: Falkowska2012;>50: Georgiev2013_dataset1;>50: Georgiev2013_dataset2;>50: Georgiev2013_dataset3;>50: Huang2012a;>50: Huang2016a_dataset1;>50: Huang2016a_dataset2;>50: Kong2016;>50: Kong2016a-dataset1;>50: Kwon2015;>50: Kwon2018;>50: Kwon2021_dataset1;>50: Liao2013;>50: Liu2019;>50: McLellan2011;>50: Rudicell2014;>50: Sastry2023_dataset1;>50: Steinhardt2018;>50: Wu2010;>50: Wu2011;>50: Xu2017;>50: Zhang2022_dataset1,UD,>50: Doria-Rose2012;>50: Doria-Rose2016;>50: Huang2012a;>50: Kong2016a-dataset1;>50: Kwon2018;>50: Kwon2021_dataset1;>50: Liao2013;>50: Liu2019;>50: McLellan2011;>50: Rudicell2014;>50: Steinhardt2018;>50: Wu2010;>50: Wu2011;>50: Xu2017;>50: Zhang2022_dataset1
BR07,,B,chronic,CCR5,UNITED STATES,,AY124979,"BR07.DG, BR07_DG, CBR07",Yes,c,panel,HIV-1,B.US..BR07.AY124979,1.64031,1.2: Wu2010;1.2: Wu2011;1.24: Falkowska2012;1.24: Georgiev2013_dataset3;1.32: Bricault2019;1.32: Chuang2013;1.32: Georgiev2013_dataset2;1.32: Rudicell2014;1.49: Kwon2015;1.57: Steinhardt2018;1.58: Zhang2022_dataset1;1.666: Doria-Rose2012;1.666: Huang2016a_dataset1;1.67: Georgiev2013_dataset1;1.67: Huang2012a;1.67: Liao2013;1.67: McLellan2011;1.81: Bonsignori2016;1.81: Bricault2019_dataset2;1.86: Xu2017;1.89: Kwon2021_dataset1;2.01: Kwon2018;2.4000: Liu2019;2.80000: Doria-Rose2016;2.83: Kong2016a-dataset1,5.50511,4.67: Huang2012a;4.67: Liao2013;4.67: McLellan2011;4.672: Doria-Rose2012;4.69: Steinhardt2018;5.112: Kwon2021_dataset1;5.112: Zhang2022_dataset1;5.2: Wu2010;5.2: Wu2011;5.47: Kwon2018;5.54: Xu2017;6.5500: Liu2019;7.23: Rudicell2014;7.38: Kong2016a-dataset1;7.74000: Doria-Rose2016
BS208_B1,,A1D,acute T/F,,KENYA,,KX364401,"BS208, BS208.B1, BS208.M6.B1",Yes,S208child,panel,HIV-1,A1D.KE..BS208_B1.KX364401,0.017358,0.005: Bricault2019;0.005: Chuang2013;0.005: Georgiev2013_dataset2;0.005: Rudicell2014;0.008: Kwon2015;0.01100: Doria-Rose2016;0.015: Kwon2021_dataset1;0.019: Falkowska2012;0.019: Georgiev2013_dataset3;0.019: Wu2010;0.019: Wu2011;0.02: Kwon2018;0.022: Bonsignori2016;0.022: Bricault2019_dataset2;0.022: Xu2017;0.0270: Liu2019;0.027: Steinhardt2018;0.028: Kong2016a-dataset1;0.029: Doria-Rose2012;0.029: Georgiev2013_dataset1;0.029: Huang2012a;0.029: Huang2016a_dataset1;0.029: McLellan2011;0.03: Liao2013;0.0338: Zhang2022_dataset1,0.082689,0.039: Rudicell2014;0.05900: Doria-Rose2016;0.075: Kong2016a-dataset1;0.075: Xu2017;0.076: Kwon2018;0.078: Wu2010;0.078: Wu2011;0.08: Steinhardt2018;0.0930: Liu2019;0.1: Liao2013;0.104: Doria-Rose2012;0.104: Huang2012a;0.104: McLellan2011;0.1074: Kwon2021_dataset1;0.1074: Zhang2022_dataset1
BX08_16,1B,B,<12mo,,FRANCE,,GQ855765,"BX08, BX08.16",Yes,BX08,panel,HIV-1,B.FR..BX08_16.GQ855765,0.32053,0.205: Kwon2021_dataset1;0.255: Xu2017;0.261: Kwon2018;0.274: Steinhardt2018;0.28: Liao2013;0.281: Doria-Rose2012;0.281: Huang2012a;0.281: Huang2016a_dataset1;0.281: McLellan2011;0.281: Wu2011;0.299: Kwon2015;0.3304: Zhang2022_dataset1;0.3520: Liu2019;0.389: Bonsignori2016;0.389: Bricault2019;0.389: Bricault2019_dataset2;0.389: Chuang2013;0.389: Rudicell2014;0.45600: Doria-Rose2016;0.506: Kong2016a-dataset1,0.87043,0.68: Doria-Rose2012;0.68: Huang2012a;0.68: Liao2013;0.68: McLellan2011;0.68: Wu2011;0.834: Kwon2018;0.922: Xu2017;0.927: Kwon2021_dataset1;0.927: Zhang2022_dataset1;0.9280: Liu2019;1.09000: Doria-Rose2016;1.09: Steinhardt2018;1.1: Kong2016a-dataset1;1.23: Rudicell2014
C1080_C3,2,01_AE,<12mo,CCR5,THAILAND,1999,JN944660,"C1080, C1080.c03, C1080_C03, C1080.c3, C1080rsga, C1080rsga_c3",Yes,C1080,panel,HIV-1,01_AE.TH.1999.C1080_C3.JN944660,1.88277,0.195: Williams2017_dataset3;0.55: Umotoy2019_dataset2;0.63: Bricault2019;0.63: Chuang2013;0.63: Rudicell2014;1.07: Doria-Rose2014;1.28: Kwon2021_dataset1;1.4: Zhang2019a;1.48: Jardine2016a;1.5: Doria-Rose2012;1.5: Huang2012a;1.5: Huang2016a_dataset1;1.5: McLellan2011;1.6618: Zhang2022_dataset1;2.1: Bonsignori2016;2.1: Bricault2019_dataset2;2.23: Kwon2015;2.5100: Liu2019;2.63: Steinhardt2018;2.89: Xu2017;2.92: Kwon2018;3.026: Andrabi2015;3.08: Doria-Rose2016;3.39: Bricault2019_dataset3;3.39: Hraber2014;3.4: Kong2016a-dataset1;3.4: McCoy2012;3.4: Scheid2011;3.4: Wu2010;3.4: Wu2011;5.78: Schwarzmuller2024;6.3: Rusert2016,9.35956,2.91: Williams2017_dataset3;5.7: Zhang2019a;9.07: Kong2016a-dataset1;9.28: Xu2017;9.33: Doria-Rose2012;9.33: Huang2012a;9.33: Kwon2021_dataset1;9.33: McLellan2011;9.33: Zhang2022_dataset1;9.98: Steinhardt2018;10.1: Rudicell2014;10.2000: Liu2019;10.3: Doria-Rose2016;10.4: Kwon2018;14.4: Scheid2011;14.4: Wu2010;14.4: Wu2011
C2101_C1,2,01_AE,<12mo,CCR5,THAILAND,1999,JN944661,"C2101, C2101.01, C2101.c01, C2101_C01, C2101.c1, C2101rsga_c1",Yes,C2101,panel,HIV-1,01_AE.TH.1999.C2101_C1.JN944661,0.20202,0.097: Doria-Rose2012;0.097: Huang2012a;0.097: Huang2016a_dataset1;0.097: McLellan2011;0.132: Kwon2021_dataset1;0.147: Xu2017;0.151: Bricault2019;0.151: Chuang2013;0.151: Rudicell2014;0.179: Bonsignori2016;0.179: Bricault2019_dataset2;0.1934: Zhang2022_dataset1;0.212: Doria-Rose2016;0.22: Kwon2015;0.22: Kwon2018;0.2240: Liu2019;0.259: Kong2016a-dataset1;0.269: Steinhardt2018;0.3: McCoy2012;0.36: Scheid2011;0.36: Wu2010;0.36: Wu2011;0.51: Bricault2019_dataset3;0.51: Hraber2014,0.7134,0.558: Doria-Rose2012;0.558: Huang2012a;0.558: McLellan2011;0.578: Xu2017;0.581: Steinhardt2018;0.586: Kwon2018;0.587: Doria-Rose2016;0.614: Kong2016a-dataset1;0.7112: Kwon2021_dataset1;0.7112: Zhang2022_dataset1;0.752: Rudicell2014;0.7790: Liu2019;1.2: Scheid2011;1.2: Wu2010;1.2: Wu2011
C3347_C11,2,01_AE,chronic,,THAILAND,1999,JX512902,"C3347, C3347.11, C3347.c11",Yes,C3347,panel,HIV-1,01_AE.TH.1999.C3347_C11.JX512902,0.081806,0.02: Kong2016a-dataset1;0.037: Doria-Rose2012;0.037: Huang2012a;0.037: Huang2016a_dataset1;0.037: McLellan2011;0.05: Umotoy2019_dataset2;0.057: Andrabi2015;0.063: Zhang2019a;0.069: Jardine2016a;0.069: Kwon2021_dataset1;0.094: Bricault2019;0.094: Chuang2013;0.094: Rudicell2014;0.095: Bonsignori2016;0.095: Bricault2019_dataset2;0.101: Xu2017;0.101: Zhang2022_dataset1;0.102: Kwon2018;0.111: Doria-Rose2016;0.1210: Liu2019;0.124: Bricault2019_dataset3;0.124: Hraber2014;0.17: Scheid2011;0.17: Wu2010;0.17: Wu2011;0.213: Steinhardt2018,0.32522,0.145: Kong2016a-dataset1;0.198: Doria-Rose2012;0.198: Huang2012a;0.198: McLellan2011;0.254: Zhang2019a;0.279: Doria-Rose2016;0.3352: Kwon2021_dataset1;0.3352: Zhang2022_dataset1;0.342: Rudicell2014;0.351: Xu2017;0.353: Hraber2014;0.3880: Liu2019;0.392: Kwon2018;0.452: Steinhardt2018;0.58: Scheid2011;0.58: Wu2010;0.58: Wu2011
C4118_9,2,01_AE,<12mo,,THAILAND,2000,JQ352782,"00TH_C4118, C4118, C4118.09, C4118_09, C4118.c09, C4118_C09, C4118_C9",Yes,C4118,panel,HIV-1,01_AE.TH.2000.C4118_9.JQ352782,0.13013,0.03: Bricault2019;0.03: Chuang2013;0.03: Rudicell2014;0.05: Zhang2019a;0.1: Kwon2015;0.11: Doria-Rose2012;0.11: Huang2012a;0.11: McLellan2011;0.11: Wu2011;0.11013: Huang2016a_dataset1;0.111: Kwon2021_dataset1;0.113: Sastry2023_dataset1;0.144: Xu2017;0.206: Kwon2018;0.2064: Zhang2022_dataset1;0.217: Doria-Rose2016;0.2430: Liu2019;0.248: Bonsignori2016;0.248: Bricault2019_dataset2;0.285: Steinhardt2018;0.286: Kong2016a-dataset1;0.311: Bricault2019_dataset3;0.311: Hraber2014;>100: Umotoy2019_dataset2,0.57617,0.202: Zhang2019a;0.26: Rudicell2014;0.544: Xu2017;0.574: Doria-Rose2012;0.574: Huang2012a;0.574: McLellan2011;0.574: Wu2011;0.6682: Kwon2021_dataset1;0.6682: Zhang2022_dataset1;0.706: Doria-Rose2016;0.7070: Liu2019;0.72: Steinhardt2018;0.724: Kong2016a-dataset1;0.737: Kwon2018;0.964: Hraber2014
CA146_H3_3,1B,C,acute,,SOUTH AFRICA,2009,JN681219,,Yes,503_13580_CA146,panel,HIV-1,C.ZA.2009.CA146_H3_3.JN681219,UD,>10: Bricault2019_dataset1;>10: Wagh2016,UD,>10: Wagh2016
CA240_A5_5,1B,C,<3mo,,SOUTH AFRICA,2008,KC154016,CA240_A5.5,Yes,503_07464_CA240,panel,HIV-1,C.ZA.2008.CA240_A5_5.KC154016,1.33,1.33: Bricault2019_dataset1;1.33: Wagh2016,4.95,4.95: Wagh2016
CA327_D2_2,2,C,<3mo,,SOUTH AFRICA,2008,JN681220,,Yes,503_03257_CA327,panel,HIV-1,C.ZA.2008.CA327_D2_2.JN681220,0.16,0.16: Bricault2019_dataset1;0.16: Wagh2016,0.45,0.45: Wagh2016
CA392_H2_6,2,C,acute,,SOUTH AFRICA,2007,JN681221,CA392_H2_6C,Yes,503_09003_CA392,panel,HIV-1,C.ZA.2007.CA392_H2_6.JN681221,0.18,0.18: Bricault2019_dataset1;0.18: Wagh2016,0.81,0.81: Wagh2016
CA457_H1_1,3,C,<3mo,,SOUTH AFRICA,2008,JN681222,CA457_H1_1C,Yes,503_00146_CA457,panel,HIV-1,C.ZA.2008.CA457_H1_1.JN681222,1.43,1.43: Bricault2019_dataset1;1.43: Wagh2016,UD,>10: Wagh2016
CAAN5342,2,B,<3mo,CCR5,UNITED STATES,2004,AY835452,"CAAN, CAAN5341.A2, CAAN5342.A2, CAAN5342_A2, CAAN5432.A2, CAAN.A2, CAAN_A2, NIH-ARP-11038, pCAAN5342.A2, SVPB19",Yes,CAAN5342,panel,HIV-1,B.US.2004.CAAN5342.AY835452,1.06717,0.42: Umotoy2019_dataset1;0.55: Umotoy2019_dataset2;0.58: Pace2013;0.691: Zhang2019a;0.722: Walker2011;0.82: Scheid2011;0.824: Falkowska2012;0.824: Georgiev2013_dataset3;0.824: McCoy2012;0.824: Wu2010;0.824: Wu2011;0.851: Kwon2021_dataset1;0.930: Kong2016a-dataset2;0.945: Acharya2013;0.963: Bonsignori2016;0.963: Bricault2019_dataset2;0.995: Georgiev2013_dataset4;0.996: Kwon2015;1.03: Steinhardt2018;1.06: Doria-Rose2012;1.06: Georgiev2013_dataset1;1.06: Huang2012a;1.06: Huang2016a_dataset1;1.06: Huang2016a_dataset2;1.06: Liao2013;1.06: McLellan2011;1.09000: Doria-Rose2016;1.149: Zhang2022_dataset1;1.17: Doria-Rose2014;1.2: Xu2017;1.23: Qiao2016;1.23: Sun2017;1.28: Bricault2019;1.28: Chuang2013;1.28: Georgiev2013_dataset2;1.28: Kwon2018;1.28: Rudicell2014;1.3: Zhou2013a;1.4200: Liu2019;1.59: Williams2017_dataset3;1.66: Kong2016a-dataset1;1.72: Kong2016;2.13: Bricault2019_dataset3;2.13: Hraber2014;2.42: Jardine2016a,3.25602,2.61: Xu2017;2.63: Doria-Rose2012;2.63: Huang2012a;2.63: Liao2013;2.63: McLellan2011;2.79: Zhang2019a;2.8: Scheid2011;2.8: Wu2010;2.8: Wu2011;2.85000: Doria-Rose2016;3.028: Kwon2021_dataset1;3.028: Zhang2022_dataset1;3.12: Kwon2018;3.17: Kong2016a-dataset1;3.5800: Liu2019;3.71: Steinhardt2018;4.3: Zhou2013a;4.56: Rudicell2014;5.62: Williams2017_dataset3;6.2: Hraber2014
CAP129_1_15_B2_13,2,C,<3mo,,SOUTH AFRICA,2006,JN681223,CAP129.1.15_B2_13,Yes,CAP129,panel,HIV-1,C.ZA.2006.CAP129_1_15_B2_13.JN681223,0.15,0.15: Bricault2019_dataset1;0.15: Wagh2016,2.04,2.04: Wagh2016
CAP136_1_16_E6_1,2,C,<3mo,,SOUTH AFRICA,2006,JN967790,"CAP136.1.16_E6_1, CAP136_1_16E6_1",Yes,CAP136,panel,HIV-1,C.ZA.2006.CAP136_1_16_E6_1.JN967790,UD,>10: Bricault2019_dataset1;>10: Wagh2016,UD,>10: Wagh2016
CAP174_1_06_F3_1B,1B,C,<3mo,,SOUTH AFRICA,2005,JN967791,"CAP174.1.06_F3_1B, CAP174_1_06F3_1B",Yes,CAP174,panel,HIV-1,C.ZA.2005.CAP174_1_06_F3_1B.JN967791,0.05,0.05: Bricault2019_dataset1;0.05: Wagh2016,0.84,0.84: Wagh2016
CAP177_1A3,2,C,acute,,SOUTH AFRICA,2006,KC894133,"CeCAP177_1A3, CHV0005565_CAP177.1.11A4",Yes,CAP177,panel,HIV-1,C.ZA.2006.CAP177_1A3.KC894133,0.15,0.15: Bricault2019_dataset1;0.15: Wagh2016,0.5,0.5: Wagh2016
CAP188_1_D1_14_REV,2,C,acute,,SOUTH AFRICA,2007,KC894134,"CeCAP188_1_D1_14(Rev-), CHV0008573_CAP188.1.22D1",Yes,CAP188,panel,HIV-1,C.ZA.2007.CAP188_1_D1_14_REV.KC894134,0.18,0.18: Bricault2019_dataset1;0.18: Wagh2016,0.62,0.62: Wagh2016
CAP200_B8A,1B,C,<3mo,,SOUTH AFRICA,2005,KC894135,"CeCAP200_B8a, CHV0005450_CAP200.1.06B8a",Yes,CAP200,panel,HIV-1,C.ZA.2005.CAP200_B8A.KC894135,0.48,0.48: Bricault2019_dataset1;0.48: Wagh2016,1.76,1.76: Wagh2016
CAP206_1_B5,2,C,acute T/F,,SOUTH AFRICA,2005,FJ443358,"CAP206.B5, CAP206 T/F",Yes,CAP206,panel,HIV-1,C.ZA.2005.CAP206_1_B5.FJ443358,UD,>5: Bradley2016a,-,
CAP206_1_B5_Y681D,1B or 2,C,<3mo,,SOUTH AFRICA,2005,KJ700457,"CAP206.1.B5.Y681D, CAP206 T/F Y681D",Yes,CAP206,panel,HIV-1,C.ZA.2005.CAP206_1_B5_Y681D.KJ700457,UD,>10: Bricault2019_dataset1;>10: Wagh2016;>5: Bradley2016a,UD,>10: Wagh2016
CAP210_E8,2,C,<3mo,CCR5,SOUTH AFRICA,2005,DQ435683,"CAP210, CAP210.2.00, CAP210.2.00.E8, CAP210_2_00_E8, CAP210.2.E8, CAP210.E8, NIH-ARP-11317, SVPC17",Yes,CAP210,panel,HIV-1,C.ZA.2005.CAP210_E8.DQ435683,UD,>100: Umotoy2019_dataset1;>50: Acharya2013;>50: Bonsignori2016;>50: Bricault2019;>50: Bricault2019_dataset2;>50: Bricault2019_dataset3;>50: Chuang2013;>50: Doria-Rose2012;>50: Doria-Rose2014;>50: Doria-Rose2016;>50: Falkowska2012;>50: Gardner2015;>50: Georgiev2013_dataset1;>50: Georgiev2013_dataset2;>50: Georgiev2013_dataset3;>50: Hraber2014;>50: Huang2012a;>50: Huang2016a_dataset1;>50: Jardine2016a;>50: Kong2016;>50: Kong2016a-dataset1;>50: Kwon2015;>50: Kwon2018;>50: Kwon2021_dataset1;>50: Liao2013;>50: Liu2019;>50: McCoy2012;>50: McLellan2011;>50: Qiao2016;>50: Rudicell2014;>50: Scheid2011;>50: Steinhardt2018;>50: Sun2017;>50: Wu2010;>50: Wu2011;>50: Xu2017;>50: Zhang2019a;>50: Zhang2022_dataset1,UD,>50: Doria-Rose2012;>50: Doria-Rose2016;>50: Gardner2015;>50: Hraber2014;>50: Huang2012a;>50: Kong2016a-dataset1;>50: Kwon2018;>50: Kwon2021_dataset1;>50: Liao2013;>50: Liu2019;>50: McLellan2011;>50: Rudicell2014;>50: Scheid2011;>50: Steinhardt2018;>50: Wu2010;>50: Wu2011;>50: Xu2017;>50: Zhang2019a;>50: Zhang2022_dataset1
CAP210_TA5,2,C,acute,,SOUTH AFRICA,2005,KC894136,"CeCAP210_TA5, CHV0004195_CAP210.1.00TA5",Yes,CAP210,panel,HIV-1,C.ZA.2005.CAP210_TA5.KC894136,UD,>10: Bricault2019_dataset1;>10: Wagh2016,UD,>10: Wagh2016
CAP220_2_00_A8_5B,2,C,<3mo,,SOUTH AFRICA,2007,JN967792,"CAP220.2.00_A8_5B, CAP220_2_00A8_5B",Yes,CAP220,panel,HIV-1,C.ZA.2007.CAP220_2_00_A8_5B.JN967792,0.05,0.05: Bricault2019_dataset1;0.05: Wagh2016,0.2,0.2: Wagh2016
CAP221_B14,2,C,acute,,SOUTH AFRICA,2006,KC894137,"CeCAP221_B14, CHV0005496_CAP221.1.10B5",Yes,CAP221,panel,HIV-1,C.ZA.2006.CAP221_B14.KC894137,0.36,0.36: Bricault2019_dataset1;0.36: Wagh2016,1.24,1.24: Wagh2016
CAP224_1_18_C7_3,2,C,<3mo,,SOUTH AFRICA,2006,JN967793,"CAP224.1.18_C7_3, CAP224.1.18C7_3, CAP224_1_18C7_3",Yes,CAP224,panel,HIV-1,C.ZA.2006.CAP224_1_18_C7_3.JN967793,1.26,1.26: Bricault2019_dataset1;1.26: Wagh2016,5.74,5.74: Wagh2016
CAP225_1_06_A2_18,3,C,<3mo,,SOUTH AFRICA,2005,JN681225,CAP225.1.06_A2_18,Yes,CAP225,panel,HIV-1,C.ZA.2005.CAP225_1_06_A2_18.JN681225,1.17,1.17: Bricault2019_dataset1;1.17: Wagh2016,4.74,4.74: Wagh2016
CAP237_1_22_B2_2_39,3,C,<3mo,,SOUTH AFRICA,2007,JN681226,"CAP237_1_22_B2_2, CAP237.1.22.B2_2_39, CAP237.1.22_B2_2_39",Yes,CAP237,panel,HIV-1,C.ZA.2007.CAP237_1_22_B2_2_39.JN681226,UD,>10: Bricault2019_dataset1;>10: Wagh2016,UD,>10: Wagh2016
CAP244_D3,2 or 3,C,<3mo,CCR5,SOUTH AFRICA,2005,DQ435684,"CAP244, CAP244.2.00.D3, CAP244_2_00_D3, CAP244.D3, SVPC18",Yes,CAP244,panel,HIV-1,C.ZA.2005.CAP244_D3.DQ435684,0.70407,0.3: Bricault2019_dataset1;0.3: Wagh2016;0.417: Bricault2019;0.417: Chuang2013;0.417: Georgiev2013_dataset2;0.417: Rudicell2014;0.428: Falkowska2012;0.428: Georgiev2013_dataset3;0.428: Wu2010;0.428: Wu2011;0.64: Doria-Rose2014;0.649: Kwon2015;0.857: Doria-Rose2012;0.857: Georgiev2013_dataset1;0.857: Huang2012a;0.857: Huang2016a_dataset1;0.857: McLellan2011;0.86: Liao2013;0.862: Kwon2021_dataset1;0.866: Kwon2018;0.951: Xu2017;0.9994: Zhang2022_dataset1;1.01000: Doria-Rose2016;1.33: Bonsignori2016;1.33: Bricault2019_dataset2;1.34: Steinhardt2018;1.3900: Liu2019;1.52: Kong2016a-dataset1,2.63643,1.89: Wagh2016;2: Rudicell2014;2.36: Doria-Rose2012;2.36: Huang2012a;2.36: Liao2013;2.36: McLellan2011;2.46: Xu2017;2.7: Wu2010;2.7: Wu2011;2.83000: Doria-Rose2016;2.91: Kwon2018;2.914: Kwon2021_dataset1;2.914: Zhang2022_dataset1;3.2000: Liu2019;3.28: Kong2016a-dataset1;3.53: Steinhardt2018
CAP256_SU,,C,<12mo,,SOUTH AFRICA,2005,KF241776,"CAP256.15-wk.SU, CAP256.206.C9, CAP256.206sp.032.C9, CAP256.3 mo.9C, CAP256.SU, CAP256SU",Yes,CAP256,panel,HIV-1,C.ZA.2005.CAP256_SU.KF241776,0.81027,0.62800: Doria-Rose2016;0.649: Kwon2021_dataset1;0.6492: Zhang2022_dataset1;0.732: Xu2017;0.832: Kwon2018;0.8440: Liu2019;0.889: Kong2016a-dataset1;0.971: Bonsignori2016;0.971: Bricault2019_dataset2;1.07: Steinhardt2018,2.43325,1.37000: Doria-Rose2016;2.134: Kwon2021_dataset1;2.134: Zhang2022_dataset1;2.22: Xu2017;2.55: Kwon2018;2.72: Steinhardt2018;2.8300: Liu2019;4.52: Kong2016a-dataset1
CAP258_2_00_X_23,2,C,<3mo,,SOUTH AFRICA,2005,JN681227,CAP258.2.00_X_23,Yes,CAP258,panel,HIV-1,C.ZA.2005.CAP258_2_00_X_23.JN681227,0.45,0.45: Bricault2019_dataset1;0.45: Wagh2016,3.71,3.71: Wagh2016
CAP260_2_00_TA1_1B,3,C,<3mo,,SOUTH AFRICA,2006,JN681228,CAP260.2.00_TA1_1B,Yes,CAP260,panel,HIV-1,C.ZA.2006.CAP260_2_00_TA1_1B.JN681228,0.07,0.07: Bricault2019_dataset1;0.07: Wagh2016,0.26,0.26: Wagh2016
CAP266_2_00_E9_H6,2,C,<3mo,,SOUTH AFRICA,2006,JN681229,CAP266.2.00_E9_h6,Yes,CAP266,panel,HIV-1,C.ZA.2006.CAP266_2_00_E9_H6.JN681229,UD,>10: Bricault2019_dataset1;>10: Wagh2016,UD,>10: Wagh2016
CAP269_2_00_F11_1,2,C,<3mo,,SOUTH AFRICA,2006,JN967794,"CAP269.2.00_F11_1, CAP269_2_00F11_1",Yes,CAP269,panel,HIV-1,C.ZA.2006.CAP269_2_00_F11_1.JN967794,0.11,0.11: Bricault2019_dataset1;0.11: Wagh2016,0.51,0.51: Wagh2016
CAP290_2_00_23_6,2,C,acute,,SOUTH AFRICA,2008,JN681253,"CAP290.2.00_23_6, TRP290.2.00_23_6, TRP290_2_00_23_6",Yes,TRP290,panel,HIV-1,C.ZA.2008.CAP290_2_00_23_6.JN681253,1.98,1.98: Bricault2019_dataset1;1.98: Wagh2016,UD,>10: Wagh2016
CAP291_2_00_H2_15,3,C,<3mo,,SOUTH AFRICA,2008,KF114884,CAP291.2.00_H2.15,Yes,CAP291,panel,HIV-1,C.ZA.2008.CAP291_2_00_H2_15.KF114884,0.58,0.58: Bricault2019_dataset1;0.58: Wagh2016,1.56,1.56: Wagh2016
CAP292_2_00_12_4,2,C,<3mo,,SOUTH AFRICA,2008,JN681254,"CAP292.2.00_12_4, TRP292.2.00_12_4, TRP292_2_00_12_4",Yes,TRP292,panel,HIV-1,C.ZA.2008.CAP292_2_00_12_4.JN681254,0.51,0.51: Bricault2019_dataset1;0.51: Wagh2016,1.91,1.91: Wagh2016
CAP301_2_00_C3_20,1B,C,acute,,SOUTH AFRICA,2008,KC154017,CAP301.2.00_C3.20,Yes,CAP301,panel,HIV-1,C.ZA.2008.CAP301_2_00_C3_20.KC154017,3.96,3.96: Bricault2019_dataset1;3.96: Wagh2016,UD,>10: Wagh2016
CAP304_2_00_F6_6,2,C,acute,,SOUTH AFRICA,2008,KC154018,CAP304.2.00_F6.6,Yes,CAP304,panel,HIV-1,C.ZA.2008.CAP304_2_00_F6_6.KC154018,0.04,0.04: Bricault2019_dataset1;0.04: Wagh2016,0.13,0.13: Wagh2016
CAP306_2_00_F9_1,2,C,acute,,SOUTH AFRICA,2008,KC154019,CAP306.2.00_F9.1,Yes,CAP306,panel,HIV-1,C.ZA.2008.CAP306_2_00_F9_1.KC154019,0.34,0.34: Bricault2019_dataset1;0.34: Wagh2016,1.22,1.22: Wagh2016
CAP307_2_00_24_1,2,C,acute,,SOUTH AFRICA,2008,JN681255,"CAP307.2.00_24_1, TRP307.2.00_24_1, TRP307_2_00_24_1",Yes,TRP307,panel,HIV-1,C.ZA.2008.CAP307_2_00_24_1.JN681255,0.29,0.29: Bricault2019_dataset1;0.29: Wagh2016,1.01,1.01: Wagh2016
CAP308_2_00_E11_35,2,C,<3mo,,SOUTH AFRICA,2008,KC154020,CAP308.2.00_E11.35,Yes,CAP308,panel,HIV-1,C.ZA.2008.CAP308_2_00_E11_35.KC154020,UD,>10: Bricault2019_dataset1;>10: Wagh2016,UD,>10: Wagh2016
CAP310_2_00_20_2,2,C,acute,,SOUTH AFRICA,2008,JN681256,"CAP310.2.00_20_2, TRP310.2.00_20_2, TRP310_2_00_20_2",Yes,TRP310,panel,HIV-1,C.ZA.2008.CAP310_2_00_20_2.JN681256,0.66,0.66: Bricault2019_dataset1;0.66: Wagh2016,2.24,2.24: Wagh2016
CAP317_2_00_D4_10,2,C,<12mo,,SOUTH AFRICA,2008,KC154022,CAP317.2.00_D4.10,Yes,CAP317,panel,HIV-1,C.ZA.2008.CAP317_2_00_D4_10.KC154022,UD,>10: Bricault2019_dataset1;>10: Wagh2016,UD,>10: Wagh2016
CAP323_2_00_B6_45,2,C,<12mo,,SOUTH AFRICA,2008,KC154023,CAP323.2.00_B6.45,Yes,CAP323,panel,HIV-1,C.ZA.2008.CAP323_2_00_B6_45.KC154023,UD,>10: Bricault2019_dataset1;>10: Wagh2016,UD,>10: Wagh2016
CAP326_2_00_D9_2,2,C,<12mo,,SOUTH AFRICA,2008,KC154024,CAP326.2.00_D9.2,Yes,CAP326,panel,HIV-1,C.ZA.2008.CAP326_2_00_D9_2.KC154024,1.59,1.59: Bricault2019_dataset1;1.59: Wagh2016,8.15,8.15: Wagh2016
CAP327_2_00_C6_37,2,C,acute,,SOUTH AFRICA,2008,KF114885,CAP327.2.00_C6.37,Yes,CAP327,panel,HIV-1,C.ZA.2008.CAP327_2_00_C6_37.KF114885,0.39,0.39: Bricault2019_dataset1;0.39: Wagh2016,1.77,1.77: Wagh2016
CAP330_2_00_F2_41,2,C,<12mo,,SOUTH AFRICA,2008,KC154025,CAP330.2.00_F2.41,Yes,CAP330,panel,HIV-1,C.ZA.2008.CAP330_2_00_F2_41.KC154025,0.56,0.56: Bricault2019_dataset1;0.56: Wagh2016,8.71,8.71: Wagh2016
CAP331_2_00_D7_39,2,C,acute,,SOUTH AFRICA,2009,KF114886,CAP331.2.00_D7.39,Yes,CAP331,panel,HIV-1,C.ZA.2009.CAP331_2_00_D7_39.KF114886,0.4,0.4: Bricault2019_dataset1;0.4: Wagh2016,3.42,3.42: Wagh2016
CAP332_2_00_C10_1,2,C,acute,,SOUTH AFRICA,2009,KF114887,CAP332.2.00_C10.1,Yes,CAP332,panel,HIV-1,C.ZA.2009.CAP332_2_00_C10_1.KF114887,0.23,0.23: Bricault2019_dataset1;0.23: Wagh2016,0.78,0.78: Wagh2016
CAP340_2_00_B3_16,1B,C,<12mo,,SOUTH AFRICA,2009,KC154026,CAP340.2.00_B3.16,Yes,CAP340,panel,HIV-1,C.ZA.2009.CAP340_2_00_B3_16.KC154026,0.04,0.04: Bricault2019_dataset1;0.04: Wagh2016,0.18,0.18: Wagh2016
CAP341_2_00_C10_18,2,C,<12mo,,SOUTH AFRICA,2009,KC154027,"CAP341.2.00.C10.18, CAP341.2.00_C10.18",Yes,CAP341,panel,HIV-1,C.ZA.2009.CAP341_2_00_C10_18.KC154027,0.34,0.34: Bricault2019_dataset1;0.34: Wagh2016,1.29,1.29: Wagh2016
CAP343_2_00_21_2,2,C,<3mo,,SOUTH AFRICA,2009,JN681257,"CAP343.2.00_21_2, TRP343.2.00_21_2, TRP343_2_00_21_2",Yes,TRP343,panel,HIV-1,C.ZA.2009.CAP343_2_00_21_2.JN681257,5.46,5.46: Bricault2019_dataset1;5.46: Wagh2016,UD,>10: Wagh2016
CAP347_2_00_B1_1,2,C,acute,,SOUTH AFRICA,2009,JN681258,"CAP347.2.00_B1_1, TRP347.2.00_B1_1, TRP347_2_00_B1_1",Yes,TRP347,panel,HIV-1,C.ZA.2009.CAP347_2_00_B1_1.JN681258,0.24,0.24: Bricault2019_dataset1;0.24: Wagh2016,0.84,0.84: Wagh2016
CAP363_2_00_10_3,2,C,<3mo,,SOUTH AFRICA,2009,KJ598853,"CAP363.2.00_10_3, TRP363.2.00_10_3, TRP363.2.00_10_3a",Yes,TRP363,panel,HIV-1,C.ZA.2009.CAP363_2_00_10_3.KJ598853,2.12,2.12: Bricault2019_dataset1;2.12: Wagh2016,UD,>10: Wagh2016
CAP378_2_00_D2_5,2,C,chronic,,SOUTH AFRICA,2010,KF114888,CAP378.2.00_D2.5,Yes,CAP378,panel,HIV-1,C.ZA.2010.CAP378_2_00_D2_5.KF114888,UD,>10: Bricault2019_dataset1;>10: Wagh2016,UD,>10: Wagh2016
CAP37_1_18_D2_19,1B,C,<3mo,,SOUTH AFRICA,2006,JN681230,CAP37.1.18_D2_19,Yes,CAP37,panel,HIV-1,C.ZA.2006.CAP37_1_18_D2_19.JN681230,3.09,3.09: Bricault2019_dataset1;3.09: Wagh2016,UD,>10: Wagh2016
CAP382_2_00_D7_19,2,C,<12mo,,SOUTH AFRICA,2010,KC154028,"CAP382.2.00.D7.19, CAP382.2.00_D7.19",Yes,CAP382,panel,HIV-1,C.ZA.2010.CAP382_2_00_D7_19.KC154028,UD,>10: Bricault2019_dataset1;>10: Wagh2016,UD,>10: Wagh2016
CAP40_2_01_A3_5,2,C,acute,,SOUTH AFRICA,2006,JN681231,CAP40.2.01_A3_5,Yes,CAP40,panel,HIV-1,C.ZA.2006.CAP40_2_01_A3_5.JN681231,UD,>10: Bricault2019_dataset1;>10: Wagh2016,UD,>10: Wagh2016
CAP45_G3,2,C,<3mo,CCR5,SOUTH AFRICA,2005,DQ435682,"CAP45, CAP45.2.00.E8, CAP45.2.00.G3, CAP45.2.00_G3, CAP45_2_00_G3, CAP45.2.G3, CAP45.G3, CAP45 WT, NIH-ARP-11316, SVPC16",Yes,CAP45,panel,HIV-1,C.ZA.2005.CAP45_G3.DQ435682,5.42551,0.27: Umotoy2019_dataset1;1.2: Jardine2016a;1.92: Zhang2019a;2.29: Doria-Rose2012;2.29: Falkowska2012;2.29: Georgiev2013_dataset3;2.3: McCoy2012;2.3: Scheid2011;2.3: Wu2010;2.3: Wu2011;4.459: Andrabi2015;4.61: Xu2017;5.63000: Doria-Rose2016;6: Kwon2015;6.09: Zhang2022_dataset1;6.31: Kwon2021_dataset1;6.63: Kong2016a-dataset1;6.75: Steinhardt2018;7: Bonsignori2016;7: Bricault2019_dataset2;7.38: Bricault2019_dataset3;7.38: Hraber2014;8.21: Kwon2018;8.32: Bricault2019;8.32: Chuang2013;8.32: Georgiev2013_dataset2;8.32: Rudicell2014;8.9: Doria-Rose2014;8.95: Sun2017;9.09: Kong2016;9.47: Gardner2015;9.47: Georgiev2013_dataset1;9.47: Huang2012a;9.47: Huang2016a_dataset1;9.47: Liao2013;9.47: McLellan2011;10.1000: Liu2019;17.1: Rusert2016;18.6: Schwarzmuller2024;>10: Bricault2019_dataset1;>10: Wagh2016,24.7277,10.1: Zhang2019a;20.5: Xu2017;27.6: Hraber2014;31.475: Kwon2021_dataset1;31.475: Zhang2022_dataset1;31.60000: Doria-Rose2016;31.6: Kong2016a-dataset1;>10: Wagh2016;>50: Doria-Rose2012;>50: Gardner2015;>50: Huang2012a;>50: Kwon2018;>50: Liao2013;>50: Liu2019;>50: McLellan2011;>50: Rudicell2014;>50: Scheid2011;>50: Steinhardt2018;>50: Wu2010;>50: Wu2011
CAP69_1_12_TA7_1,2,C,acute,,SOUTH AFRICA,2006,JX131327,"CAP69.1.12.TA7_1, CAP69.1.12_TA7.1, CAP69.1.12_TA7_1",Yes,CAP69,panel,HIV-1,C.ZA.2006.CAP69_1_12_TA7_1.JX131327,UD,>10: Bricault2019_dataset1;>10: Wagh2016,UD,>10: Wagh2016
CAP88_6M_C10,2,C,<12mo,,SOUTH AFRICA,2005,KU198436,,Yes,CAP88,panel,HIV-1,C.ZA.2005.CAP88_6M_C10.KU198436,1.94,1.94: Rusert2016,-,
CBJC515_05_16,,B,chronic,,CHINA,2005,MF591588,,Yes,CBJC515,non-panel,HIV-1,B.CN.2005.CBJC515_05_16.MF591588,4.38,4.38: Hu2021,-,
CBJC515_05_17,,B,chronic,,CHINA,2005,MF591589,,Yes,CBJC515,non-panel,HIV-1,B.CN.2005.CBJC515_05_17.MF591589,0.09,0.09: Hu2021,-,
CBJC515_05_18,,B,chronic,,CHINA,2005,MF591590,,Yes,CBJC515,non-panel,HIV-1,B.CN.2005.CBJC515_05_18.MF591590,0.06,0.06: Hu2021,-,
CBJC515_05_19,,B,chronic,,CHINA,2005,MF591591,,Yes,CBJC515,non-panel,HIV-1,B.CN.2005.CBJC515_05_19.MF591591,0.15,0.15: Hu2021,-,
CBJC515_05_20,,B,chronic,,CHINA,2005,MF591593,,Yes,CBJC515,non-panel,HIV-1,B.CN.2005.CBJC515_05_20.MF591593,0.11,0.11: Hu2021,-,
CBJC515_05_21,,B,chronic,,CHINA,2005,MF591594,,Yes,CBJC515,non-panel,HIV-1,B.CN.2005.CBJC515_05_21.MF591594,0.09,0.09: Hu2021,-,
CBJC515_05_22,,B,chronic,,CHINA,2005,MF591595,,Yes,CBJC515,non-panel,HIV-1,B.CN.2005.CBJC515_05_22.MF591595,0.06,0.06: Hu2021,-,
CBJC515_05_23,,B,chronic,,CHINA,2005,MF591596,,Yes,CBJC515,non-panel,HIV-1,B.CN.2005.CBJC515_05_23.MF591596,0.077,0.077: Hu2021,-,
CBJC515_05_24,,B,chronic,,CHINA,2005,MF591597,,Yes,CBJC515,non-panel,HIV-1,B.CN.2005.CBJC515_05_24.MF591597,0.24,0.24: Hu2021,-,
CBJC515_05_25,,B,chronic,,CHINA,2005,MF591598,,Yes,CBJC515,non-panel,HIV-1,B.CN.2005.CBJC515_05_25.MF591598,4.33,4.33: Hu2021,-,
CBJC515_05_26,,B,chronic,,CHINA,2005,MF591599,,Yes,CBJC515,non-panel,HIV-1,B.CN.2005.CBJC515_05_26.MF591599,5.45,5.45: Hu2021,-,
CBJC515_06_20,,B,chronic,,CHINA,2006,MF591619,,Yes,CBJC515,non-panel,HIV-1,B.CN.2006.CBJC515_06_20.MF591619,4.76,4.76: Hu2021,-,
CBJC515_06_21,,B,chronic,,CHINA,2006,MF591620,,Yes,CBJC515,non-panel,HIV-1,B.CN.2006.CBJC515_06_21.MF591620,2.11,2.11: Hu2021,-,
CBJC515_06_22,,B,chronic,,CHINA,2006,MF591621,,Yes,CBJC515,non-panel,HIV-1,B.CN.2006.CBJC515_06_22.MF591621,1.88,1.88: Hu2021,-,
CBJC515_06_23,,B,chronic,,CHINA,2006,MF591622,,Yes,CBJC515,non-panel,HIV-1,B.CN.2006.CBJC515_06_23.MF591622,4.93,4.93: Hu2021,-,
CBJC515_08_22,,B,chronic,,CHINA,2008,MF591660,,Yes,CBJC515,non-panel,HIV-1,B.CN.2008.CBJC515_08_22.MF591660,3.54,3.54: Hu2021,-,
CBJC515_08_23,,B,chronic,,CHINA,2008,MF591661,,Yes,CBJC515,non-panel,HIV-1,B.CN.2008.CBJC515_08_23.MF591661,4.18,4.18: Hu2021,-,
CBJC515_08_24,,B,chronic,,CHINA,2008,MF591662,,Yes,CBJC515,non-panel,HIV-1,B.CN.2008.CBJC515_08_24.MF591662,3.45,3.45: Hu2021,-,
CBJC515_08_25,,B,chronic,,CHINA,2008,MF591663,,Yes,CBJC515,non-panel,HIV-1,B.CN.2008.CBJC515_08_25.MF591663,6.24,6.24: Hu2021,-,
CBJC515_08_26,,B,chronic,,CHINA,2008,MF591664,,Yes,CBJC515,non-panel,HIV-1,B.CN.2008.CBJC515_08_26.MF591664,3.24,3.24: Hu2021,-,
CBJC515_08_27,,B,chronic,,CHINA,2008,MF591665,,Yes,CBJC515,non-panel,HIV-1,B.CN.2008.CBJC515_08_27.MF591665,3.5,3.5: Hu2021,-,
CBJC515_08_28,,B,chronic,,CHINA,2008,MF591666,,Yes,CBJC515,non-panel,HIV-1,B.CN.2008.CBJC515_08_28.MF591666,0.08,0.08: Hu2021,-,
CBJC515_08_29,,B,chronic,,CHINA,2008,MF591667,,Yes,CBJC515,non-panel,HIV-1,B.CN.2008.CBJC515_08_29.MF591667,4.76,4.76: Hu2021,-,
CBJC515_08_30,,B,chronic,,CHINA,2008,MF591669,,Yes,CBJC515,non-panel,HIV-1,B.CN.2008.CBJC515_08_30.MF591669,3.09,3.09: Hu2021,-,
CBJC515_08_31,,B,chronic,,CHINA,2008,MF591670,,Yes,CBJC515,non-panel,HIV-1,B.CN.2008.CBJC515_08_31.MF591670,3.81,3.81: Hu2021,-,
CBJC515_08_32,,B,chronic,,CHINA,2008,MF591671,,Yes,CBJC515,non-panel,HIV-1,B.CN.2008.CBJC515_08_32.MF591671,4.25,4.25: Hu2021,-,
CBJC515_08_33,,B,chronic,,CHINA,2008,MF591672,,Yes,CBJC515,non-panel,HIV-1,B.CN.2008.CBJC515_08_33.MF591672,2.31,2.31: Hu2021,-,
CBJC515_08_34,,B,chronic,,CHINA,2008,MF591673,,Yes,CBJC515,non-panel,HIV-1,B.CN.2008.CBJC515_08_34.MF591673,2.84,2.84: Hu2021,-,
CE0089_G2,2,C,<12mo,,MALAWI,2003,KC894073,"Ce0089_G2, CHV0011362_089-G2",Yes,89,panel,HIV-1,C.MW.2003.CE0089_G2.KC894073,0.25,0.25: Bricault2019_dataset1;0.25: Wagh2016,2.93,2.93: Wagh2016
CE0393_C3,2,C,acute T/F,,MALAWI,2003,FJ444215,"CE0393, Ce0393_C3, pCenvFs4_Pt0393_C3uncp, pCenvPt0393_C3",Yes,393,panel,HIV-1,C.MW.2003.CE0393_C3.FJ444215,0.6103,0.12: Umotoy2019_dataset2;0.37: Zhang2019a;0.62: Bricault2019_dataset1;0.62: Wagh2016;1.74: Bricault2019_dataset3;1.74: Hraber2014,2.51182,1.46: Zhang2019a;2.37: Wagh2016;4.58: Hraber2014
CE0626_E6,2,C,<3mo,,MALAWI,2003,FJ444284,"Ce0626_E6, CHV0011280_0626-B4",Yes,626,panel,HIV-1,C.MW.2003.CE0626_E6.FJ444284,0.52,0.52: Bricault2019_dataset1;0.52: Wagh2016,1.45,1.45: Wagh2016
CE0665_F2,2,C,<3mo,,MALAWI,2003,KC894076,"Ce0665_F2, CHV0011311_0665-D7",Yes,665,panel,HIV-1,C.MW.2003.CE0665_F2.KC894076,0.48,0.48: Bricault2019_dataset1;0.48: Wagh2016,1.75,1.75: Wagh2016
CE0682_E4,2,C,acute T/F,,MALAWI,2003,FJ444325,"CE0682, Ce0682_E4, pCenvFs2_pt0682_E4uncp",Yes,682,panel,HIV-1,C.MW.2003.CE0682_E4.FJ444325,0.17459,0.08: Bricault2019_dataset1;0.08: Wagh2016;0.381: Bricault2019_dataset3;0.381: Hraber2014;>100: Umotoy2019_dataset2,0.72333,0.48: Wagh2016;1.09: Hraber2014
CE0985_H7,2,C,acute,,MALAWI,2004,FJ444391,"0985_H7_Mut13-2, Ce0985_H7(Rev-)",Yes,985,panel,HIV-1,C.MW.2004.CE0985_H7.FJ444391,UD,>10: Bricault2019_dataset1;>10: Wagh2016,UD,>10: Wagh2016
CE1086_B2,2,C,acute T/F,,MALAWI,2004,FJ444395,"1086.B2, CE1086, Ce1086_B2, pCenvFs2_Pt1086_B2, pCenvFs2_Pt1086_B2uncp",Yes,1086,panel,HIV-1,C.MW.2004.CE1086_B2.FJ444395,0.57053,0.42: Bricault2019_dataset1;0.42: Wagh2016;0.775: Bricault2019_dataset3;0.775: Hraber2014;>100: Umotoy2019_dataset2,1.77178,1.44: Wagh2016;2.18: Hraber2014
CE1172_H1,2,C,acute T/F,,MALAWI,2004,FJ444434,"CE1172, Ce1172_H1, pCenvFs2_pt1172_H1uncp, pCenvPt1172_H1",Yes,1172,panel,HIV-1,C.MW.2004.CE1172_H1.FJ444434,UD,>100: Umotoy2019_dataset2;>10: Bricault2019_dataset1;>10: Wagh2016;>50: Bricault2019_dataset3;>50: Hraber2014;>50: Zhang2019a,UD,>10: Wagh2016;>50: Hraber2014;>50: Zhang2019a
CE1176_A3,2,C,acute T/F,,MALAWI,2004,FJ444437,"CE1176, Ce1176.A3, Ce1176_A3, pCenvFs2_Pt1176_A3uncp, pCenvPt1176_A3",Yes,1176,panel,HIV-1,C.MW.2004.CE1176_A3.FJ444437,2.17808,0.77: Umotoy2019_dataset2;1.06: Jardine2016a;1.1: Yin2021;1.248: Wu2018_dataset3;1.25: Zhang2019a;1.261: Bonsignori2018_dataset1;1.374: Wu2018_dataset1;1.83: Qiao2016;1.83: Sun2017;1.85: Steinhardt2018;2.04: Webb2015;2.053: Richardson2021;2.09: Kong2016a-dataset1;2.14: Kwon2021_dataset1;2.25: Bricault2019_dataset1;2.25: Decamp2014;2.25: Wagh2016;2.28: Kwon2018;2.4: Bonsignori2018_dataset2;2.46: Xu2017;2.6: Bonsignori2016;2.6: Bricault2019_dataset2;3.116: Zhang2022_dataset1;3.23: Martinez2020;3.47: Bricault2019_dataset3;3.47: Hraber2014;3.6900: Liu2019;4.88: Kong2016;10: LaBranche2018,6.69562,3.879: Bonsignori2018_dataset1;4.92: Steinhardt2018;4.99: Zhang2019a;5.15: Webb2015;5.25: Kong2016a-dataset1;6.61: Kwon2018;6.92: Xu2017;8.1: Wagh2016;8.27: Hraber2014;8.7900: Liu2019;10.82: Kwon2021_dataset1;10.82: Zhang2022_dataset1
CE2010_F5,2 or 3,C,acute T/F,,MALAWI,2005,FJ444561,"2010F5, CE2010, Ce2010_F5, pCenvFs4_Pt2010_F5uncp, pCenvPt2010_F5",Yes,2010,panel,HIV-1,C.MW.2005.CE2010_F5.FJ444561,0.37831,0.153: Zhang2019a;0.19: Umotoy2019_dataset2;0.231: Jardine2016a;0.32: Bricault2019_dataset1;0.32: Wagh2016;1.27: Bricault2019_dataset3;1.27: Hraber2014,1.32266,0.625: Zhang2019a;1.07: Wagh2016;3.46: Hraber2014
CE2052_G10,2,C,acute,,MALAWI,2006,KC894084,"Ce2052_G10, CHV0011582_2052-H3",Yes,2052,panel,HIV-1,C.MW.2006.CE2052_G10.KC894084,0.18,0.18: Bricault2019_dataset1;0.18: Wagh2016,0.59,0.59: Wagh2016
CE2060_G9,2,C,acute T/F,,MALAWI,2005,FJ444607,"CE2060, Ce2060_G9, pCenvPt2060_G9",Yes,2060,panel,HIV-1,C.MW.2005.CE2060_G9.FJ444607,0.28034,0.109: Zhang2019a;0.14: Umotoy2019_dataset2;0.23: Jardine2016a;0.29: Bricault2019_dataset1;0.29: Wagh2016;0.679: Bricault2019_dataset3;0.679: Hraber2014,1.17084,0.45: Zhang2019a;1.48: Wagh2016;2.41: Hraber2014
CE2103_E8,3,C,acute,,MALAWI,2005,KC894086,"Ce2103_E8, CHV0011609_2103-A7, pCenvFs2_pt2103_E8uncp, pCenvPt2103_E8",Yes,2103,panel,HIV-1,C.MW.2005.CE2103_E8.KC894086,UD,>10: Bricault2019_dataset1;>10: Wagh2016,UD,>10: Wagh2016
CH0219_E4,,A1,chronic,,TANZANIA,2008,HM204621,CH0219.e4,Yes,707010219,panel,HIV-1,A1.TZ.2008.CH0219_E4.HM204621,UD,>25: Wagh2018,UD,>25: Wagh2018
CH038_12,2 or 3,07_BC,<12mo,,CHINA,2004,EF042692,"CH038, CH038.12, CHO38.12",Yes,CH038,panel,HIV-1,07_BC.CN.2004.CH038_12.EF042692,0.43194,0.317: Kwon2021_dataset1;0.3328: Zhang2022_dataset1;0.3500: Liu2019;0.379: Doria-Rose2012;0.379: Gardner2015;0.379: Huang2012a;0.379: Huang2016a_dataset1;0.379: McLellan2011;0.383: Kong2016a-dataset1;0.386: Bricault2019;0.386: Chuang2013;0.386: Rudicell2014;0.444: Kwon2015;0.447: Steinhardt2018;0.518: Xu2017;0.519: Bonsignori2016;0.519: Bricault2019_dataset2;0.52: McCoy2012;0.52: Wu2010;0.52: Wu2011;0.54200: Doria-Rose2016;0.546: Kwon2018;0.562: Zhou2017,1.25404,0.762: Kong2016a-dataset1;0.9336: Kwon2021_dataset1;0.9336: Zhang2022_dataset1;0.9390: Liu2019;1.04: Steinhardt2018;1.14: Xu2017;1.29000: Doria-Rose2016;1.33: Rudicell2014;1.43: Kwon2018;1.47: Zhou2017;1.53: Doria-Rose2012;1.53: Gardner2015;1.53: Huang2012a;1.53: McLellan2011;1.6: Wu2010;1.6: Wu2011
CH064_20,2,07_BC,<12mo,,CHINA,2004,EF117254,"CH064.2, CH064.20, CH064.env",Yes,CH064,panel,HIV-1,07_BC.CN.2004.CH064_20.EF117254,0.49749,0.45: McCoy2012;0.45: Wu2010;0.55: Qiao2016;0.55: Sun2017,1.4,1.4: Wu2010
CH0694,2,C,<3mo,,MALAWI,2008,KJ700458,"CH0694.ENV, CH0694.ENVa",Yes,703010694,panel,HIV-1,C.MW.2008.CH0694.KJ700458,UD,>10: Bricault2019_dataset1;>10: Wagh2016,UD,>10: Wagh2016
CH070_1,3,07_BC,<12mo,,CHINA,2004,EF117255,"CH070, CH070.1, CH70.1",Yes,CH070,panel,HIV-1,07_BC.CN.2004.CH070_1.EF117255,10.2554,1.67: Bricault2019;1.67: Chuang2013;1.67: Rudicell2014;7.11: Kwon2021_dataset1;7.5200: Liu2019;7.56: Zhang2022_dataset1;8.59: Kwon2015;9.26: Zhou2017;9.90000: Doria-Rose2016;9.9: Kong2016a-dataset1;9.99: Bonsignori2016;9.99: Bricault2019_dataset2;10.76: Qiao2016;10.76: Sun2017;11.2: Kwon2018;11.5: Xu2017;14: Steinhardt2018;18.7: Doria-Rose2012;18.7: Gardner2015;18.7: Huang2012a;18.7: Huang2016a_dataset1;18.7: McLellan2011;18.9: Kong2018;37.7: Wu2010;37.7: Wu2011,UD,>50: Doria-Rose2012;>50: Doria-Rose2016;>50: Gardner2015;>50: Huang2012a;>50: Kong2016a-dataset1;>50: Kwon2018;>50: Kwon2021_dataset1;>50: Liu2019;>50: McLellan2011;>50: Rudicell2014;>50: Steinhardt2018;>50: Wu2010;>50: Wu2011;>50: Xu2017;>50: Zhang2022_dataset1;>50: Zhou2017
CH091_9,2,07_BC,<12mo,,CHINA,2004,EF117256,CH091.9,Yes,CH091,panel,HIV-1,07_BC.CN.2004.CH091_9.EF117256,0.23,0.23: Qiao2016;0.23: Sun2017,-,
CH106_C,,B,acute T/F,CCR5,UNITED STATES,2006,JN944942,"CH106_TF, pCH106_c",Yes,700010106,panel,HIV-1,B.US.2006.CH106_C.JN944942,UD,>3.5: Wu2018_dataset2,-,
CH110_2,2,07_BC,<12mo,CCR5,CHINA,2004,EF117257,"CH110, CH110.2",Yes,CH110,panel,HIV-1,07_BC.CN.2004.CH110_2.EF117257,2.118,1.34: Kong2016;1.9: McCoy2012;1.9: Wu2010;4.16: Sun2017,18.7,18.7: Wu2010
CH111_8,2,07_BC,<12mo,,CHINA,2004,EF117258,CH111.8,Yes,CH111,panel,HIV-1,07_BC.CN.2004.CH111_8.EF117258,3.9,3.9: McCoy2012;3.9: Wu2010,11.5,11.5: Wu2010
CH114_8,2 or 3,07_BC,<12mo,CCR5,CHINA,2004,EF117264,CH114.8,Yes,CH114,panel,HIV-1,07_BC.CN.2004.CH114_8.EF117264,0.26042,0.21: Wu2010;0.29: Qiao2016;0.29: Sun2017,0.68,0.68: Wu2010
CH115_12,2 or 3,07_BC,<12mo,,CHINA,2004,EF117263,CH115.12,Yes,CH115,panel,HIV-1,07_BC.CN.2004.CH115_12.EF117263,2.7,2.7: Wu2010,9.5,9.5: Wu2010
CH117_4,2,07_BC,<12mo,CCR5,CHINA,2004,EF117262,"CH117, CH117.4",Yes,CH117,panel,HIV-1,07_BC.CN.2004.CH117_4.EF117262,0.084764,0.021: Bricault2019;0.021: Chuang2013;0.021: Rudicell2014;0.059: Doria-Rose2012;0.059: Huang2012a;0.059: McLellan2011;0.05921: Huang2016a_dataset1;0.075: Kwon2015;0.095: Bonsignori2016;0.095: Bricault2019_dataset2;0.105: Steinhardt2018;0.1054: Zhang2022_dataset1;0.107: Kwon2018;0.107: Kwon2021_dataset1;0.108: Xu2017;0.11: Qiao2016;0.11: Sun2017;0.113: Kong2016a-dataset1;0.14: Wu2010;0.14: Wu2011;0.1450: Liu2019;0.15300: Doria-Rose2016;0.36: Kong2016,0.30421,0.209: Rudicell2014;0.241: Steinhardt2018;0.2834: Kwon2021_dataset1;0.2834: Zhang2022_dataset1;0.285: Kong2016a-dataset1;0.303: Xu2017;0.311: Kwon2018;0.334: Doria-Rose2012;0.334: Huang2012a;0.334: McLellan2011;0.34: Wu2010;0.34: Wu2011;0.35200: Doria-Rose2016;0.3530: Liu2019
CH119_10,2,07_BC,<12mo,CCR5,CHINA,2004,EF117261,"CH119, CH119.1, CH119.10",Yes,CH119,panel,HIV-1,07_BC.CN.2004.CH119_10.EF117261,0.73243,0.2741: Wu2018_dataset1;0.2741: Wu2018_dataset3;0.47: Yin2021;0.562: Bonsignori2018_dataset1;0.571: Kong2016a-dataset1;0.577: Bonsignori2016;0.577: Bricault2019_dataset2;0.581: Kwon2018;0.62: Bonsignori2018_dataset2;0.6660: Liu2019;0.68: Kwon2021_dataset1;0.81: Richardson2021;0.8288: Zhang2022_dataset1;0.833: Steinhardt2018;0.97: Qiao2016;0.97: Sun2017;0.982: Xu2017;1.15: Martinez2020;1.19: Webb2015;1.2: Decamp2014;1.3: Wu2010;1.56: Kong2016,2.31028,1.602: Bonsignori2018_dataset1;1.95: Kwon2018;2.15: Steinhardt2018;2.3000: Liu2019;2.304: Kwon2021_dataset1;2.304: Zhang2022_dataset1;2.32: Xu2017;2.34: Kong2016a-dataset1;2.78: Webb2015;3.5: Wu2010
CH120_6,3,07_BC,<12mo,CCR5,CHINA,2004,EF117260,"CH120, CH120.6",Yes,CH120,panel,HIV-1,07_BC.CN.2004.CH120_6.EF117260,5.44009,3.1: Wu2010;4.5: Qiao2016;4.5: Sun2017;6.90: Kong2016;11: Cai2017,16.8819,11.4: Wu2010;25: Cai2017
CH181_12,2,07_BC,<12mo,,CHINA,2004,EF117259,"CH181, CH181.12",Yes,CH181,panel,HIV-1,07_BC.CN.2004.CH181_12.EF117259,0.5071,0.341: Bricault2019;0.341: Chuang2013;0.341: Rudicell2014;0.3610: Liu2019;0.367: Kwon2015;0.4446: Zhang2022_dataset1;0.478: Kwon2018;0.481: Bonsignori2016;0.481: Bricault2019_dataset2;0.487: Kwon2021_dataset1;0.487: Steinhardt2018;0.49: McCoy2012;0.49: Wu2010;0.49: Wu2011;0.54: Doria-Rose2012;0.54: Huang2012a;0.54: Huang2016a_dataset1;0.54: McLellan2011;0.656: Kong2016a-dataset1;0.682: Xu2017;1.04000: Doria-Rose2016;1.14: Kong2016,1.56483,1.1700: Liu2019;1.22: Steinhardt2018;1.262: Kwon2021_dataset1;1.262: Zhang2022_dataset1;1.43: Kwon2018;1.46: Rudicell2014;1.6: Xu2017;1.7: Wu2010;1.7: Wu2011;1.83: Kong2016a-dataset1;1.87: Doria-Rose2012;1.87: Huang2012a;1.87: McLellan2011;2.01000: Doria-Rose2016
CH505_TF,2,C,acute T/F,,MALAWI,2008,KC247556,"703010505_w4_02, CH0505s, CH0505s.T/F, CH0505.w4.24, CH505TF",Yes,703010505,panel,HIV-1,C.MW.2008.CH505_TF.KC247556,0.12919,0.11: Zhou2017;0.14: Bradley2016a;0.14: LaBranche2019,0.286,0.286: Zhou2017
CH505_TF_DELGLY3_197,2,C,,,MALAWI,2008,,,Yes,703010505,mutant,HIV-1,C.MW.2008.CH505_TF_DELGLY3_197.,0.021977,0.021: Zhou2017;0.023: LaBranche2019,0.052,0.052: Zhou2017
CH505_TF_DELGLY3_276,2,C,,,MALAWI,2008,,,Yes,703010505,mutant,HIV-1,C.MW.2008.CH505_TF_DELGLY3_276.,0.0034641,0.003: Zhou2017;0.004: LaBranche2019,0.008,0.008: Zhou2017
CH505_TF_DELGLY3_461,2,C,,,MALAWI,2008,,,Yes,703010505,mutant,HIV-1,C.MW.2008.CH505_TF_DELGLY3_461.,0.53766,0.146: Zhou2017;1.98: LaBranche2019,0.556,0.556: Zhou2017
CH505_TF_DELGLY4,2,C,,,MALAWI,2008,,,Yes,703010505,mutant,HIV-1,C.MW.2008.CH505_TF_DELGLY4.,0.002,0.002: LaBranche2019;0.002: Zhou2017,0.006,0.006: Zhou2017
CH505_TF_G458Y,1B,C,,,MALAWI,2008,,,Yes,703010505,mutant,HIV-1,C.MW.2008.CH505_TF_G458Y.,UD,>25: LaBranche2019,-,
CH505_TF_N279K,2,C,,,MALAWI,2008,,,Yes,703010505,mutant,HIV-1,C.MW.2008.CH505_TF_N279K.,UD,>25: LaBranche2019,-,
CH505_TF_N279K_G458Y,1A,C,,,MALAWI,2008,,,Yes,703010505,mutant,HIV-1,C.MW.2008.CH505_TF_N279K_G458Y.,UD,>25: LaBranche2019,-,
CH505_TF_N279K_N280D_G458Y,1B,C,,,MALAWI,2008,,,Yes,703010505,mutant,HIV-1,C.MW.2008.CH505_TF_N279K_N280D_G458Y.,UD,>25: LaBranche2019,-,
CH505_W4_3,1A,C,acute,,MALAWI,2008,KC247557,"703010505_w4_03, CH0505.w4.3, CH505.w4.3",Yes,703010505,panel,HIV-1,C.MW.2008.CH505_W4_3.KC247557,0.031623,0.02: Bricault2019_dataset1;0.02: Wagh2016;0.05: Bradley2016a;0.05: LaBranche2019,0.11,0.11: Wagh2016
CM235_2,,01_AE,chronic,CCR5,THAILAND,1990,JN944662,,Yes,CM235,panel,HIV-1,01_AE.TH.1990.CM235_2.JN944662,0.26,0.26: Chenine2018,-,
CM244_90TH,,01_AE,chronic,CCR5,THAILAND,1990,AY713425,,Yes,CM244,panel,HIV-1,01_AE.TH.1990.CM244_90TH.AY713425,1.46,1.46: Chenine2018,-,
CM244_EC1,2,01_AE,chronic,CCR5,THAILAND,1990,JQ715397,"CM244, CM244.ec1",Yes,CM244,panel,HIV-1,01_AE.TH.1990.CM244_EC1.JQ715397,0.10175,0.041: Kong2016a-dataset1;0.085: Kwon2018;0.089: Bricault2019_dataset2;0.101: Xu2017;0.116: Steinhardt2018;0.1354: Zhang2022_dataset1;0.1390: Liu2019;0.168: Kwon2021_dataset1,0.46974,0.34: Kwon2018;0.403: Xu2017;0.41: Kong2016a-dataset1;0.452: Steinhardt2018;0.5722: Kwon2021_dataset1;0.5722: Zhang2022_dataset1;0.6070: Liu2019
CMU02,,01_AE,chronic,CXCR4,THAILAND,1993,AY669779,,Yes,CMU02,panel,HIV-1,01_AE.TH.1993.CMU02.AY669779,0.515,0.515: Sok2016;0.515: Walker2011,-,
CNE1,,B,chronic,CXCR4,CHINA,2006,HQ699949,,Yes,CNE1,panel,HIV-1,B.CN.2006.CNE1.HQ699949,0.017407,0.0101: Wu2018_dataset3;0.030: Wu2018_dataset2;>50: Shang2011,-,
CNE10,2,B,<12mo,CCR5,CHINA,2004,HM215397,CN-04-LN1009,Yes,CNE10,panel,HIV-1,B.CN.2004.CNE10.HM215397,0.69167,0.408: Bricault2019;0.408: Chuang2013;0.408: Rudicell2014;0.425: Xu2017;0.565: Steinhardt2018;0.5710: Liu2019;0.642: Kwon2015;0.689: Bonsignori2016;0.689: Bricault2019_dataset2;0.7562: Zhang2022_dataset1;0.776: Doria-Rose2012;0.776: Huang2012a;0.776: Huang2016a_dataset1;0.776: McLellan2011;0.776: Wu2011;0.78: Liao2013;0.784: Kwon2018;0.806: Kong2016a-dataset1;0.93900: Doria-Rose2016;0.953: Kwon2021_dataset1;1.062: Shang2011;1.0622: Wu2018_dataset3,1.89669,1.59: Steinhardt2018;1.79: Xu2017;1.8100: Liu2019;1.87: Doria-Rose2012;1.87: Huang2012a;1.87: Liao2013;1.87: McLellan2011;1.9: Wu2011;1.96: Kong2016a-dataset1;1.97: Kwon2021_dataset1;1.97: Zhang2022_dataset1;2: Kwon2018;2.02: Rudicell2014;2.12000: Doria-Rose2016
CNE107,,01_AE,chronic,CXCR4,CHINA,2007,HQ699986,,Yes,CNE56-CNE107,panel,HIV-1,01_AE.CN.2007.CNE107.HQ699986,0.95626,0.54: Qiao2016;0.999: Wu2018_dataset2;1.245: Shang2011;1.245: Wu2018_dataset3,-,
CNE11,2,B,<12mo,CCR5,CHINA,2005,HM215398,CN-05-JL37,Yes,CNE11,panel,HIV-1,B.CN.2005.CNE11.HM215398,0.34713,0.23: Qiao2016;0.23: Sun2017;0.5238: Wu2018_dataset3;0.524: Shang2011,-,
CNE12,2,B,<12mo,CCR5,CHINA,2004,HM215399,CN-04-JL103,Yes,CNE12,panel,HIV-1,B.CN.2004.CNE12.HM215399,0.80915,0.42: Crooks2015;0.577: Kwon2015;0.64: Kwon2021_dataset1;0.6850: Liu2019;0.695: Bonsignori2016;0.695: Bricault2019_dataset2;0.703: Zhang2022_dataset1;0.736: Kwon2018;0.785: Doria-Rose2012;0.785: Huang2012a;0.785: Huang2016a_dataset1;0.785: McLellan2011;0.785: Wu2011;0.79: Liao2013;0.809: Kong2016a-dataset1;0.866: Steinhardt2018;0.867: Bricault2019;0.867: Chuang2013;0.867: Rudicell2014;1.11: Xu2017;1.15000: Doria-Rose2016;2.600: Wu2018_dataset2,2.28116,2.14: Steinhardt2018;2.142: Kwon2021_dataset1;2.142: Zhang2022_dataset1;2.1800: Liu2019;2.18: Xu2017;2.19: Doria-Rose2012;2.19: Huang2012a;2.19: Liao2013;2.19: McLellan2011;2.2: Wu2011;2.27: Kong2016a-dataset1;2.39: Kwon2018;2.61000: Doria-Rose2016;3.09: Rudicell2014
CNE14,1B,B,<12mo,CCR5,CHINA,2004,HM215400,CN-04-JL112,Yes,CNE14,panel,HIV-1,B.CN.2004.CNE14.HM215400,0.34091,0.199: Bonsignori2016;0.199: Bricault2019_dataset2;0.239: Kwon2018;0.249: Xu2017;0.256: Kwon2015;0.263: Kwon2021_dataset1;0.275: Steinhardt2018;0.285: Bricault2019;0.285: Chuang2013;0.285: Rudicell2014;0.2890: Liu2019;0.3166: Zhang2022_dataset1;0.353: Kong2016a-dataset1;0.358: Shang2011;0.3581: Wu2018_dataset3;0.389: Doria-Rose2012;0.389: Huang2012a;0.389: Huang2016a_dataset1;0.389: McLellan2011;0.389: Wu2011;0.39: Liao2013;0.47: Crooks2015;0.50700: Doria-Rose2016;0.56: Qiao2016;0.56: Sun2017;0.650: Wu2018_dataset2,0.93868,0.656: Kwon2018;0.813: Steinhardt2018;0.816: Xu2017;0.8780: Liu2019;0.9226: Kwon2021_dataset1;0.9226: Zhang2022_dataset1;0.978: Doria-Rose2012;0.978: Huang2012a;0.978: McLellan2011;0.978: Wu2011;0.98: Liao2013;1.01: Kong2016a-dataset1;1.12: Rudicell2014;1.25000: Doria-Rose2016
CNE15,2,BC,<12mo,CCR5,CHINA,2007,HM215401,CN-07-YN08,Yes,CNE15,panel,HIV-1,BC.CN.2007.CNE15.HM215401,0.10562,0.008: Shang2011;0.07: Sun2017;0.08: Doria-Rose2012;0.08: Gardner2015;0.08: Huang2012a;0.08: Huang2016a_dataset1;0.08: McLellan2011;0.08: Wu2011;0.1: Bonsignori2016;0.1: Bricault2019_dataset2;0.103: Kwon2021_dataset1;0.114: Kwon2015;0.126: Kwon2018;0.139: Xu2017;0.141: Steinhardt2018;0.147: Kong2016a-dataset1;0.1510: Liu2019;0.151: Zhang2022_dataset1;0.153: Bricault2019;0.153: Chuang2013;0.153: Rudicell2014;0.18100: Doria-Rose2016;0.380: Wu2018_dataset2,0.37354,0.28: Doria-Rose2012;0.28: Gardner2015;0.28: Huang2012a;0.28: McLellan2011;0.28: Wu2011;0.375: Steinhardt2018;0.411: Kwon2018;0.4256: Kwon2021_dataset1;0.4256: Zhang2022_dataset1;0.428: Kong2016a-dataset1;0.442: Xu2017;0.45200: Doria-Rose2016;0.481: Rudicell2014;0.5210: Liu2019
CNE16,2,BC,<12mo,CCR5,CHINA,2007,HM215402,,Yes,CNE16,panel,HIV-1,BC.CN.2007.CNE16.HM215402,0.34739,0.14: Sun2017;0.420: Wu2018_dataset2;0.713: Shang2011,-,
CNE17,2,C,<12mo,CCR5,CHINA,2007,HM215403,CN-07-YN18,Yes,CNE17,panel,HIV-1,C.CN.2007.CNE17.HM215403,0.99103,0.219: Zhang2019a;0.38: Umotoy2019_dataset2;0.930: Wu2018_dataset2;1.214: Shang2011;1.2144: Wu2018_dataset3;1.27: Qiao2016;1.27: Sun2017;1.42: Jardine2016a;1.87: Bricault2019_dataset3;1.87: Hraber2014,1.9087,0.904: Zhang2019a;4.03: Hraber2014
CNE18,1B,BC,<12mo,CCR5,CHINA,2007,HM215404,CN-07-YN22,Yes,CNE18,panel,HIV-1,BC.CN.2007.CNE18.HM215404,0.3,0.300: Wu2018_dataset2,-,
CNE19,1A,07_BC,<12mo,CCR5,CHINA,2007,HM215405,CN-07-XJ12,Yes,CNE19,panel,HIV-1,07_BC.CN.2007.CNE19.HM215405,0.2081,0.074: Umotoy2019_dataset2;0.127: Zhang2019a;0.135: Kong2016a-dataset1;0.168: Kwon2021_dataset1;0.169: Bonsignori2016;0.169: Bricault2019_dataset2;0.186: Shang2011;0.1862: Wu2018_dataset3;0.1890: Liu2019;0.191: Jardine2016a;0.2146: Zhang2022_dataset1;0.224: Xu2017;0.247: Steinhardt2018;0.252: Sastry2023_dataset1;0.253: Kwon2018;0.26900: Doria-Rose2016;0.588: Bricault2019_dataset3;0.588: Hraber2014,0.75013,0.512: Zhang2019a;0.6220: Liu2019;0.659: Steinhardt2018;0.6602: Kwon2021_dataset1;0.6602: Zhang2022_dataset1;0.71800: Doria-Rose2016;0.721: Kwon2018;0.74: Xu2017;0.947: Kong2016a-dataset1;1.7: Hraber2014
CNE2,,C,chronic,CCR5,CHINA,2007,HQ699950,,Yes,,panel,HIV-1,C.CN.2007.CNE2.HQ699950,0.14481,0.05: Qiao2016;0.05: Sun2017;0.2513: Wu2018_dataset3;0.700: Wu2018_dataset2,-,
CNE20,1A,07_BC,<12mo,CCR5,CHINA,2007,HM215406,CN-07-XJ23,Yes,CNE20,panel,HIV-1,07_BC.CN.2007.CNE20.HM215406,5.47803,1.206: Shang2011;1.206: Wu2018_dataset3;1.3: Umotoy2019_dataset2;4.5300: Liu2019;4.85: Zhang2019a;6.5: Bricault2019_dataset3;6.5: Hraber2014;6.54: Kwon2021_dataset1;7.39: Steinhardt2018;8.77000: Doria-Rose2016;8.87: Kong2016a-dataset1;9.25: Bonsignori2016;9.25: Bricault2019_dataset2;9.58: Xu2017;10.954: Zhang2022_dataset1;11.1: Kwon2018;>3.5: Wu2018_dataset2,28.3581,20.2: Zhang2019a;33.6: Kwon2021_dataset1;33.6: Zhang2022_dataset1;>50: Doria-Rose2016;>50: Hraber2014;>50: Kong2016a-dataset1;>50: Kwon2018;>50: Liu2019;>50: Steinhardt2018;>50: Xu2017
CNE21,1B,07_BC,<12mo,,CHINA,2007,HM215407,"CN-07-XJ40, CNE21.SG3",Yes,CNE21,panel,HIV-1,07_BC.CN.2007.CNE21.HM215407,0.30707,0.078: Umotoy2019_dataset2;0.212: Zhang2019a;0.2300: Liu2019;0.2493: Wu2018_dataset3;0.274: Steinhardt2018;0.277: Kwon2018;0.3102: Zhang2022_dataset1;0.32: Kwon2021_dataset1;0.357: Bonsignori2016;0.357: Bricault2019_dataset2;0.387: Bricault2019_dataset3;0.387: Hraber2014;0.398: Jardine2016a;0.422: Xu2017;0.482: Kong2016a-dataset1;0.56600: Doria-Rose2016,1.26521,0.848: Zhang2019a;0.903: Steinhardt2018;1.1400: Liu2019;1.248: Kwon2021_dataset1;1.248: Zhang2022_dataset1;1.41: Kong2016a-dataset1;1.42: Kwon2018;1.5: Hraber2014;1.56: Xu2017;1.65000: Doria-Rose2016
CNE23,2,08_BC,<12mo,CCR5,CHINA,2007,HM215408,CN-07-YN6-3,Yes,CNE23,panel,HIV-1,08_BC.CN.2007.CNE23.HM215408,9.94454,1.890: Wu2018_dataset2;16.29: Qiao2016;16.29: Sun2017;19.5: Guo2012;>3.5: Wu2018_dataset3;>50: Shang2011,-,
CNE26,,01_AE,chronic,CCR5,CHINA,2007,HQ699955,,Yes,,panel,HIV-1,01_AE.CN.2007.CNE26.HQ699955,UD,>3.5: Wu2018_dataset2,-,
CNE28,3,01_AE,<12mo,,CHINA,2007,HM215409,,Yes,CNE28,panel,HIV-1,01_AE.CN.2007.CNE28.HM215409,UD,>50: Wu2010,UD,>50: Wu2010
CNE3,3,01_AE,<12mo,CCR5,CHINA,2006,HM215410,CN-06-YN103,Yes,CNE3,panel,HIV-1,01_AE.CN.2006.CNE3.HM215410,2.61456,0.260: Wu2018_dataset2;1.37: Kwon2015;1.53: Kwon2021_dataset1;1.6: Kwon2018;1.63: Bonsignori2016;1.63: Bricault2019_dataset2;1.666: Zhang2022_dataset1;1.76: Xu2017;1.79: Steinhardt2018;1.8300: Liu2019;2.02: Doria-Rose2016;2.17: Kong2016a-dataset1;2.8: Bricault2019;2.8: Chuang2013;2.8: Rudicell2014;2.9175: Wu2018_dataset3;2.918: Shang2011;3.18: Doria-Rose2014;3.56: Doria-Rose2012;3.56: Huang2012a;3.56: Huang2016a_dataset1;3.56: McLellan2011;4.94: Qiao2016;4.94: Sun2017;17.7: Wu2010;17.7: Wu2011,9.72255,7.14: Xu2017;8.5: Kwon2018;8.6800: Liu2019;8.95: Kong2016a-dataset1;9.382: Kwon2021_dataset1;9.382: Zhang2022_dataset1;9.5: Doria-Rose2016;11: Steinhardt2018;17.9: Rudicell2014;>50: Doria-Rose2012;>50: Huang2012a;>50: McLellan2011;>50: Wu2010;>50: Wu2011
CNE30,2 or 3,08_BC,<12mo,CCR5,CHINA,2007,HM215411,CN-07-YN50-4,Yes,CNE30,panel,HIV-1,08_BC.CN.2007.CNE30.HM215411,0.8005,0.28: Umotoy2019_dataset2;0.525: Bonsignori2016;0.525: Bricault2019_dataset2;0.59: Qiao2016;0.59: Sun2017;0.593: Zhang2019a;0.686: Bricault2019;0.686: Chuang2013;0.686: Rudicell2014;0.693: Steinhardt2018;0.72: Guo2012;0.7710: Liu2019;0.827: Jardine2016a;0.8632: Zhang2022_dataset1;0.892: Kwon2015;0.925: Bricault2019_dataset3;0.925: Hraber2014;0.927: Doria-Rose2012;0.927: Huang2012a;0.927: Huang2016a_dataset1;0.927: McLellan2011;0.927: Wu2011;0.927: Xu2017;0.93: Liao2013;0.95400: Doria-Rose2016;0.999: Kong2016a-dataset1;1.01: Kwon2018;1.05: Kwon2021_dataset1;1.1075: Wu2018_dataset3;1.108: Shang2011;1.280: Wu2018_dataset2,2.56855,2.15: Steinhardt2018;2.38: Zhang2019a;2.4: Rudicell2014;2.52: Kwon2021_dataset1;2.52: Zhang2022_dataset1;2.53: Xu2017;2.56000: Doria-Rose2016;2.59: Doria-Rose2012;2.59: Huang2012a;2.59: Liao2013;2.59: McLellan2011;2.6: Wu2011;2.61: Hraber2014;2.7100: Liu2019;2.77: Kong2016a-dataset1;3.1: Kwon2018
CNE31,2,08_BC,<12mo,CCR5,CHINA,2007,HM215412,CN-07-YN53-1,Yes,CNE31,panel,HIV-1,08_BC.CN.2007.CNE31.HM215412,0.98068,0.772: Steinhardt2018;0.786: Bonsignori2016;0.786: Bricault2019_dataset2;0.809: Kwon2021_dataset1;0.824: Kwon2018;0.911: Kwon2015;0.96: Liao2013;0.962: Doria-Rose2012;0.962: Huang2012a;0.962: Huang2016a_dataset1;0.962: McLellan2011;0.962: Wu2011;1.03: Bricault2019;1.03: Chuang2013;1.03: Rudicell2014;1.0494: Zhang2022_dataset1;1.05: Xu2017;1.1500: Liu2019;1.150: Wu2018_dataset2;1.30000: Doria-Rose2016;1.4: Kong2016a-dataset1,2.54589,2.1: Steinhardt2018;2.2: Wu2011;2.24: Doria-Rose2012;2.24: Huang2012a;2.24: Liao2013;2.24: McLellan2011;2.4: Xu2017;2.592: Kwon2021_dataset1;2.592: Zhang2022_dataset1;2.73000: Doria-Rose2016;2.77: Kwon2018;2.86: Kong2016a-dataset1;3.0300: Liu2019;3.91: Rudicell2014
CNE4,2,B,<12mo,CCR5,CHINA,2006,HM215413,CN-06-YN108,Yes,CNE4,panel,HIV-1,B.CN.2006.CNE4.HM215413,0.78313,0.377: Bricault2019;0.377: Chuang2013;0.377: Rudicell2014;0.589: Kwon2018;0.61: Crooks2015;0.615: Xu2017;0.639: Bonsignori2016;0.639: Bricault2019_dataset2;0.721: Kwon2021_dataset1;0.7332: Zhang2022_dataset1;0.754: Kwon2015;0.83: Qiao2016;0.83: Sun2017;0.87: Liao2013;0.871: Doria-Rose2012;0.871: Huang2012a;0.871: Huang2016a_dataset1;0.871: McLellan2011;0.871: Wu2011;0.91: Steinhardt2018;0.9260: Liu2019;0.97100: Doria-Rose2016;1.07: Kong2016a-dataset1;1.289: Shang2011;1.289: Wu2018_dataset3;2.062: Wu2018_dataset2,2.60089,2.16: Kwon2018;2.21: Rudicell2014;2.26: Xu2017;2.36: Doria-Rose2012;2.36: Huang2012a;2.36: Liao2013;2.36: McLellan2011;2.4: Wu2011;2.80000: Doria-Rose2016;2.8: Kwon2021_dataset1;2.8: Zhang2022_dataset1;2.96: Steinhardt2018;3.4500: Liu2019;3.6: Kong2016a-dataset1
CNE40,1A,07_BC,<12mo,CCR5,CHINA,2007,HM215414,CN-07-YN58-3,Yes,CNE40,panel,HIV-1,07_BC.CN.2007.CNE40.HM215414,0.44326,0.287: Xu2017;0.3: Qiao2016;0.3: Sun2017;0.33: Bricault2019;0.33: Chuang2013;0.33: Rudicell2014;0.37: Bonsignori2016;0.37: Bricault2019_dataset2;0.370: Wu2018_dataset2;0.379: Kwon2021_dataset1;0.425: Doria-Rose2012;0.425: Huang2012a;0.425: Huang2016a_dataset1;0.425: McLellan2011;0.425: Wu2011;0.433: Steinhardt2018;0.476: Rusert2016;0.481: Kwon2018;0.4848: Zhang2022_dataset1;0.545: Kwon2015;0.576: Shang2011;0.5761: Wu2018_dataset3;0.60200: Doria-Rose2016;0.608: Kong2016a-dataset1;0.7730: Liu2019;1.07: Schwarzmuller2024,4.66612,2.1: Rudicell2014;3.37: Kwon2018;3.84: Xu2017;4.4: Wu2011;4.41: Doria-Rose2012;4.41: Huang2012a;4.41: McLellan2011;4.43000: Doria-Rose2016;4.55: Steinhardt2018;5.424: Kwon2021_dataset1;5.424: Zhang2022_dataset1;7.17: Kong2016a-dataset1;11.4000: Liu2019
CNE46,,08_BC,chronic,CCR5,CHINA,2007,HQ699971,,Yes,CNE46,panel,HIV-1,08_BC.CN.2007.CNE46.HQ699971,1.53655,0.8708: Wu2018_dataset3;0.871: Shang2011;1.230: Wu2018_dataset2;3.03: Qiao2016;3.03: Sun2017,-,
CNE47,,08_BC,chronic,CCR5,CHINA,2007,HQ699972,,Yes,CNE47,panel,HIV-1,08_BC.CN.2007.CNE47.HQ699972,19.8377,9.27: Guo2012;29.02: Qiao2016;29.02: Sun2017;>3.5: Wu2018_dataset2;>3.5: Wu2018_dataset3;>50: Shang2011,-,
CNE48,,08_BC,,,CHINA,2007,HQ699973,,Yes,,panel,HIV-1,08_BC.CN.2007.CNE48.HQ699973,0.39,0.39: Guo2012,-,
CNE49,,08_BC,chronic,CXCR4,CHINA,2007,HQ699974,,Yes,CNE49,panel,HIV-1,08_BC.CN.2007.CNE49.HQ699974,0.24673,0.139: Shang2011;0.1397: Wu2018_dataset3;0.31: Qiao2016;0.31: Sun2017;0.490: Wu2018_dataset2,-,
CNE5,2,01_AE,<12mo,CCR5,CHINA,2006,HM215415,CN-06-HA409,Yes,CNE5,panel,HIV-1,01_AE.CN.2006.CNE5.HM215415,0.27331,0.059: Zhang2019a;0.06: Umotoy2019_dataset2;0.189: Xu2017;0.194: Shang2011;0.1942: Wu2018_dataset3;0.22: Kwon2021_dataset1;0.228: Doria-Rose2012;0.228: Huang2012a;0.228: Huang2016a_dataset1;0.228: McLellan2011;0.244: Kwon2015;0.248: Zhou2017;0.3154: Zhang2022_dataset1;0.323: Bonsignori2016;0.323: Bricault2019_dataset2;0.332: Bricault2019_dataset3;0.332: Hraber2014;0.358: Doria-Rose2016;0.359: Kwon2018;0.37: Scheid2011;0.37: Wu2010;0.37: Wu2011;0.379: Bricault2019;0.379: Chuang2013;0.379: Rudicell2014;0.398: Steinhardt2018;0.411: Kong2016a-dataset1;0.4140: Liu2019;0.583: Rusert2016,0.93169,0.238: Zhang2019a;0.721: Xu2017;0.788: Doria-Rose2012;0.788: Huang2012a;0.788: McLellan2011;0.914: Steinhardt2018;0.962: Doria-Rose2016;0.964: Zhou2017;1.0164: Kwon2021_dataset1;1.0164: Zhang2022_dataset1;1.1: Scheid2011;1.1: Wu2010;1.1: Wu2011;1.11: Kwon2018;1.16: Kong2016a-dataset1;1.21: Rudicell2014;1.2400: Liu2019;1.48: Hraber2014
CNE52,2 or 3,08_BC,<12mo,,CHINA,2007,HM215416,CN-07-YN78-6,Yes,CNE52,panel,HIV-1,08_BC.CN.2007.CNE52.HM215416,0.13588,0.084: Jardine2016a;0.084: Umotoy2019_dataset2;0.142: Zhang2019a;0.215: Bricault2019_dataset3;0.215: Hraber2014,0.57981,0.565: Zhang2019a;0.595: Hraber2014
CNE53,1B or 2,08_BC,<12mo,CCR5,CHINA,2007,HM215417,CN-07-YN79-2,Yes,CNE53,panel,HIV-1,08_BC.CN.2007.CNE53.HM215417,0.086204,0.017: Shang2011;0.0174: Wu2018_dataset3;0.042: Zhang2019a;0.046: Umotoy2019_dataset2;0.062: Xu2017;0.078: Bricault2019;0.078: Chuang2013;0.078: Rudicell2014;0.087: Bonsignori2016;0.087: Bricault2019_dataset2;0.093: Kwon2015;0.095: Bricault2019_dataset3;0.103: Kwon2021_dataset1;0.108: Doria-Rose2012;0.108: Huang2012a;0.108: Huang2016a_dataset1;0.108: McLellan2011;0.108: Wu2011;0.11: Liao2013;0.11: Qiao2016;0.11: Sun2017;0.111: Kwon2018;0.112: Steinhardt2018;0.11300: Doria-Rose2016;0.114: Zhang2022_dataset1;0.121: Jardine2016a;0.1340: Liu2019;0.150: Wu2018_dataset2;0.153: Kong2016a-dataset1,0.30689,0.166: Zhang2019a;0.268: Xu2017;0.28: Doria-Rose2012;0.28: Huang2012a;0.28: Liao2013;0.28: McLellan2011;0.28: Wu2011;0.302: Steinhardt2018;0.316: Kwon2018;0.32000: Doria-Rose2016;0.35: Rudicell2014;0.366: Kong2016a-dataset1;0.3886: Kwon2021_dataset1;0.3886: Zhang2022_dataset1;0.4460: Liu2019
CNE55,2,01_AE,<12mo,CCR5,CHINA,2007,HM215418,CN-07-YN81-5,Yes,CNE55,panel,HIV-1,01_AE.CN.2007.CNE55.HM215418,0.34101,0.12: Martinez2020;0.19: Richardson2021;0.197: Wu2018_dataset2;0.225: Xu2017;0.248: Kwon2015;0.25: Zhou2017;0.2765: Wu2018_dataset1;0.2765: Wu2018_dataset3;0.292: Doria-Rose2012;0.292: Huang2012a;0.292: Huang2016a_dataset1;0.292: McLellan2011;0.3: Decamp2014;0.315: Kwon2018;0.32: Bonsignori2018_dataset2;0.3548: Zhang2022_dataset1;0.358: Steinhardt2018;0.359: Bonsignori2016;0.359: Bonsignori2018_dataset1;0.359: Bricault2019_dataset2;0.366: Kwon2021_dataset1;0.39: Wu2010;0.39: Wu2011;0.394: Doria-Rose2016;0.42: Qiao2016;0.42: Sun2017;0.4330: Liu2019;0.446: Kong2016a-dataset1;0.45: Webb2015;0.459: Wang2018a;0.465: Bricault2019;0.465: Chuang2013;0.465: Rudicell2014;0.492: Shang2011;0.5: Yin2021;0.64: Kong2016,1.067,0.8: Xu2017;0.8: Zhou2017;0.891: Doria-Rose2012;0.891: Huang2012a;0.891: McLellan2011;0.933: Steinhardt2018;0.934: Kwon2018;0.995: Bonsignori2018_dataset1;1.112: Kwon2021_dataset1;1.112: Zhang2022_dataset1;1.14: Doria-Rose2016;1.17: Webb2015;1.18: Kong2016a-dataset1;1.3500: Liu2019;1.4: Wu2010;1.4: Wu2011;1.49: Rudicell2014
CNE56,2,01_AE,<12mo,,CHINA,2007,HM215419,"CN-07-YN89-5, CNE56.SG3",Yes,CNE56-CNE107,panel,HIV-1,01_AE.CN.2007.CNE56.HM215419,0.47365,0.343: Bonsignori2016;0.343: Bricault2019_dataset2;0.352: Xu2017;0.375: Kwon2015;0.43: Wu2010;0.43: Wu2011;0.442: Doria-Rose2012;0.442: Huang2012a;0.442: Huang2016a_dataset1;0.442: McLellan2011;0.447: Kong2016a-dataset1;0.4544: Zhang2022_dataset1;0.494: Kwon2021_dataset1;0.517: Kwon2018;0.525: Steinhardt2018;0.564: Doria-Rose2016;0.5670: Liu2019;0.632: Bricault2019;0.632: Chuang2013;0.632: Rudicell2014;0.635: Sastry2023_dataset1,1.59014,1.24: Xu2017;1.3: Steinhardt2018;1.44: Kong2016a-dataset1;1.53: Doria-Rose2016;1.59: Kwon2021_dataset1;1.59: Zhang2022_dataset1;1.6: Wu2010;1.6: Wu2011;1.65: Kwon2018;1.69: Doria-Rose2012;1.69: Huang2012a;1.69: McLellan2011;1.9000: Liu2019;1.9: Rudicell2014
CNE57,2,B,<12mo,CXCR4,CHINA,2005,HM215420,"CN-05-LN92, CNE57.SG3",Yes,CNE57,panel,HIV-1,B.CN.2005.CNE57.HM215420,0.55192,0.315: Bricault2019;0.315: Chuang2013;0.315: Rudicell2014;0.496: Bonsignori2016;0.496: Bricault2019_dataset2;0.523: Kwon2021_dataset1;0.525: Kwon2018;0.5316: Zhang2022_dataset1;0.535: Doria-Rose2012;0.535: Huang2012a;0.535: Huang2016a_dataset1;0.535: McLellan2011;0.535: Wu2011;0.54: Liao2013;0.56: Crooks2015;0.563: Steinhardt2018;0.572: Kong2016a-dataset1;0.6060: Liu2019;0.639: Xu2017;0.695: Kwon2015;0.700: Wu2018_dataset2;0.75500: Doria-Rose2016;0.9678: Wu2018_dataset3;0.968: Shang2011,1.40046,1.07: Rudicell2014;1.26: Steinhardt2018;1.3: Kwon2018;1.3: Wu2011;1.34: Doria-Rose2012;1.34: Huang2012a;1.34: Liao2013;1.34: McLellan2011;1.48: Kong2016a-dataset1;1.526: Kwon2021_dataset1;1.526: Zhang2022_dataset1;1.62000: Doria-Rose2016;1.62: Xu2017;1.6800: Liu2019
CNE58,1B or 2,C,<12mo,CCR5,CHINA,2006,HM215421,CN-06-YN09,Yes,CNE58,panel,HIV-1,C.CN.2006.CNE58.HM215421,0.15064,0.026: Shang2011;0.0262: Wu2018_dataset3;0.083: Zhang2019a;0.087: Umotoy2019_dataset2;0.12: Liao2013;0.121: Kwon2021_dataset1;0.124: Doria-Rose2012;0.124: Huang2012a;0.124: Huang2016a_dataset1;0.124: McLellan2011;0.124: Wu2011;0.14: Qiao2016;0.14: Sun2017;0.171: Williams2017_dataset3;0.18: Xu2017;0.186: Jardine2016a;0.189: Kwon2015;0.207: Kwon2018;0.2098: Zhang2022_dataset1;0.22100: Doria-Rose2016;0.222: Bricault2019;0.222: Chuang2013;0.222: Rudicell2014;0.225: Bonsignori2016;0.225: Bricault2019_dataset2;0.252: Steinhardt2018;0.258: Bricault2019_dataset3;0.289: Kong2016a-dataset1;0.3260: Liu2019,0.48982,0.31: Liao2013;0.313: Doria-Rose2012;0.313: Huang2012a;0.313: McLellan2011;0.313: Wu2011;0.331: Zhang2019a;0.50600: Doria-Rose2016;0.534: Rudicell2014;0.545: Xu2017;0.556: Williams2017_dataset3;0.582: Steinhardt2018;0.593: Kwon2018;0.68: Kwon2021_dataset1;0.68: Zhang2022_dataset1;0.8870: Liu2019;0.962: Kong2016a-dataset1
CNE59,2,01_AE,<12mo,CCR5,CHINA,2006,HM215422,CN-06-YN114,Yes,CNE59,panel,HIV-1,01_AE.CN.2006.CNE59.HM215422,0.70691,0.187: Bricault2019;0.187: Chuang2013;0.187: Rudicell2014;0.344: Williams2017_dataset3;0.355: Rusert2016;0.368: Steinhardt2018;0.468: Kwon2021_dataset1;0.516: Doria-Rose2012;0.516: Huang2012a;0.516: Huang2016a_dataset1;0.516: McLellan2011;0.532: Ofek2014;0.54: Wu2010;0.54: Wu2011;0.555: Kwon2015;0.573: Xu2017;0.623: Bonsignori2016;0.623: Bricault2019_dataset2;0.735: Kwon2018;0.772: Shang2011;0.7721: Wu2018_dataset3;0.825: Zhang2022_dataset1;0.838: Kong2016a-dataset1;1.12: Doria-Rose2016;1.1600: Liu2019;34.15: Qiao2016;34.15: Sun2017,2.27404,1.68: Doria-Rose2012;1.68: Huang2012a;1.68: McLellan2011;1.7: Steinhardt2018;1.8: Wu2010;1.8: Wu2011;2.07: Xu2017;2.26: Kong2016a-dataset1;2.33: Kwon2018;2.48: Williams2017_dataset3;2.93: Doria-Rose2016;2.992: Kwon2021_dataset1;2.992: Zhang2022_dataset1;3.45: Rudicell2014;3.5200: Liu2019
CNE59_N651K,,01_AE,<12mo,,CHINA,2006,,CNE59.N651K.SG3,Yes,CNE59,mutant,HIV-1,01_AE.CN.2006.CNE59_N651K.,0.423,0.423: Ofek2014,-,
CNE6,1B,B,<12mo,CCR5,CHINA,2006,HM215423,CN-06-YN06,Yes,CNE6,panel,HIV-1,B.CN.2006.CNE6.HM215423,UD,>3.5: Wu2018_dataset2;>3.5: Wu2018_dataset3;>50: Shang2011,-,
CNE64,,B,chronic,CCR5,CHINA,2004,HQ699979,,Yes,CNE64,panel,HIV-1,B.CN.2004.CNE64.HQ699979,UD,>3.5: Wu2018_dataset2;>50: Shang2011,-,
CNE65,,C,chronic,CCR5,CHINA,2007,HQ699980,,Yes,CNE65,panel,HIV-1,C.CN.2007.CNE65.HQ699980,1.33581,0.96: Qiao2016;0.96: Sun2017;1.8585: Wu2018_dataset3;1.859: Shang2011,-,
CNE66,,C,chronic,CCR5,CHINA,2007,HQ699981,,Yes,CNE66,panel,HIV-1,C.CN.2007.CNE66.HQ699981,UD,>50: Shang2011,-,
CNE68,,07_BC,chronic,CCR5,CHINA,2007,HQ699982,,Yes,CNE68,panel,HIV-1,07_BC.CN.2007.CNE68.HQ699982,0.57059,0.440: Wu2018_dataset2;0.57: Qiao2016;0.65: Shang2011;0.6502: Wu2018_dataset3,-,
CNE7,2,BC,<12mo,CCR5,CHINA,2006,HM215426,CN-06-YN28,Yes,CNE7,panel,HIV-1,BC.CN.2006.CNE7.HM215426,0.36706,0.054: Gardner2015;0.187: Steinhardt2018;0.211: Xu2017;0.286: Bonsignori2016;0.286: Bricault2019_dataset2;0.3: Kwon2015;0.320: Wu2018_dataset2;0.32700: Doria-Rose2016;0.36: Kwon2021_dataset1;0.371: Kwon2018;0.38: Bricault2019;0.38: Chuang2013;0.38: Rudicell2014;0.3972: Zhang2022_dataset1;0.434: Kong2016a-dataset1;0.54: Doria-Rose2012;0.54: Huang2012a;0.54: Huang2016a_dataset1;0.54: McLellan2011;0.54: Wu2011;0.56: Sun2017;0.5620: Liu2019;0.976: Shang2011,1.179,0.605: Steinhardt2018;0.868: Xu2017;1.02000: Doria-Rose2016;1.06: Kwon2018;1.08: Kong2016a-dataset1;1.2772: Kwon2021_dataset1;1.2772: Zhang2022_dataset1;1.3: Rudicell2014;1.36: Doria-Rose2012;1.36: Gardner2015;1.36: Huang2012a;1.36: McLellan2011;1.4: Wu2011;1.6100: Liu2019
CNE8,2 or 3,01_AE,<12mo,CCR5,CHINA,2006,HM215427,"CN-06-YN02, pCNE8",Yes,CNE8,panel,HIV-1,01_AE.CN.2006.CNE8.HM215427,0.5496,0.126: Zhang2019a;0.144: Bonsignori2018_dataset1;0.175: Xu2017;0.299: Steinhardt2018;0.315: Kong2016a-dataset1;0.398: Kwon2018;0.43: Qiao2016;0.43: Sun2017;0.45: Bonsignori2018_dataset2;0.49: Zhang2022_dataset1;0.51: Bonsignori2016;0.51: Bricault2019_dataset2;0.56: Kong2016;0.5830: Liu2019;0.74: Umotoy2019_dataset2;0.8: Decamp2014;0.824: Kwon2021_dataset1;0.84: Yin2021;0.95: Webb2015;0.968: Bricault2019_dataset3;0.968: Hraber2014;1.09: Wu2018_dataset1;1.09: Wu2018_dataset3;1.3: Wu2010;1.366: Wu2018_dataset2,1.33651,0.514: Zhang2019a;0.55: Bonsignori2018_dataset1;0.654: Xu2017;0.965: Steinhardt2018;1.29: Kwon2018;1.35: Kong2016a-dataset1;1.4500: Liu2019;1.474: Kwon2021_dataset1;1.474: Zhang2022_dataset1;2.96: Webb2015;3.03: Hraber2014;3.7: Wu2010
CNE9,2,B,<12mo,CCR5,CHINA,2005,HM215428,CN-05-HA205,Yes,CNE9,panel,HIV-1,B.CN.2005.CNE9.HM215428,9.204,9.204: Shang2011;>3.5: Wu2018_dataset2;>3.5: Wu2018_dataset3,-,
CNXJ0031_12,,BC,chronic,,CHINA,2010,KC807962,,Yes,CNXJ0031,non-panel,HIV-1,BC.CN.2010.CNXJ0031_12.KC807962,UD,>25: Ren2014,-,
CNXJ0031_3,,BC,chronic,,CHINA,2010,KC807958,,Yes,CNXJ0031,non-panel,HIV-1,BC.CN.2010.CNXJ0031_3.KC807958,UD,>25: Ren2014,-,
CNXJ0031_9,,BC,chronic,,CHINA,2010,KC807961,,Yes,CNXJ0031,non-panel,HIV-1,BC.CN.2010.CNXJ0031_9.KC807961,UD,>25: Ren2014,-,
CNXJ0651_1,,BC,chronic,,CHINA,2010,KC807932,,Yes,CNXJ0651,non-panel,HIV-1,BC.CN.2010.CNXJ0651_1.KC807932,UD,>25: Ren2014,-,
CNXJ0651_10,,BC,chronic,,CHINA,2010,KC807941,,Yes,CNXJ0651,non-panel,HIV-1,BC.CN.2010.CNXJ0651_10.KC807941,13.07,13.07: Ren2014,-,
CNXJ0651_5,,BC,chronic,,CHINA,2010,KC807936,,Yes,CNXJ0651,non-panel,HIV-1,BC.CN.2010.CNXJ0651_5.KC807936,20.69,20.69: Ren2014,-,
CNXJ0651_6,,BC,chronic,,CHINA,2010,KC807937,,Yes,CNXJ0651,non-panel,HIV-1,BC.CN.2010.CNXJ0651_6.KC807937,UD,>25: Ren2014,-,
CNXJ0651_8,,BC,chronic,,CHINA,2010,KC807939,,Yes,CNXJ0651,non-panel,HIV-1,BC.CN.2010.CNXJ0651_8.KC807939,UD,>25: Ren2014,-,
CNXJ0651_9,,BC,chronic,,CHINA,2010,KC807940,,Yes,CNXJ0651,non-panel,HIV-1,BC.CN.2010.CNXJ0651_9.KC807940,10.16,10.16: Ren2014,-,
CNXJ09277_1,,BC,chronic,,CHINA,2010,KC807969,,Yes,CNXJ09277,non-panel,HIV-1,BC.CN.2010.CNXJ09277_1.KC807969,UD,>25: Ren2014,-,
CNXJ09277_2,,BC,chronic,,CHINA,2010,KC807970,,Yes,CNXJ09277,non-panel,HIV-1,BC.CN.2010.CNXJ09277_2.KC807970,UD,>25: Ren2014,-,
CNXJ09277_7,,BC,chronic,,CHINA,2010,KC807974,,Yes,CNXJ09277,non-panel,HIV-1,BC.CN.2010.CNXJ09277_7.KC807974,UD,>25: Ren2014,-,
CNXJ09277_8,,BC,chronic,,CHINA,2010,KC807975,,Yes,CNXJ09277,non-panel,HIV-1,BC.CN.2010.CNXJ09277_8.KC807975,UD,>25: Ren2014,-,
CNXJ1081_1,,BC,chronic,,CHINA,2010,KC807943,,Yes,CNXJ1081,non-panel,HIV-1,BC.CN.2010.CNXJ1081_1.KC807943,UD,>25: Ren2014,-,
CNXJ1081_10,,BC,chronic,,CHINA,2010,KC807949,,Yes,CNXJ1081,non-panel,HIV-1,BC.CN.2010.CNXJ1081_10.KC807949,UD,>25: Ren2014,-,
CT072_56_7,1B,C,acute,,SOUTH AFRICA,2007,JN681232,CT072_56_7C,Yes,503_01009_CT072,panel,HIV-1,C.ZA.2007.CT072_56_7.JN681232,0.06,0.06: Bricault2019_dataset1;0.06: Wagh2016,0.31,0.31: Wagh2016
CT140_140_B6,2,C,acute,,SOUTH AFRICA,2007,JN681233,"CT140_B6, CT140_B6_12",Yes,503_02182_CT140,panel,HIV-1,C.ZA.2007.CT140_140_B6.JN681233,UD,>10: Bricault2019_dataset1;>10: Wagh2016,UD,>10: Wagh2016
CT184_D3_15,1B,C,<3mo,,SOUTH AFRICA,2007,KF114889,CT184_D3.15,Yes,503_02660_CT184,panel,HIV-1,C.ZA.2007.CT184_D3_15.KF114889,0.1,0.1: Bricault2019_dataset1;0.1: Wagh2016,0.36,0.36: Wagh2016
CT349_39_16,1B,C,<3mo,,SOUTH AFRICA,2007,JQ061131,,Yes,503_11204_CT349,panel,HIV-1,C.ZA.2007.CT349_39_16.JQ061131,0.12,0.12: Bricault2019_dataset1;0.12: Wagh2016,0.46,0.46: Wagh2016
CT431_G6_6,2,C,acute,,SOUTH AFRICA,2007,JN681234,CT431_G6_6C,Yes,503_05649_CT431,panel,HIV-1,C.ZA.2007.CT431_G6_6.JN681234,1.29,1.29: Bricault2019_dataset1;1.29: Wagh2016,9.57,9.57: Wagh2016
CT533_T23B_36,,A1,<3mo,,SOUTH AFRICA,2004,JN681235,CT533.T23b.36,Yes,503_15344_CT533,panel,HIV-1,A1.ZA.2004.CT533_T23B_36.JN681235,0.295,0.295: Wagh2018,1.052,1.052: Wagh2018
CT565_C7_48,3,C,<3mo,,SOUTH AFRICA,2009,KF114890,CT565_C7.48,Yes,503_05130_CT565,panel,HIV-1,C.ZA.2009.CT565_C7_48.KF114890,UD,>10: Bricault2019_dataset1;>10: Wagh2016,UD,>10: Wagh2016
CT810_G4_7,2,C,acute,,SOUTH AFRICA,2007,KF114891,"CT810_G4-7, CT810_G4.7",Yes,503_02854_CT810,panel,HIV-1,C.ZA.2007.CT810_G4_7.KF114891,0.51,0.51: Bricault2019_dataset1;0.51: Wagh2016,1.92,1.92: Wagh2016
CT823_B6_1,2,C,acute,,SOUTH AFRICA,2007,JN681236,,Yes,503_07711_CT823,panel,HIV-1,C.ZA.2007.CT823_B6_1.JN681236,0.06,0.06: Bricault2019_dataset1;0.06: Wagh2016,0.57,0.57: Wagh2016
CT885_H3_2,2,C,<3mo,,SOUTH AFRICA,2008,JN967797,,Yes,503_06150_CT885,panel,HIV-1,C.ZA.2008.CT885_H3_2.JN967797,2.38,2.38: Bricault2019_dataset1;2.38: Wagh2016,6.84,6.84: Wagh2016
CT966_E1_7,2,C,<3mo,,SOUTH AFRICA,2008,JN681238,"CT966_E1-7, CT966_E1_7C",Yes,503_07001_CT966,panel,HIV-1,C.ZA.2008.CT966_E1_7.JN681238,0.56,0.56: Bricault2019_dataset1;0.56: Wagh2016,2.94,2.94: Wagh2016
CT977_69_12,2,C,<3mo,,SOUTH AFRICA,2008,JN681239,,Yes,503_11474_CT977,panel,HIV-1,C.ZA.2008.CT977_69_12.JN681239,0.24,0.24: Bricault2019_dataset1;0.24: Wagh2016,1.23,1.23: Wagh2016
DH12,,B,chronic,CCR5 CXCR4,UNITED STATES,1991,AF069140,,Yes,DH12,panel,HIV-1,B.US.1991.DH12.AF069140,0.30133,0.227: Zhang2019a;0.4: Umotoy2019_dataset1,0.898,0.898: Zhang2019a
DJ263_8,1B,02_AG,<12mo,CCR5,FRANCE,1991,EU855130,"DJ263, DJ263.8, DJ263.B",Yes,DJ263,panel,HIV-1,02_AG.FR.1991.DJ263_8.EU855130,0.088477,0.03: Kwon2015;0.047: Steinhardt2018;0.048: Xu2017;0.066: Bonsignori2016;0.066: Bricault2019_dataset2;0.066: Spencer2021;0.068: Kwon2018;0.068: Williams2017_dataset3;0.07: Kwon2021_dataset1;0.072: Doria-Rose2012;0.072: Georgiev2013_dataset1;0.072: Huang2012a;0.072: Huang2016a_dataset1;0.072: McLellan2011;0.08: Falkowska2012;0.08: Georgiev2013_dataset3;0.08: McCoy2012;0.08: Wu2010;0.08: Wu2011;0.1024: Zhang2022_dataset1;0.108: Bricault2019;0.108: Chuang2013;0.108: Georgiev2013_dataset2;0.108: Rudicell2014;0.1470: Liu2019;0.154: Kong2016a-dataset1;0.21300: Doria-Rose2016;1.21: Kong2016,0.80396,0.423: Xu2017;0.434: Williams2017_dataset3;0.436: Kwon2018;0.49: Steinhardt2018;0.553: Wu2010;0.553: Wu2011;0.668: Doria-Rose2012;0.668: Huang2012a;0.668: McLellan2011;0.787: Kwon2021_dataset1;0.787: Zhang2022_dataset1;1.15: Kong2016a-dataset1;1.5000: Liu2019;2.81: Rudicell2014;3.53000: Doria-Rose2016
DRVI01_0507_12,,B,chronic,,CHINA,2005,MK053944,,Yes,DRVI01,non-panel,HIV-1,B.CN.2005.DRVI01_0507_12.MK053944,UD,>50: Zhang2019,-,
DRVI01_0507_13,,B,chronic,,CHINA,2005,MK053945,,Yes,DRVI01,non-panel,HIV-1,B.CN.2005.DRVI01_0507_13.MK053945,UD,>50: Zhang2019,-,
DRVI01_0507_14,,B,chronic,,CHINA,2005,MK053946,,Yes,DRVI01,non-panel,HIV-1,B.CN.2005.DRVI01_0507_14.MK053946,UD,>50: Zhang2019,-,
DRVI01_0507_15,,B,chronic,,CHINA,2005,MK053947,,Yes,DRVI01,non-panel,HIV-1,B.CN.2005.DRVI01_0507_15.MK053947,UD,>50: Zhang2019,-,
DRVI01_0507_16,,B,chronic,,CHINA,2005,MK053948,,Yes,DRVI01,non-panel,HIV-1,B.CN.2005.DRVI01_0507_16.MK053948,0.84,0.84: Zhang2019,-,
DRVI01_0803_11,,B,chronic,,CHINA,2008,MK054029,,Yes,DRVI01,non-panel,HIV-1,B.CN.2008.DRVI01_0803_11.MK054029,UD,>50: Zhang2019,-,
DRVI01_0803_12,,B,chronic,,CHINA,2008,MK054030,,Yes,DRVI01,non-panel,HIV-1,B.CN.2008.DRVI01_0803_12.MK054030,UD,>50: Zhang2019,-,
DRVI01_0803_13,,B,chronic,,CHINA,2008,MK054031,,Yes,DRVI01,non-panel,HIV-1,B.CN.2008.DRVI01_0803_13.MK054031,UD,>50: Zhang2019,-,
DRVI01_0803_14,,B,chronic,,CHINA,2008,MK054032,,Yes,DRVI01,non-panel,HIV-1,B.CN.2008.DRVI01_0803_14.MK054032,UD,>50: Zhang2019,-,
DRVI01_0803_15,,B,chronic,,CHINA,2008,MK054033,,Yes,DRVI01,non-panel,HIV-1,B.CN.2008.DRVI01_0803_15.MK054033,UD,>50: Zhang2019,-,
DRVI01_0803_16,,B,chronic,,CHINA,2008,MK054034,,Yes,DRVI01,non-panel,HIV-1,B.CN.2008.DRVI01_0803_16.MK054034,UD,>50: Zhang2019,-,
DRVI01_0912_2,,B,chronic,,CHINA,2009,MK054067,,Yes,DRVI01,non-panel,HIV-1,B.CN.2009.DRVI01_0912_2.MK054067,UD,>50: Zhang2019,-,
DRVI01_0912_5,,B,chronic,,CHINA,2009,MK054068,,Yes,DRVI01,non-panel,HIV-1,B.CN.2009.DRVI01_0912_5.MK054068,UD,>50: Zhang2019,-,
DRVI01_0912_6,,B,chronic,,CHINA,2009,MK054069,,Yes,DRVI01,non-panel,HIV-1,B.CN.2009.DRVI01_0912_6.MK054069,UD,>50: Zhang2019,-,
DRVI01_0912_7,,B,chronic,,CHINA,2009,MK054070,,Yes,DRVI01,non-panel,HIV-1,B.CN.2009.DRVI01_0912_7.MK054070,UD,>50: Zhang2019,-,
DU123_06,2,C,<12mo,CCR5,SOUTH AFRICA,1998,DQ411850,"DU123, DU123.06, Du123.6, DU123_6, SVPC1",Yes,Du123,panel,HIV-1,C.ZA.1998.DU123_06.DQ411850,9.06317,2.9400: Liu2019;5.066: Zhang2022_dataset1;5.26: Kwon2015;5.53: Bricault2019;5.53: Chuang2013;5.53: Georgiev2013_dataset2;5.53: Rudicell2014;5.7: Steinhardt2018;5.71: Xu2017;5.95: Kwon2021_dataset1;6.73000: Doria-Rose2016;7.92: Bonsignori2016;7.92: Bricault2019_dataset2;8: Kwon2018;12.8: Kong2016a-dataset1;13.6: Gardner2015;13.6: Georgiev2013_dataset1;13.6: Huang2012a;13.6: Huang2016a_dataset1;13.6: Liao2013;13.6: McLellan2011;18.2: Doria-Rose2012;18.2: Falkowska2012;18.2: Georgiev2013_dataset3;18.2: Wu2010;18.2: Wu2011,38.5664,31.4000: Liu2019;37: Xu2017;37.24: Kwon2021_dataset1;37.24: Zhang2022_dataset1;44.3: Rudicell2014;46.1: Steinhardt2018;>50: Doria-Rose2012;>50: Doria-Rose2016;>50: Gardner2015;>50: Huang2012a;>50: Kong2016a-dataset1;>50: Kwon2018;>50: Liao2013;>50: McLellan2011;>50: Wu2010;>50: Wu2011
DU151_02,2,C,<3mo,CCR5,SOUTH AFRICA,1998,DQ411851,"DU151, DU151.02, DU151.02.SG3, Du151.2, DU151.2, DU151_2, SVPC2",Yes,DU151,panel,HIV-1,C.ZA.1998.DU151_02.DQ411851,6.6464,2.51: Bricault2019;2.51: Chuang2013;2.51: Georgiev2013_dataset2;2.51: Rudicell2014;3.16: Doria-Rose2012;3.16: Falkowska2012;3.16: Georgiev2013_dataset3;3.2: Wu2010;3.2: Wu2011;5.9400: Liu2019;6.37: Kwon2015;7.7: Gardner2015;7.7: Georgiev2013_dataset1;7.7: Huang2012a;7.7: Huang2016a_dataset1;7.7: Liao2013;7.7: McLellan2011;9.95: Kwon2018;9.95: Kwon2021_dataset1;10.4: Xu2017;10.5: Steinhardt2018;11.00000: Doria-Rose2016;11.934: Zhang2022_dataset1;12.7: Kong2016a-dataset1;14.8: Bonsignori2016;14.8: Bricault2019_dataset2;40.6: Kwon2021_dataset2;>10: Bricault2019_dataset1;>10: Wagh2016,45.2776,41.8: Rudicell2014;46.5: Doria-Rose2012;46.5: Wu2010;46.5: Wu2011;>10: Wagh2016;>50: Doria-Rose2016;>50: Gardner2015;>50: Huang2012a;>50: Kong2016a-dataset1;>50: Kwon2018;>50: Kwon2021_dataset1;>50: Liao2013;>50: Liu2019;>50: McLellan2011;>50: Steinhardt2018;>50: Xu2017;>50: Zhang2022_dataset1
DU156_12,1B or 2,C,acute,CCR5,SOUTH AFRICA,1999,DQ411852,"DU156, Du156.12, DU156.12, NIH-ARP-11306, SVPC3",Yes,DU156,panel,HIV-1,C.ZA.1999.DU156_12.DQ411852,0.095487,0.036: Umotoy2019_dataset2;0.0494: Rusert2016;0.053: Williams2017_dataset3;0.059: Zhang2019a;0.06: Bricault2019_dataset1;0.06: Crooks2015;0.06: Umotoy2019_dataset1;0.06: Wagh2016;0.065: Kwon2015;0.067: Georgiev2013_dataset4;0.073: Xu2017;0.077: Steinhardt2018;0.08: Liao2013;0.082: Doria-Rose2012;0.082: Georgiev2013_dataset1;0.082: Huang2012a;0.082: Huang2016a_dataset1;0.082: McLellan2011;0.086: Bonsignori2016;0.086: Bricault2019_dataset2;0.088: Bricault2019;0.088: Chuang2013;0.088: Georgiev2013_dataset2;0.088: Rudicell2014;0.089: Falkowska2012;0.089: Georgiev2013_dataset3;0.089: McCoy2012;0.089: Wu2010;0.089: Wu2011;0.09: Doria-Rose2014;0.09: Scheid2011;0.092: Bricault2019_dataset3;0.092: Hraber2014;0.093: Kong2016a-dataset2;0.0942: Zhang2022_dataset1;0.105: Jardine2016a;0.107: Kwon2018;0.1100: Liu2019;0.115: Kwon2021_dataset1;0.118: Acharya2013;0.14: Kong2016;0.15: Zhou2013a;0.15900: Doria-Rose2016;0.18: Kong2016a-dataset1;0.29: Lynch2011;0.57: Williams2018;0.88: Simonich2016_dataset2,0.24947,0.18: Xu2017;0.188: Steinhardt2018;0.193: Scheid2011;0.193: Wu2010;0.193: Wu2011;0.216: Georgiev2013_dataset4;0.23: Zhang2019a;0.24: Liao2013;0.24: Wagh2016;0.244: Doria-Rose2012;0.244: Huang2012a;0.244: McLellan2011;0.248: Williams2017_dataset3;0.257: Rudicell2014;0.2644: Kwon2021_dataset1;0.2644: Zhang2022_dataset1;0.2700: Liu2019;0.276: Kwon2018;0.302: Hraber2014;0.342: Zhou2013a;0.388: Kong2016a-dataset1;0.40300: Doria-Rose2016
DU156_12_N332A,,C,,CCR5,SOUTH AFRICA,1999,,,Yes,DU156,mutant,HIV-1,C.ZA.1999.DU156_12_N332A.,0.93,0.93: Simonich2016_dataset2,-,
DU172_17,2,C,<12mo,CCR5,SOUTH AFRICA,1998,DQ411853,"DU172, Du172.17, DU172.17, DU172.17.SG3, NIH-ARP-11307, SVPC4",Yes,DU172,panel,HIV-1,C.ZA.1998.DU172_17.DQ411853,UD,>100: Umotoy2019_dataset1;>100: Umotoy2019_dataset2;>10: Bricault2019_dataset1;>10: Wagh2016;>50: Acharya2013;>50: Bonsignori2016;>50: Bricault2019;>50: Bricault2019_dataset2;>50: Bricault2019_dataset3;>50: Chuang2013;>50: Doria-Rose2012;>50: Doria-Rose2014;>50: Doria-Rose2016;>50: Falkowska2012;>50: Gardner2015;>50: Georgiev2013_dataset1;>50: Georgiev2013_dataset2;>50: Georgiev2013_dataset3;>50: Hraber2014;>50: Huang2012a;>50: Huang2016a_dataset1;>50: Kong2016;>50: Kong2016a-dataset1;>50: Kong2018;>50: Kwon2015;>50: Kwon2018;>50: Kwon2021_dataset1;>50: Kwon2021_dataset2;>50: Liao2013;>50: Liu2019;>50: McCoy2012;>50: McLellan2011;>50: Rudicell2014;>50: Scheid2011;>50: Steinhardt2018;>50: Williams2017_dataset3;>50: Wu2010;>50: Wu2011;>50: Xu2017;>50: Zhang2019a;>50: Zhang2022_dataset1,UD,>10: Wagh2016;>50: Doria-Rose2012;>50: Doria-Rose2016;>50: Gardner2015;>50: Hraber2014;>50: Huang2012a;>50: Kong2016a-dataset1;>50: Kwon2018;>50: Kwon2021_dataset1;>50: Liao2013;>50: Liu2019;>50: McLellan2011;>50: Rudicell2014;>50: Scheid2011;>50: Steinhardt2018;>50: Williams2017_dataset3;>50: Wu2010;>50: Wu2011;>50: Xu2017;>50: Zhang2019a;>50: Zhang2022_dataset1
DU422_1,2,C,<3mo,CCR5,SOUTH AFRICA,1998,DQ411854,"DU422, DU422.01, DU422_01, Du422.1, SVPC5",Yes,DU422,panel,HIV-1,C.ZA.1998.DU422_1.DQ411854,UD,>100: Umotoy2019_dataset1;>100: Umotoy2019_dataset2;>10: Bricault2019_dataset1;>10: Wagh2016;>50: Acharya2013;>50: Bonsignori2016;>50: Bricault2019;>50: Bricault2019_dataset2;>50: Bricault2019_dataset3;>50: Chuang2013;>50: Crooks2015;>50: Doria-Rose2012;>50: Doria-Rose2014;>50: Doria-Rose2016;>50: Falkowska2012;>50: Gardner2015;>50: Georgiev2013_dataset1;>50: Georgiev2013_dataset2;>50: Georgiev2013_dataset3;>50: Hraber2014;>50: Huang2012a;>50: Huang2016a_dataset1;>50: Huang2016a_dataset2;>50: Jardine2016a;>50: Kong2016;>50: Kong2016a-dataset1;>50: Kong2016a-dataset2;>50: Kong2018;>50: Kwon2015;>50: Kwon2018;>50: Kwon2021_dataset1;>50: Liao2013;>50: Liu2019;>50: McCoy2012;>50: McLellan2011;>50: Qiao2016;>50: Rudicell2014;>50: Rusert2016;>50: Scheid2011;>50: Steinhardt2018;>50: Sun2017;>50: Williams2017_dataset3;>50: Wu2010;>50: Wu2011;>50: Xu2017;>50: Zhang2019a;>50: Zhang2022_dataset1,UD,>10: Wagh2016;>50: Doria-Rose2012;>50: Doria-Rose2016;>50: Gardner2015;>50: Hraber2014;>50: Huang2012a;>50: Kong2016a-dataset1;>50: Kwon2018;>50: Kwon2021_dataset1;>50: Liao2013;>50: Liu2019;>50: McLellan2011;>50: Rudicell2014;>50: Scheid2011;>50: Steinhardt2018;>50: Williams2017_dataset3;>50: Wu2010;>50: Wu2011;>50: Xu2017;>50: Zhang2019a;>50: Zhang2022_dataset1
E08364M4_EC3,,D,,CCR5,UGANDA,2000,AY736832,E08364M4.ec3,Yes,E08364,panel,HIV-1,D.UG.2000.E08364M4_EC3.AY736832,20.446,20.446: Wagh2018,UD,>25: Wagh2018
ELI,,D,chronic,CXCR4,DEM REP OF CONGO,1983,K03454,,Yes,ELI,panel,HIV-1,D.CD.1983.ELI.K03454,3.6,3.6: Sok2016,-,
EN3C016,,B,chronic,,UNITED STATES,2007,MN516423,,Yes,EN3,non-panel,HIV-1,B.US.2007.EN3C016.MN516423,1.7871,1.7871: Hutchinson2019,-,
EN3C028,,B,chronic,,UNITED STATES,2007,MN516424,,Yes,EN3,non-panel,HIV-1,B.US.2007.EN3C028.MN516424,1.6674,1.6674: Hutchinson2019,-,
EN3C040,,B,chronic,,UNITED STATES,2007,MN516425,,Yes,EN3,non-panel,HIV-1,B.US.2007.EN3C040.MN516425,UD,>25: Hutchinson2019,-,
EN3C041,,B,chronic,,UNITED STATES,2007,MN516426,,Yes,EN3,non-panel,HIV-1,B.US.2007.EN3C041.MN516426,1.3681,1.3681: Hutchinson2019,-,
EN3C045,,B,chronic,,UNITED STATES,2007,MN516427,,Yes,EN3,non-panel,HIV-1,B.US.2007.EN3C045.MN516427,0.5813,0.5813: Hutchinson2019,-,
EN3C059,,B,chronic,,UNITED STATES,2007,MN516428,,Yes,EN3,non-panel,HIV-1,B.US.2007.EN3C059.MN516428,21.4415,21.4415: Hutchinson2019,-,
EN3C061,,B,chronic,,UNITED STATES,2007,MN516429,,Yes,EN3,non-panel,HIV-1,B.US.2007.EN3C061.MN516429,0.6382,0.6382: Hutchinson2019,-,
EN3C068,,B,chronic,,UNITED STATES,2007,MN516430,,Yes,EN3,non-panel,HIV-1,B.US.2007.EN3C068.MN516430,2.0384,2.0384: Hutchinson2019,-,
EN3C073,,B,chronic,,UNITED STATES,2007,MN516431,,Yes,EN3,non-panel,HIV-1,B.US.2007.EN3C073.MN516431,1.3944,1.3944: Hutchinson2019,-,
EN3C075,,B,chronic,,UNITED STATES,2007,MN516432,,Yes,EN3,non-panel,HIV-1,B.US.2007.EN3C075.MN516432,2.005,2.005: Hutchinson2019,-,
EN3C084,,B,chronic,,UNITED STATES,2007,MN516433,,Yes,EN3,non-panel,HIV-1,B.US.2007.EN3C084.MN516433,UD,>25: Hutchinson2019,-,
EN3C088,,B,chronic,,UNITED STATES,2007,MN516434,,Yes,EN3,non-panel,HIV-1,B.US.2007.EN3C088.MN516434,1.3092,1.3092: Hutchinson2019,-,
EN3D006,,B,chronic,,UNITED STATES,2007,MN516435,,Yes,EN3,non-panel,HIV-1,B.US.2007.EN3D006.MN516435,1.0039,1.0039: Hutchinson2019,-,
EN3D020,,B,chronic,,UNITED STATES,2007,MN516436,,Yes,EN3,non-panel,HIV-1,B.US.2007.EN3D020.MN516436,2.0042,2.0042: Hutchinson2019,-,
EN3D054,,B,chronic,,UNITED STATES,2007,MN516437,,Yes,EN3,non-panel,HIV-1,B.US.2007.EN3D054.MN516437,0.9561,0.9561: Hutchinson2019,-,
EN3D059,,B,chronic,,UNITED STATES,2007,MN516438,,Yes,EN3,non-panel,HIV-1,B.US.2007.EN3D059.MN516438,2.8993,2.8993: Hutchinson2019,-,
EN3D066,,B,chronic,,UNITED STATES,2007,MN516439,,Yes,EN3,non-panel,HIV-1,B.US.2007.EN3D066.MN516439,0.3923,0.3923: Hutchinson2019,-,
EN3D069,,B,chronic,,UNITED STATES,2007,MN516440,,Yes,EN3,non-panel,HIV-1,B.US.2007.EN3D069.MN516440,0.8521,0.8521: Hutchinson2019,-,
EN3D071,,B,chronic,CCR5,UNITED STATES,2007,MN516441,,Yes,EN3,non-panel,HIV-1,B.US.2007.EN3D071.MN516441,7.4507,7.4507: Hutchinson2019,-,
EN3D079,,B,chronic,,UNITED STATES,2007,MN516442,,Yes,EN3,non-panel,HIV-1,B.US.2007.EN3D079.MN516442,2.2708,2.2708: Hutchinson2019,-,
FE,,07_BC,,,CHINA,,,,Yes,FE,non-panel,HIV-1,07_BC.CN..FE.,5.5,5.5: Wang2013,-,
FE_N133Q,,07_BC,,,CHINA,,,,Yes,FE,mutant,HIV-1,07_BC.CN..FE_N133Q.,5.178,5.178: Wang2013,-,
FE_N142Q,,07_BC,,,CHINA,,,,Yes,FE,mutant,HIV-1,07_BC.CN..FE_N142Q.,5.1,5.1: Wang2013,-,
FE_N197D,,07_BC,,,CHINA,,,,Yes,FE,mutant,HIV-1,07_BC.CN..FE_N197D.,2.355,2.355: Wang2013,-,
FE_N289D,,07_BC,,,CHINA,,,,Yes,FE,mutant,HIV-1,07_BC.CN..FE_N289D.,3.8,3.8: Wang2013,-,
FE_N301Q,,07_BC,,,CHINA,,,,Yes,FE,mutant,HIV-1,07_BC.CN..FE_N301Q.,2.33,2.33: Wang2013,-,
FE_N339Q,,07_BC,,,CHINA,,,,Yes,FE,mutant,HIV-1,07_BC.CN..FE_N339Q.,4.899,4.899: Wang2013,-,
FE_N355Q,,07_BC,,,CHINA,,,,Yes,FE,mutant,HIV-1,07_BC.CN..FE_N355Q.,5.456,5.456: Wang2013,-,
FE_N392Q,,07_BC,,,CHINA,,,,Yes,FE,mutant,HIV-1,07_BC.CN..FE_N392Q.,5.678,5.678: Wang2013,-,
FE_N408Q,,07_BC,,,CHINA,,,,Yes,FE,mutant,HIV-1,07_BC.CN..FE_N408Q.,5.777,5.777: Wang2013,-,
FE_N411Q,,07_BC,,,CHINA,,,,Yes,FE,mutant,HIV-1,07_BC.CN..FE_N411Q.,5.23,5.23: Wang2013,-,
FE_N442Q,,07_BC,,,CHINA,,,,Yes,FE,mutant,HIV-1,07_BC.CN..FE_N442Q.,4.12,4.12: Wang2013,-,
FE_N448Q,,07_BC,,,CHINA,,,,Yes,FE,mutant,HIV-1,07_BC.CN..FE_N448Q.,4.987,4.987: Wang2013,-,
FE_N463Q,,07_BC,,,CHINA,,,,Yes,FE,mutant,HIV-1,07_BC.CN..FE_N463Q.,3.45,3.45: Wang2013,-,
FE_N466Q,,07_BC,,,CHINA,,,,Yes,FE,mutant,HIV-1,07_BC.CN..FE_N466Q.,3.204,3.204: Wang2013,-,
FE_N611Q,,07_BC,,,CHINA,,,,Yes,FE,mutant,HIV-1,07_BC.CN..FE_N611Q.,5.431,5.431: Wang2013,-,
FE_N625Q,,07_BC,,,CHINA,,,,Yes,FE,mutant,HIV-1,07_BC.CN..FE_N625Q.,5.398,5.398: Wang2013,-,
FE_N637Q,,07_BC,,,CHINA,,,,Yes,FE,mutant,HIV-1,07_BC.CN..FE_N637Q.,5.178,5.178: Wang2013,-,
FE_N88D,,07_BC,,,CHINA,,,,Yes,FE,mutant,HIV-1,07_BC.CN..FE_N88D.,4.936,4.936: Wang2013,-,
FR_1997_51,,02_AG,<3mo,,FRANCE,1997,MH742769,,Yes,910101,non-panel,HIV-1,02_AG.FR.1997.FR_1997_51.MH742769,0.23,0.23: Stefic2019,-,
FR_1999_46,,02_AG,<3mo,,FRANCE,1999,MH742764,,Yes,750805,non-panel,HIV-1,02_AG.FR.1999.FR_1999_46.MH742764,3.26,3.26: Stefic2019,-,
FR_2000_45,,02_AG,<3mo,,FRANCE,2000,MH742763,,Yes,750715,non-panel,HIV-1,02_AG.FR.2000.FR_2000_45.MH742763,7.5,7.5: Stefic2019,-,
FR_2001_47,,02_AG,<3mo,,FRANCE,2001,MH742765,,Yes,750908,non-panel,HIV-1,02_AG.FR.2001.FR_2001_47.MH742765,0.06,0.06: Stefic2019,-,
FR_2001_48,,02_AG,<12mo,,FRANCE,2001,MH742766,,Yes,751306,non-panel,HIV-1,02_AG.FR.2001.FR_2001_48.MH742766,UD,>10: Stefic2019,-,
FR_2001_49,,02_AG,<3mo,,FRANCE,2001,MH742767,,Yes,751307,non-panel,HIV-1,02_AG.FR.2001.FR_2001_49.MH742767,0.93,0.93: Stefic2019,-,
FR_2001_50,,02_AG,<3mo,,FRANCE,2001,MH742768,,Yes,751405,non-panel,HIV-1,02_AG.FR.2001.FR_2001_50.MH742768,0.27,0.27: Stefic2019,-,
FR_2001_54,,02_AG,<3mo,,FRANCE,2001,MH742770,,Yes,910107,non-panel,HIV-1,02_AG.FR.2001.FR_2001_54.MH742770,0.37,0.37: Stefic2019,-,
FR_2001_56,,02_AG,<3mo,,FRANCE,2001,MH742771,,Yes,920103,non-panel,HIV-1,02_AG.FR.2001.FR_2001_56.MH742771,0.48,0.48: Stefic2019,-,
FR_2002_41,,02_AG,<3mo,,FRANCE,2002,MH742762,,Yes,590103,non-panel,HIV-1,02_AG.FR.2002.FR_2002_41.MH742762,0.04,0.04: Stefic2019,-,
FR_2008_66,,02_AG,<3mo,,FRANCE,2008,MH742773,,Yes,680119,non-panel,HIV-1,02_AG.FR.2008.FR_2008_66.MH742773,0.61,0.61: Stefic2019,-,
FR_2008_67,,02_AG,<3mo,,FRANCE,2008,MH742774,,Yes,690132,non-panel,HIV-1,02_AG.FR.2008.FR_2008_67.MH742774,1.4,1.4: Stefic2019,-,
FR_2009_64,,02_AG,<3mo,,FRANCE,2009,MH742772,,Yes,540112,non-panel,HIV-1,02_AG.FR.2009.FR_2009_64.MH742772,0.14,0.14: Stefic2019,-,
FR_2009_71,,02_AG,<12mo,,FRANCE,2009,MH742775,,Yes,751426,non-panel,HIV-1,02_AG.FR.2009.FR_2009_71.MH742775,2.29,2.29: Stefic2019,-,
FR_2009_73,,02_AG,<3mo,,FRANCE,2009,MH742776,,Yes,751666,non-panel,HIV-1,02_AG.FR.2009.FR_2009_73.MH742776,0.23,0.23: Stefic2019,-,
FR_2009_76,,02_AG,<3mo,,FRANCE,2009,MH742778,,Yes,752037,non-panel,HIV-1,02_AG.FR.2009.FR_2009_76.MH742778,1.02,1.02: Stefic2019,-,
FR_2009_77,,02_AG,<3mo,,FRANCE,2009,MH742779,,Yes,830118,non-panel,HIV-1,02_AG.FR.2009.FR_2009_77.MH742779,1.06,1.06: Stefic2019,-,
FR_2010_74,,02_AG,<3mo,,FRANCE,2010,MH742777,,Yes,751735,non-panel,HIV-1,02_AG.FR.2010.FR_2010_74.MH742777,0.12,0.12: Stefic2019,-,
FR_2011_167,,02_AG,<3mo,,FRANCE,2011,MH742751,,Yes,490122,non-panel,HIV-1,02_AG.FR.2011.FR_2011_167.MH742751,8.87,8.87: Stefic2019,-,
FR_2012_161,,02_AG,<3mo,,FRANCE,2012,MH742747,,Yes,60216,non-panel,HIV-1,02_AG.FR.2012.FR_2012_161.MH742747,UD,>10: Stefic2019,-,
FR_2012_162,,02_AG,<3mo,,FRANCE,2012,MH742748,,Yes,60217,non-panel,HIV-1,02_AG.FR.2012.FR_2012_162.MH742748,0.46,0.46: Stefic2019,-,
FR_2012_164,,02_AG,<3mo,,FRANCE,2012,MH742749,,Yes,340145,non-panel,HIV-1,02_AG.FR.2012.FR_2012_164.MH742749,0.7,0.7: Stefic2019,-,
FR_2012_166,,02_AG,<3mo,,FRANCE,2012,MH742750,,Yes,370223,non-panel,HIV-1,02_AG.FR.2012.FR_2012_166.MH742750,0.41,0.41: Stefic2019,-,
FR_2012_168,,02_AG,<3mo,,FRANCE,2012,MH742752,,Yes,490123,non-panel,HIV-1,02_AG.FR.2012.FR_2012_168.MH742752,1.49,1.49: Stefic2019,-,
FR_2012_171,,02_AG,<3mo,,FRANCE,2012,MH742753,,Yes,590136,non-panel,HIV-1,02_AG.FR.2012.FR_2012_171.MH742753,0.69,0.69: Stefic2019,-,
FR_2012_172,,02_AG,<3mo,,FRANCE,2012,MH742754,,Yes,660129,non-panel,HIV-1,02_AG.FR.2012.FR_2012_172.MH742754,0.64,0.64: Stefic2019,-,
FR_2012_173,,02_AG,<3mo,,FRANCE,2012,MH742755,,Yes,670106,non-panel,HIV-1,02_AG.FR.2012.FR_2012_173.MH742755,0.03,0.03: Stefic2019,-,
FR_2012_176,,02_AG,<3mo,,FRANCE,2012,MH742756,,Yes,750247,non-panel,HIV-1,02_AG.FR.2012.FR_2012_176.MH742756,0.1,0.1: Stefic2019,-,
FR_2012_177,,02_AG,<3mo,,FRANCE,2012,MH742757,,Yes,750822,non-panel,HIV-1,02_AG.FR.2012.FR_2012_177.MH742757,1.36,1.36: Stefic2019,-,
FR_2012_178,,02_AG,<3mo,,FRANCE,2012,MH742758,,Yes,751744,non-panel,HIV-1,02_AG.FR.2012.FR_2012_178.MH742758,1.44,1.44: Stefic2019,-,
FR_2012_179,,02_AG,<3mo,,FRANCE,2012,MH742759,,Yes,770204,non-panel,HIV-1,02_AG.FR.2012.FR_2012_179.MH742759,UD,>10: Stefic2019,-,
FR_2012_180,,02_AG,<3mo,,FRANCE,2012,MH742760,,Yes,830125,non-panel,HIV-1,02_AG.FR.2012.FR_2012_180.MH742760,0.55,0.55: Stefic2019,-,
FR_2012_181,,02_AG,<12mo,,FRANCE,2012,MH742761,,Yes,840108,non-panel,HIV-1,02_AG.FR.2012.FR_2012_181.MH742761,0.3,0.3: Stefic2019,-,
GX11_13,3,01_AE,<12mo,CCR5,CHINA,2007,GU475042,GX11.13,Yes,,panel,HIV-1,01_AE.CN.2007.GX11_13.GU475042,0.49,0.49: Nie2020,-,
GX13_7,3,01_AE,<12mo,CCR5,CHINA,2007,GU475037,GX13.7,Yes,,panel,HIV-1,01_AE.CN.2007.GX13_7.GU475037,0.91,0.91: Nie2020,-,
GX142_2,3,01_AE,<3mo,CCR5,CHINA,2007,GU475031,GX142.2,Yes,,panel,HIV-1,01_AE.CN.2007.GX142_2.GU475031,0.19,0.19: Nie2020,-,
GX155_55,3,01_AE,<3mo,CCR5,CHINA,2007,GU475043,GX155.55,Yes,,panel,HIV-1,01_AE.CN.2007.GX155_55.GU475043,1.04,1.04: Nie2020,-,
GX2010_36,3,01_AE,<12mo,CCR5,CHINA,2007,GU475026,GX2010.36,Yes,,panel,HIV-1,01_AE.CN.2007.GX2010_36.GU475026,0.47476,0.07: Nie2020;3.22: Sun2017,-,
GX24_8,1,01_AE,<3mo,CCR5,CHINA,2007,GU475015,GX24.8,Yes,,panel,HIV-1,01_AE.CN.2007.GX24_8.GU475015,0.1,0.1: Nie2020,-,
GX25_29,3,01_AE,<12mo,CCR5,CHINA,2007,GU475030,GX25.29,Yes,,panel,HIV-1,01_AE.CN.2007.GX25_29.GU475030,0.02,0.02: Nie2020,-,
GX28_31,2,01_AE,<3mo,CCR5,CHINA,2007,GU475017,GX28.31,Yes,,panel,HIV-1,01_AE.CN.2007.GX28_31.GU475017,0.69,0.69: Nie2020,-,
GX33M_25,2,07_BC,,CCR5,CHINA,,HQ326141,GX33m-25,Yes,,panel,HIV-1,07_BC.CN..GX33M_25.HQ326141,1.81,1.81: Nie2020,-,
GX34_21,2,01_AE,<12mo,CCR5,CHINA,2007,GU475022,GX34.21,Yes,,panel,HIV-1,01_AE.CN.2007.GX34_21.GU475022,0.34,0.34: Nie2020,-,
GX35_33,2,01_AE,<12mo,CCR5,CHINA,2008,GU475023,GX35.33,Yes,,panel,HIV-1,01_AE.CN.2008.GX35_33.GU475023,0.25,0.25: Nie2020,-,
GX43_2,3,08_BC,,CCR5,CHINA,,HQ326142,GX43-2,Yes,,panel,HIV-1,08_BC.CN..GX43_2.HQ326142,1.29,1.29: Nie2020,-,
GX45_57,2,07_BC,,CCR5,CHINA,,HQ326143,GX45-57,Yes,,panel,HIV-1,07_BC.CN..GX45_57.HQ326143,1.13,1.13: Nie2020,-,
GX54_6,3,01_AE,<12mo,CCR5,CHINA,2007,GU475045,GX54.6,Yes,,panel,HIV-1,01_AE.CN.2007.GX54_6.GU475045,0.52,0.52: Nie2020,-,
GX68_5,3,01_AE,<12mo,CCR5,CHINA,2008,GU475044,GX68.5,Yes,,panel,HIV-1,01_AE.CN.2008.GX68_5.GU475044,0.35,0.35: Nie2020,-,
GX71_18,1,01_AE,<12mo,CCR5,CHINA,2008,GU475016,GX71.18,Yes,,panel,HIV-1,01_AE.CN.2008.GX71_18.GU475016,0.34,0.34: Nie2020,-,
GX72_27,3,01_AE,<12mo,CCR5,CHINA,2008,GU475035,GX72.27,Yes,,panel,HIV-1,01_AE.CN.2008.GX72_27.GU475035,0.25,0.25: Nie2020,-,
GX73_29,3,01_AE,<12mo,CXCR4,CHINA,2008,GU475038,GX73.29,Yes,,panel,HIV-1,01_AE.CN.2008.GX73_29.GU475038,0.27,0.27: Nie2020,-,
GX74_20,2,01_AE,<12mo,CCR5,CHINA,2008,GU475021,GX74.20,Yes,,panel,HIV-1,01_AE.CN.2008.GX74_20.GU475021,0.33,0.33: Nie2020,-,
GX75_20,2,08_BC,,CCR5,CHINA,,HQ326144,GX75-20,Yes,,panel,HIV-1,08_BC.CN..GX75_20.HQ326144,0.85,0.85: Nie2020,-,
GX79_7,2,07_BC,,CCR5,CHINA,,HQ326145,GX79-7,Yes,,panel,HIV-1,07_BC.CN..GX79_7.HQ326145,0.39,0.39: Nie2020,-,
GX81_43,1,01_AE,<12mo,CCR5,CHINA,2008,GU475014,GX81.43,Yes,,panel,HIV-1,01_AE.CN.2008.GX81_43.GU475014,0.31,0.31: Nie2020,-,
GX83_47,2,01_AE,<12mo,CCR5,CHINA,2008,GU475027,GX83.47,Yes,,panel,HIV-1,01_AE.CN.2008.GX83_47.GU475027,0.94,0.94: Nie2020,-,
GX84_59,1,07_BC,,,CHINA,,HQ326146,GX84-59,Yes,,panel,HIV-1,07_BC.CN..GX84_59.HQ326146,1.86,1.86: Nie2020,-,
GX88_47,2,01_AE,<12mo,CXCR4,CHINA,2008,GU475018,GX88.47,Yes,,panel,HIV-1,01_AE.CN.2008.GX88_47.GU475018,0.16,0.16: Nie2020,-,
GX8C_31,3,01_AE,<12mo,CCR5,CHINA,2008,GU475039,GX8C.31,Yes,,panel,HIV-1,01_AE.CN.2008.GX8C_31.GU475039,1.13,1.13: Nie2020,-,
GX90_1,2,01_AE,<12mo,CCR5,CHINA,2008,GU475019,GX90.1,Yes,,panel,HIV-1,01_AE.CN.2008.GX90_1.GU475019,0.54,0.54: Nie2020,-,
GX91_2,1,01_AE,<12mo,CCR5,CHINA,2008,GU475013,GX91.2,Yes,,panel,HIV-1,01_AE.CN.2008.GX91_2.GU475013,0.69,0.69: Nie2020,-,
GX93_8,2,07_BC,,,CHINA,,MN617364,GX93-8,Yes,,panel,HIV-1,07_BC.CN..GX93_8.MN617364,UD,>20: Nie2020,-,
GZ187_10,3,01_AE,<12mo,CCR5,CHINA,2007,GU475036,GZ187.10,Yes,,panel,HIV-1,01_AE.CN.2007.GZ187_10.GU475036,0.46,0.46: Nie2020,-,
GZ30_6,3,07_BC,,,CHINA,,MN617392,GZ30.6,Yes,,panel,HIV-1,07_BC.CN..GZ30_6.MN617392,1.19,1.19: Nie2020,-,
GZ36_5,2,07_BC,,,CHINA,,MN617393,GZ36.5,Yes,,panel,HIV-1,07_BC.CN..GZ36_5.MN617393,1.28,1.28: Nie2020,-,
GZ38_2,3,07_BC,,,CHINA,,MN617394,GZ38.2,Yes,,panel,HIV-1,07_BC.CN..GZ38_2.MN617394,0.17,0.17: Nie2020,-,
H022_7,2,B,<12mo,,PERU,,EF210725,H022.7,Yes,H022,panel,HIV-1,B.PE..H022_7.EF210725,0.6,0.6: Wu2010,1.6,1.6: Wu2010
H029_12,1B or 2,B,<12mo,,PERU,,EF210726,H029.12,Yes,H029,panel,HIV-1,B.PE..H029_12.EF210726,0.55,0.55: Wu2010,1.9,1.9: Wu2010
H030_7,2,B,<12mo,,PERU,,EF210727,H030.7,Yes,H030,panel,HIV-1,B.PE..H030_7.EF210727,1.3,1.3: Wu2010,3.6,3.6: Wu2010
H031_7,2,B,<12mo,,PERU,,EF210728,H031.7,Yes,H031,panel,HIV-1,B.PE..H031_7.EF210728,0.9,0.9: Wu2010,2.5,2.5: Wu2010
H035_18,2 or 3,B,<12mo,,PERU,,EF210729,H035.18,Yes,H035,panel,HIV-1,B.PE..H035_18.EF210729,9.1,9.1: Wu2010,29.9,29.9: Wu2010
H061_14,2 or 3,B,<12mo,,PERU,,EF210730,H061.14,Yes,H061,panel,HIV-1,B.PE..H061_14.EF210730,0.59,0.59: Wu2010,1.7,1.7: Wu2010
H077_31,1B or 2,B,<12mo,,PERU,,EF210734,H077.31,Yes,H077,panel,HIV-1,B.PE..H077_31.EF210734,0.18,0.18: Wu2010,0.46,0.46: Wu2010
H078_14,2 or 3,B,<12mo,,PERU,,EF210733,H078.14,Yes,H078,panel,HIV-1,B.PE..H078_14.EF210733,0.35,0.35: Wu2010,1.2,1.2: Wu2010
H079_2,2 or 3,B,<12mo,,PERU,,EF210731,H079.2,Yes,H079,panel,HIV-1,B.PE..H079_2.EF210731,0.85,0.85: Wu2010,2.7,2.7: Wu2010
H080_23,2,B,<12mo,,PERU,,EF210735,H080.23,Yes,H080,panel,HIV-1,B.PE..H080_23.EF210735,0.71,0.71: Wu2010,2.4,2.4: Wu2010
H086_8,1B or 2,B,<12mo,,PERU,,EF210732,"H086, H086.8, H086.8*, HO86.8, HO86_8",Yes,H086,panel,HIV-1,B.PE..H086_8.EF210732,UD,>50: Bonsignori2016;>50: Bricault2019;>50: Bricault2019_dataset2;>50: Chuang2013;>50: Doria-Rose2012;>50: Doria-Rose2016;>50: Gardner2015;>50: Huang2012a;>50: Huang2016a_dataset1;>50: Huang2016a_dataset2;>50: Kong2016;>50: Kong2016a-dataset1;>50: Kwon2015;>50: Kwon2018;>50: Kwon2021_dataset1;>50: Liao2013;>50: Liu2019;>50: McLellan2011;>50: Ofek2014;>50: Rudicell2014;>50: Scheid2011;>50: Steinhardt2018;>50: Wu2010;>50: Wu2011;>50: Xu2017;>50: Zhang2022_dataset1,UD,>50: Doria-Rose2012;>50: Doria-Rose2016;>50: Gardner2015;>50: Huang2012a;>50: Kong2016a-dataset1;>50: Kwon2018;>50: Kwon2021_dataset1;>50: Liao2013;>50: Liu2019;>50: McLellan2011;>50: Rudicell2014;>50: Scheid2011;>50: Steinhardt2018;>50: Wu2010;>50: Wu2011;>50: Xu2017;>50: Zhang2022_dataset1
H086_8_N651K,,B,<12mo,,PERU,,,H086.8.N651K.SG3,Yes,H086,mutant,HIV-1,B.PE..H086_8_N651K.,UD,>50: Ofek2014,-,
HB5_3,3,07_BC,chronic,CCR5,CHINA,,HQ326124,"HB5-3, HB5.3",Yes,,panel,HIV-1,07_BC.CN..HB5_3.HQ326124,0.45475,0.27: Qiao2016;0.27: Sun2017;1.29: Nie2020,-,
HEB46_6,2,B,,,CHINA,,MN617382,HeB46.6,Yes,HEB46,panel,HIV-1,B.CN..HEB46_6.MN617382,0.02,0.02: Nie2020,-,
HEB5_10,2,B,,,CHINA,,MN617374,HeB5.10,Yes,HEB5_10,panel,HIV-1,B.CN..HEB5_10.MN617374,1.45,1.45: Nie2020,-,
HEB87_2,3,B,,,CHINA,,MN617377,HeB87.2,Yes,HEB87,panel,HIV-1,B.CN..HEB87_2.MN617377,0.21,0.21: Nie2020,-,
HN15A_27,3,B,,,CHINA,,MN642096,HN15A.27,Yes,HN15,panel,HIV-1,B.CN..HN15A_27.MN642096,0.12,0.12: Nie2020,-,
HN18A_41,3,B,,,CHINA,,MN642097,HN18A.41,Yes,HN18,panel,HIV-1,B.CN..HN18A_41.MN642097,0.03,0.03: Nie2020,-,
HN40_40,3,B,,,CHINA,,MN642098,HN40.40,Yes,HN40,panel,HIV-1,B.CN..HN40_40.MN642098,0.03,0.03: Nie2020,-,
HN6A_40,2,B,,,CHINA,,MN642095,HN6A.40,Yes,HN6A,panel,HIV-1,B.CN..HN6A_40.MN642095,1.29,1.29: Nie2020,-,
HT593_1,,B,chronic,CCR5 CXCR4,HAITI,1992,U08444,"92HT593, HT593.1",Yes,HT593,panel,HIV-1,B.HT.1992.HT593_1.U08444,0.51619,0.334: Falkowska2012;0.334: Georgiev2013_dataset3;0.334: Wu2010;0.334: Wu2011;0.341: Kwon2015;0.438: Doria-Rose2012;0.438: Georgiev2013_dataset1;0.438: Huang2012a;0.438: Huang2016a_dataset1;0.438: McLellan2011;0.44: Liao2013;0.476: Steinhardt2018;0.52: Xu2017;0.5308: Zhang2022_dataset1;0.603: Kwon2018;0.606: Bonsignori2016;0.606: Bricault2019_dataset2;0.613: Bricault2019;0.613: Chuang2013;0.613: Georgiev2013_dataset2;0.613: Rudicell2014;0.7420: Liu2019;0.819: Kong2016a-dataset1;0.822: Kwon2021_dataset1;1.07000: Doria-Rose2016,1.95481,1.62: Steinhardt2018;1.72: Doria-Rose2012;1.72: Huang2012a;1.72: Liao2013;1.72: McLellan2011;1.79: Xu2017;1.8: Wu2010;1.8: Wu2011;1.916: Kwon2021_dataset1;1.916: Zhang2022_dataset1;2.02: Kwon2018;2.2700: Liu2019;2.43: Kong2016a-dataset1;2.58000: Doria-Rose2016;2.68: Rudicell2014
HUB199_1,2,01_AE,<3mo,CCR5,CHINA,2006,GU475025,HuB199.1,Yes,,panel,HIV-1,01_AE.CN.2006.HUB199_1.GU475025,0.76,0.76: Nie2020,-,
HUB32_3,1,B,,,CHINA,,MN617375,HuB32.3,Yes,HUB32,panel,HIV-1,B.CN..HUB32_3.MN617375,0.27,0.27: Nie2020,-,
HXB2,1B,B,chronic,CXCR4,FRANCE,1983,K03455,"HXB-2, HXB2.DG, HXB2_DG, HXBC2, IIIB",Yes,LAI,panel,HIV-1,B.FR.1983.HXB2.K03455,0.039734,0.022: Bricault2019;0.022: Chuang2013;0.022: Georgiev2013_dataset2;0.022: Rudicell2014;0.022: Zhang2019a;0.027: Kwon2021_dataset1;0.03: Kong2016;0.034: Falkowska2012;0.034: Georgiev2013_dataset3;0.034: Steinhardt2018;0.04: Doria-Rose2012;0.04: Georgiev2013_dataset1;0.04: Huang2012a;0.04: Huang2016a_dataset1;0.04: Huang2016a_dataset2;0.04: Liao2013;0.04: McLellan2011;0.04: Wu2011;0.044: Xu2017;0.0496: Zhang2022_dataset1;0.05: Umotoy2019_dataset1;0.051: Sok2016;0.0540: Liu2019;0.059: Kwon2015;0.063: Bonsignori2016;0.063: Bricault2019_dataset2;0.065: Kwon2018;0.068: Kong2016a-dataset1;0.07100: Doria-Rose2016,0.10994,0.077: Doria-Rose2012;0.077: Huang2012a;0.077: McLellan2011;0.077: Wu2011;0.08: Liao2013;0.081: Zhang2019a;0.093: Steinhardt2018;0.099: Rudicell2014;0.132: Xu2017;0.1398: Kwon2021_dataset1;0.1398: Zhang2022_dataset1;0.16: Kong2016a-dataset1;0.163: Kwon2018;0.1650: Liu2019;0.17800: Doria-Rose2016
IDC561_C08,,B,chronic,,GERMANY,2017,MN871329,,Yes,IDC561,non-panel,HIV-1,B.DE.2017.IDC561_C08.MN871329,UD,>25: Schommers2020_dataset2,-,
IDC561_F12,,B,chronic,,GERMANY,2017,MN871332,,Yes,IDC561,non-panel,HIV-1,B.DE.2017.IDC561_F12.MN871332,4.639,4.639: Schommers2020_dataset2,-,
IDC561_G09,,B,chronic,,GERMANY,2017,MN871330,,Yes,IDC561,non-panel,HIV-1,B.DE.2017.IDC561_G09.MN871330,3.06,3.060: Schommers2020_dataset2,-,
IDC561_G10,,B,chronic,,GERMANY,2017,MN871328,,Yes,IDC561,non-panel,HIV-1,B.DE.2017.IDC561_G10.MN871328,UD,>25: Schommers2020_dataset2,-,
IDC561_H05,,B,chronic,,GERMANY,2017,MN871333,,Yes,IDC561,non-panel,HIV-1,B.DE.2017.IDC561_H05.MN871333,1.121,1.121: Schommers2020_dataset2,-,
IDC561_H08,,B,chronic,,GERMANY,2017,MN871331,,Yes,IDC561,non-panel,HIV-1,B.DE.2017.IDC561_H08.MN871331,UD,>25: Schommers2020_dataset2,-,
INDO_SA_NLR_29_J11,,C,chronic,,INDIA,2011,OQ565572,,Yes,NLR-29,non-panel,HIV-1,C.IN.2011.INDO_SA_NLR_29_J11.OQ565572,0.02,0.02: Mullick2021,-,
INDO_SA_NLR_29_J80,,C,chronic,,INDIA,2011,OQ565571,,Yes,NLR-29,non-panel,HIV-1,C.IN.2011.INDO_SA_NLR_29_J80.OQ565571,0.37,0.37: Mullick2021,-,
JRCSF,2,B,chronic,CCR5,UNITED STATES,1986,AY669726,"JR CSF, JR-CSF, JR_CSF, JRCSF.JB, JRCSF_JB",Yes,JR,panel,HIV-1,B.US.1986.JRCSF.AY669726,0.20339,0.005: Shang2011;0.028: Crooks2015;0.029: Narayan2013;0.033: Zhou2013a;0.093: Falkowska2012;0.093: Georgiev2013_dataset3;0.093: Wu2010;0.093: Wu2011;0.097: Williams2017_dataset3;0.129: Wu2018_dataset2;0.134: Georgiev2013_dataset4;0.14: Acharya2013;0.14: Umotoy2019_dataset1;0.145: Andrabi2015;0.16: Huang2016a_dataset2;0.163: Kong2016a-dataset2;0.164: Walker2011;0.172: Zhang2019a;0.199: Bricault2019;0.199: Chuang2013;0.199: Georgiev2013_dataset2;0.199: Rudicell2014;0.2: Spencer2021;0.225: Jardine2016a;0.23: Liao2013;0.234: Doria-Rose2012;0.234: Georgiev2013_dataset1;0.234: Huang2012a;0.234: Huang2016a_dataset1;0.234: McLellan2011;0.251: Kwon2015;0.285: Gardner2015;0.285: Kwon2021_dataset1;0.313: Kwon2018;0.3400: Liu2019;0.3498: Zhang2022_dataset1;0.355: Xu2017;0.362: Steinhardt2018;0.365: Sok2016;0.409: Rusert2016;0.42: Barbian2015;0.43: Kong2016;0.436: Bonsignori2016;0.436: Bricault2019_dataset2;0.453: Kong2016a-dataset1;0.47: Gach2013;0.48300: Doria-Rose2016;0.97: Schwarzmuller2024;6.43: Ren2014,0.77876,0.269: Zhou2013a;0.489: Georgiev2013_dataset4;0.544: Wu2010;0.544: Wu2011;0.66: Williams2017_dataset3;0.69: Zhang2019a;0.791: Kwon2018;0.8: Liao2013;0.804: Doria-Rose2012;0.804: Huang2012a;0.804: McLellan2011;0.923: Kwon2021_dataset1;0.923: Zhang2022_dataset1;0.925: Steinhardt2018;1.0000: Liu2019;1.08: Kong2016a-dataset1;1.18: Rudicell2014;1.21000: Doria-Rose2016;1.22: Xu2017
JRCSF_N156Q,,B,,,UNITED STATES,1986,,,Yes,JR,mutant,HIV-1,B.US.1986.JRCSF_N156Q.,0.15414,0.044: Narayan2013;0.54: Gach2013,-,
JRCSF_N186Q,,B,,,UNITED STATES,1986,,,Yes,JR,mutant,HIV-1,B.US.1986.JRCSF_N186Q.,0.097211,0.027: Narayan2013;0.35: Gach2013,-,
JRCSF_N197D,,B,,,UNITED STATES,1986,,,Yes,JR,mutant,HIV-1,B.US.1986.JRCSF_N197D.,0.006,0.006: Narayan2013,-,
JRCSF_N197Q,,B,,,UNITED STATES,1986,,,Yes,JR,mutant,HIV-1,B.US.1986.JRCSF_N197Q.,0.02846,0.009: Narayan2013;0.09: Gach2013,-,
JRCSF_N276Q,,B,,,UNITED STATES,1986,,,Yes,JR,mutant,HIV-1,B.US.1986.JRCSF_N276Q.,0.053759,0.017: Narayan2013;0.17: Gach2013,-,
JRCSF_N295Q,,B,,,UNITED STATES,1986,,,Yes,JR,mutant,HIV-1,B.US.1986.JRCSF_N295Q.,0.13711,0.04: Narayan2013;0.47: Gach2013,-,
JRCSF_N301Q,,B,,,UNITED STATES,1986,,,Yes,JR,mutant,HIV-1,B.US.1986.JRCSF_N301Q.,0.073892,0.026: Narayan2013;0.21: Gach2013,-,
JRCSF_N332Q,,B,,,UNITED STATES,1986,,,Yes,JR,mutant,HIV-1,B.US.1986.JRCSF_N332Q.,0.1506,0.036: Narayan2013;0.63: Gach2013,-,
JRCSF_N386Q,,B,,,UNITED STATES,1986,,,Yes,JR,mutant,HIV-1,B.US.1986.JRCSF_N386Q.,0.071134,0.022: Narayan2013;0.23: Gach2013,-,
JRCSF_N392Q,,B,,,UNITED STATES,1986,,,Yes,JR,mutant,HIV-1,B.US.1986.JRCSF_N392Q.,0.059161,0.025: Narayan2013;0.14: Gach2013,-,
JRCSF_N397Q,,B,,,UNITED STATES,1986,,,Yes,JR,mutant,HIV-1,B.US.1986.JRCSF_N397Q.,0.11225,0.03: Narayan2013;0.42: Gach2013,-,
JRCSF_N411Q,,B,,,UNITED STATES,1986,,,Yes,JR,mutant,HIV-1,B.US.1986.JRCSF_N411Q.,0.1249,0.03: Narayan2013;0.52: Gach2013,-,
JRCSF_N448Q,,B,,,UNITED STATES,1986,,,Yes,JR,mutant,HIV-1,B.US.1986.JRCSF_N448Q.,0.10507,0.024: Narayan2013;0.46: Gach2013,-,
JRCSF_N461Q,,B,,,UNITED STATES,1986,,,Yes,JR,mutant,HIV-1,B.US.1986.JRCSF_N461Q.,0.027928,0.006: Narayan2013;0.13: Gach2013,-,
JRCSF_S199A,,B,,,UNITED STATES,1986,,,Yes,JR,mutant,HIV-1,B.US.1986.JRCSF_S199A.,0.01,0.01: Narayan2013,-,
JRFL,2,B,chronic,CCR5,UNITED STATES,1986,AY669728,"JR FL, JR-FL, JR_FL, JR-FL.JB, JRFL-JB, JRFL.JB, JRFL_JB, JRFL.JB.SG3, JRFL_wt, JRFLwt",Yes,JR,panel,HIV-1,B.US.1986.JRFL.AY669728,0.03368,0.005: Narayan2013;0.007: Williams2017_dataset3;0.008: Wu2018_dataset2;0.009: Kwon2015;0.01: Crooks2015;0.0145: Wu2018_dataset3;0.018: Georgiev2013_dataset4;0.02: Bricault2019;0.02: Chuang2013;0.02: Georgiev2013_dataset2;0.02: Kong2016;0.02: Rudicell2014;0.021: Jardine2016a;0.024: Kong2016a-dataset1;0.026: Kwon2018;0.028: Steinhardt2018;0.029: Xu2017;0.03: Liao2013;0.031: Falkowska2012;0.031: Georgiev2013_dataset3;0.031: Wu2010;0.031: Wu2011;0.033: Doria-Rose2012;0.033: Georgiev2013_dataset1;0.033: Huang2012a;0.033: Huang2016a_dataset1;0.033: McLellan2011;0.03400: Doria-Rose2016;0.034: Walker2011;0.039: Kong2016a-dataset2;0.04: Wiehe2018;0.042: Kwon2021_dataset1;0.0424: Zhang2022_dataset1;0.048: Zhou2013a;0.051: Bonsignori2016;0.051: Bricault2019_dataset2;0.0520: Liu2019;0.06: Qiao2016;0.06: Sun2017;0.077: Kwon2021_dataset2;0.1: Gach2013;0.141: Zhang2019a;0.154: Rusert2016;0.29: Sok2016;0.61: Umotoy2019_dataset1,0.10577,0.05: Williams2017_dataset3;0.062: Georgiev2013_dataset4;0.079: Xu2017;0.085: Rudicell2014;0.087: Steinhardt2018;0.0920: Liu2019;0.093: Kwon2018;0.093: Wu2010;0.093: Wu2011;0.099: Kong2016a-dataset1;0.1014: Kwon2021_dataset1;0.1014: Zhang2022_dataset1;0.10300: Doria-Rose2016;0.117: Doria-Rose2012;0.117: Huang2012a;0.117: McLellan2011;0.12: Liao2013;0.145: Zhou2013a;0.741: Zhang2019a
JRFL_D197N,,B,,,UNITED STATES,1986,,,Yes,JR,mutant,HIV-1,B.US.1986.JRFL_D197N.,0.066106,0.019: Narayan2013;0.23: Gach2013,-,
JRFL_D197N_S199A,,B,,,UNITED STATES,1986,,,Yes,JR,mutant,HIV-1,B.US.1986.JRFL_D197N_S199A.,0.015,0.015: Narayan2013,-,
JRFL_D197Q,,B,,,UNITED STATES,1986,,,Yes,JR,mutant,HIV-1,B.US.1986.JRFL_D197Q.,0.01,0.01: Narayan2013,-,
JRFL_E168K,,B,,,UNITED STATES,1986,,,Yes,JR,mutant,HIV-1,B.US.1986.JRFL_E168K.,0.21,0.21: Cao2018,-,
JRFL_N156Q,,B,,,UNITED STATES,1986,,,Yes,JR,mutant,HIV-1,B.US.1986.JRFL_N156Q.,0.757,0.757: Narayan2013,-,
KER2008_12,,A1,chronic,CCR5 CXCR4,KENYA,2000,AY736809,"00KE_KER2008, KER2008, KER2008.12, KER2008.vrc12",Yes,KER2008,panel,HIV-1,A1.KE.2000.KER2008_12.AY736809,0.53574,0.255: Acharya2013;0.35: Georgiev2013_dataset4;0.379: Falkowska2012;0.379: Georgiev2013_dataset3;0.379: Wu2010;0.379: Wu2011;0.484: Kwon2015;0.487: Steinhardt2018;0.49: Kwon2021_dataset1;0.493: Xu2017;0.56: Liao2013;0.563: Doria-Rose2012;0.563: Georgiev2013_dataset1;0.563: Huang2012a;0.563: Huang2016a_dataset1;0.563: McLellan2011;0.58: Doria-Rose2014;0.591: Bonsignori2016;0.591: Bricault2019_dataset2;0.5954: Zhang2022_dataset1;0.597: Bricault2019;0.597: Chuang2013;0.597: Georgiev2013_dataset2;0.597: Rudicell2014;0.613: Kwon2018;0.616: Zhou2013a;0.6910: Liu2019;0.732: Sastry2023_dataset1;0.84400: Doria-Rose2016;0.901: Kong2016a-dataset1,1.81771,1.46: Steinhardt2018;1.7: Wu2010;1.7: Wu2011;1.72: Kwon2018;1.74: Doria-Rose2012;1.74: Huang2012a;1.74: Liao2013;1.74: McLellan2011;1.76000: Doria-Rose2016;1.78: Xu2017;1.824: Kwon2021_dataset1;1.824: Zhang2022_dataset1;2.1: Zhou2013a;2.1300: Liu2019;2.13: Rudicell2014;2.15: Kong2016a-dataset1
KER2018_11,,A1,chronic,CCR5,KENYA,2000,AY736810,"00KE_KER2018, KER2018, KER2018.11",Yes,KER2018,panel,HIV-1,A1.KE.2000.KER2018_11.AY736810,0.38493,0.07: Doria-Rose2012;0.07: Georgiev2013_dataset1;0.07: Huang2012a;0.07: Huang2016a_dataset1;0.07: Liao2013;0.07: McLellan2011;0.327: Xu2017;0.348: Steinhardt2018;0.370: Kong2016a-dataset2;0.381: Georgiev2013_dataset4;0.419: Kwon2021_dataset1;0.46: Doria-Rose2014;0.5300: Liu2019;0.542: Zhou2013a;0.551: Zhang2022_dataset1;0.552: Kwon2018;0.555: Bonsignori2016;0.555: Bricault2019_dataset2;0.559: Kwon2015;0.594: Rusert2016;0.652: Falkowska2012;0.652: Georgiev2013_dataset3;0.652: Wu2010;0.652: Wu2011;0.701: Williams2017_dataset3;0.713: Kong2016a-dataset1;0.858: Bricault2019;0.858: Chuang2013;0.858: Georgiev2013_dataset2;0.858: Rudicell2014;0.88100: Doria-Rose2016,1.20202,0.397: Doria-Rose2012;0.4: Huang2012a;0.4: Liao2013;0.4: McLellan2011;0.781: Xu2017;0.976: Steinhardt2018;1.3800: Liu2019;1.49: Kwon2018;1.642: Kwon2021_dataset1;1.642: Zhang2022_dataset1;1.84000: Doria-Rose2016;1.87: Kong2016a-dataset1;2.1: Zhou2013a;2.19: Williams2017_dataset3;2.3: Wu2010;2.3: Wu2011;2.54: Rudicell2014
KNH1144,,A1,,CCR5,KENYA,2000,AF457066,,Yes,KNH1144,panel,HIV-1,A1.KE.2000.KNH1144.AF457066,0.22267,0.134: Zhang2019a;0.37: Umotoy2019_dataset1,0.535,0.535: Zhang2019a
KNH1209_18,,A1,chronic,CCR5,KENYA,2000,AY736813,"00KE_KNH1209, KNH1209, KNH1209.18",Yes,KNH1209,panel,HIV-1,A1.KE.2000.KNH1209_18.AY736813,0.1128,0.087: Doria-Rose2012;0.087: Falkowska2012;0.087: Georgiev2013_dataset1;0.087: Georgiev2013_dataset3;0.087: Huang2012a;0.087: Huang2016a_dataset1;0.087: McLellan2011;0.087: Wu2010;0.087: Wu2011;0.087: Xu2017;0.09: Liao2013;0.096: Kwon2018;0.098: Kwon2015;0.099: Bonsignori2016;0.099: Bricault2019_dataset2;0.11: Kong2016a-dataset1;0.119: Steinhardt2018;0.128: Zhang2022_dataset1;0.1330: Liu2019;0.138: Kwon2021_dataset1;0.14200: Doria-Rose2016;0.218: Bricault2019;0.218: Chuang2013;0.218: Georgiev2013_dataset2;0.218: Rudicell2014,0.32808,0.25: Xu2017;0.286: Kong2016a-dataset1;0.296: Wu2010;0.296: Wu2011;0.298: Steinhardt2018;0.299: Doria-Rose2012;0.299: Huang2012a;0.299: McLellan2011;0.3: Liao2013;0.301: Kwon2018;0.3510: Liu2019;0.37000: Doria-Rose2016;0.3844: Kwon2021_dataset1;0.3844: Zhang2022_dataset1;0.635: Rudicell2014
KO224_T87_2_4,2,C,<3mo,,SOUTH AFRICA,2008,JN681240,Ko224_T87_2_4,Yes,503_15405_KO224,panel,HIV-1,C.ZA.2008.KO224_T87_2_4.JN681240,0.41,0.41: Bricault2019_dataset1;0.41: Wagh2016,3.15,3.15: Wagh2016
KO243_H6_3,3,C,<3mo,,SOUTH AFRICA,2009,KF114892,Ko243_H6.3,Yes,503_06097_Ko243,panel,HIV-1,C.ZA.2009.KO243_H6_3.KF114892,0.67,0.67: Bricault2019_dataset1;0.67: Wagh2016,2.59,2.59: Wagh2016
KO426_N276D,,C,,,SOUTH AFRICA,2008,,"426c-N276D, 426c.SM",Yes,503_03576_KO426,mutant,HIV-1,C.ZA.2008.KO426_N276D.,0.39,0.39: LaBranche2018,-,
KO426_N276D_N460D_N463D,,C,,,SOUTH AFRICA,2008,,426c.TM1,Yes,503_03576_KO426,mutant,HIV-1,C.ZA.2008.KO426_N276D_N460D_N463D.,0.03,0.03: LaBranche2018,-,
KO426_N460D_N463D,,C,,,SOUTH AFRICA,2008,,426c.DM,Yes,503_03576_KO426,mutant,HIV-1,C.ZA.2008.KO426_N460D_N463D.,0.41,0.41: LaBranche2018,-,
KO426_S278R_N460D_N463D_G471S,,C,,,SOUTH AFRICA,2008,,426c.TM4,Yes,503_03576_KO426,mutant,HIV-1,C.ZA.2008.KO426_S278R_N460D_N463D_G471S.,0.002,0.002: LaBranche2018,-,
KO426_T78_10,2,C,<12mo,,SOUTH AFRICA,2008,JN681241,"426c, Ko426_T78_10, KO426_T78_10C",Yes,503_03576_KO426,panel,HIV-1,C.ZA.2008.KO426_T78_10.JN681241,1.28142,0.4: Bricault2019_dataset1;0.4: Wagh2016;0.8: Zhou2017;1.3800: Liu2019;1.52: Kong2016a-dataset1;1.77: Kwon2018;1.858: Zhang2022_dataset1;1.93: Steinhardt2018;2.01: Xu2017;2.03: Kwon2021_dataset1;2.2: LaBranche2018,4.20661,2.2: Zhou2017;2.3: Wagh2016;4.29: Xu2017;4.41: Steinhardt2018;5.0900: Liu2019;5.27: Kwon2018;5.414: Kwon2021_dataset1;5.414: Zhang2022_dataset1;5.48: Kong2016a-dataset1
KO426_T78_10_DELGLY3_197,,C,,,SOUTH AFRICA,2008,,,Yes,503_03576_KO426,mutant,HIV-1,C.ZA.2008.KO426_T78_10_DELGLY3_197.,0.012,0.012: Zhou2017,0.033,0.033: Zhou2017
KO426_T78_10_DELGLY3_276,,C,,,SOUTH AFRICA,2008,,,Yes,503_03576_KO426,mutant,HIV-1,C.ZA.2008.KO426_T78_10_DELGLY3_276.,0.024,0.024: Zhou2017,0.057,0.057: Zhou2017
KO426_T78_10_DELGLY3_463,,C,,,SOUTH AFRICA,2008,,,Yes,503_03576_KO426,mutant,HIV-1,C.ZA.2008.KO426_T78_10_DELGLY3_463.,0.063,0.063: Zhou2017,0.172,0.172: Zhou2017
KO426_T78_10_DELGLY4,,C,,,SOUTH AFRICA,2008,,,Yes,503_03576_KO426,mutant,HIV-1,C.ZA.2008.KO426_T78_10_DELGLY4.,0.005,0.005: Zhou2017,0.013,0.013: Zhou2017
KO459_T68_4,2,C,<12mo,,SOUTH AFRICA,2008,JN681242,Ko459_T68_4,Yes,503_06310_KO459,panel,HIV-1,C.ZA.2008.KO459_T68_4.JN681242,1.27,1.27: Bricault2019_dataset1;1.27: Wagh2016,5.57,5.57: Wagh2016
KO756_38_TB12,2,C,<3mo,,SOUTH AFRICA,2008,JN681243,"KO_756_38_12, Ko756_38_Tb12",Yes,503_06485_KO756,panel,HIV-1,C.ZA.2008.KO756_38_TB12.JN681243,0.07,0.07: Bricault2019_dataset1;0.07: Wagh2016,0.38,0.38: Wagh2016
KO870_C2_10,2,C,<3mo,,SOUTH AFRICA,2008,JN681244,"Ko870_C2_10, KO_870_C2_10C",Yes,503_06877_KO870,panel,HIV-1,C.ZA.2008.KO870_C2_10.JN681244,0.23,0.23: Bricault2019_dataset1;0.23: Wagh2016,0.87,0.87: Wagh2016
LAI,1B,B,chronic,CXCR4,FRANCE,1983,K02013,,Yes,LAI,panel,HIV-1,B.FR.1983.LAI.K02013,0.164,0.164: Sok2016,-,
LT1_07_J1,,C,chronic,,INDIA,2007,JN400529,,Yes,LT1,non-panel,HIV-1,C.IN.2007.LT1_07_J1.JN400529,3.82,3.82: Mullick2021,-,
LT1_07_J26,,C,chronic,,INDIA,2007,JN400531,,Yes,LT1,non-panel,HIV-1,C.IN.2007.LT1_07_J26.JN400531,2.18,2.18: Mullick2021,-,
LT1_07_J4,,C,chronic,,INDIA,2007,JN400530,,Yes,LT1,non-panel,HIV-1,C.IN.2007.LT1_07_J4.JN400530,2.93,2.93: Mullick2021,-,
LT1_09_J3,,C,chronic,,INDIA,2009,JN400534,,Yes,LT1,non-panel,HIV-1,C.IN.2009.LT1_09_J3.JN400534,3.05,3.05: Mullick2021,-,
LT1_09_J8,,C,chronic,,INDIA,2009,JN400536,,Yes,LT1,non-panel,HIV-1,C.IN.2009.LT1_09_J8.JN400536,UD,>5: Mullick2021,-,
M02138,,01_AE,chronic,CXCR4,THAILAND,1996,AY713424,"0503M02138.ec1, 0503M02138_EC1",Yes,M02138,panel,HIV-1,01_AE.TH.1996.M02138.AY713424,0.64282,0.348: Falkowska2012;0.348: Georgiev2013_dataset3;0.348: Wu2011;0.35: Wu2010;0.478: Bricault2019;0.478: Chuang2013;0.478: Georgiev2013_dataset2;0.478: Rudicell2014;0.56: Kwon2021_dataset1;0.681: Xu2017;0.696: Kwon2015;0.742: Doria-Rose2012;0.742: Georgiev2013_dataset1;0.742: Huang2012a;0.742: Huang2016a_dataset1;0.742: McLellan2011;0.898: Steinhardt2018;0.97: Zhou2017;0.975: Kwon2018;1.0636: Zhang2022_dataset1;1.0700: Liu2019;1.35: Kong2016a-dataset1,2.43199,1.6: Wu2010;1.6: Wu2011;1.81: Rudicell2014;1.85: Doria-Rose2012;1.85: Huang2012a;1.85: McLellan2011;2.3: Xu2017;2.65: Kwon2018;3.02: Steinhardt2018;3.0300: Liu2019;3.22: Zhou2017;3.41: Kong2016a-dataset1;3.754: Kwon2021_dataset1;3.754: Zhang2022_dataset1
MB201_A1,,A1,chronic,,KENYA,,DQ187026,"MB201, MB201.A1",Yes,B201mother,panel,HIV-1,A1.KE..MB201_A1.DQ187026,0.19444,0.098: Bricault2019;0.098: Chuang2013;0.098: Georgiev2013_dataset2;0.098: Rudicell2014;0.163: Kwon2015;0.165: Falkowska2012;0.165: Georgiev2013_dataset3;0.169: Xu2017;0.17: Doria-Rose2014;0.1982: Zhang2022_dataset1;0.209: Kwon2021_dataset1;0.212: Bonsignori2016;0.212: Bricault2019_dataset2;0.237: Doria-Rose2012;0.237: Georgiev2013_dataset1;0.237: Huang2012a;0.237: Huang2016a_dataset1;0.237: McLellan2011;0.237: Wu2011;0.24: Liao2013;0.241: Steinhardt2018;0.2460: Liu2019;0.26: Kwon2018;0.28600: Doria-Rose2016;0.404: Kong2016a-dataset1,0.53315,0.418: Rudicell2014;0.445: Kwon2018;0.452: Steinhardt2018;0.478: Doria-Rose2012;0.478: Huang2012a;0.478: McLellan2011;0.478: Wu2011;0.48: Liao2013;0.6022: Kwon2021_dataset1;0.6022: Zhang2022_dataset1;0.625: Xu2017;0.63300: Doria-Rose2016;0.6400: Liu2019;0.775: Kong2016a-dataset1
MB539_2B7,,A1,chronic,,KENYA,,DQ187082,"MB539, MB539.2B7",Yes,B539mother,panel,HIV-1,A1.KE..MB539_2B7.DQ187082,0.48309,0.316: Bricault2019;0.316: Chuang2013;0.316: Georgiev2013_dataset2;0.316: Rudicell2014;0.43: Doria-Rose2014;0.441: Xu2017;0.4696: Zhang2022_dataset1;0.48: Kwon2018;0.486: Kwon2021_dataset1;0.5: Bonsignori2016;0.5: Bricault2019_dataset2;0.5100: Liu2019;0.512: Steinhardt2018;0.529: Kwon2015;0.531: Falkowska2012;0.531: Georgiev2013_dataset3;0.54: Liao2013;0.544: Doria-Rose2012;0.544: Georgiev2013_dataset1;0.544: Huang2012a;0.544: Huang2016a_dataset1;0.544: McLellan2011;0.544: Wu2011;0.652: Kong2016a-dataset1;0.68500: Doria-Rose2016,1.36948,1.14: Xu2017;1.2: Kwon2018;1.24: Steinhardt2018;1.29000: Doria-Rose2016;1.318: Kwon2021_dataset1;1.318: Zhang2022_dataset1;1.41: Rudicell2014;1.42: Kong2016a-dataset1;1.48: Doria-Rose2012;1.48: Huang2012a;1.48: Liao2013;1.48: McLellan2011;1.4900: Liu2019;1.5: Wu2011
ME067_A10_15,2,C,<3mo,,SOUTH AFRICA,2008,JN681245,ME067_A10-15,Yes,503_11070_ME067,panel,HIV-1,C.ZA.2008.ME067_A10_15.JN681245,0.48,0.48: Bricault2019_dataset1;0.48: Wagh2016,2.06,2.06: Wagh2016
ME178_G6_16,3,C,<3mo,,SOUTH AFRICA,2008,KF114893,Me178_G6.16,Yes,503_15383_Me178,panel,HIV-1,C.ZA.2008.ME178_G6_16.KF114893,0.4,0.4: Bricault2019_dataset1;0.4: Wagh2016,1.38,1.38: Wagh2016
MF535_W0M_B1,,A1D,chronic,,KENYA,,DQ208425,MF535.B1,Yes,F535mother,panel,HIV-1,A1D.KE..MF535_W0M_B1.DQ208425,9.95,9.95: Lynch2011,-,
MF535_W0M_E2,,A1D,chronic,,KENYA,,DQ208428,MF535.E2,Yes,F535mother,panel,HIV-1,A1D.KE..MF535_W0M_E2.DQ208428,0.99,0.99: Lynch2011,-,
MG505_W0M_A2,,A1,chronic,,KENYA,,DQ208449,"MG505, MG505.A2, MG505_W0M_ENV_A2",Yes,G505mother,panel,HIV-1,A1.KE..MG505_W0M_A2.DQ208449,0.14422,0.101: Rusert2016;0.11: Qiao2016;0.27: Lynch2011,-,
MG505_W0M_C2,,A1,chronic,,KENYA,,DQ208451,MG505.C2,Yes,G505mother,panel,HIV-1,A1.KE..MG505_W0M_C2.DQ208451,0.66,0.66: Lynch2011,-,
MG505_W0_E1,,A1,chronic,,KENYA,,DQ208453,"MG505.W0.E1, MG505_W0M_ENV_E1",Yes,G505mother,panel,HIV-1,A1.KE..MG505_W0_E1.DQ208453,0.63,<.63: Simonich2016_dataset2,-,
MGRM_AG_002,,02_AG,chronic,,,,MF510462,"MGRM-002-8, MGRM8",Yes,,panel,HIV-1,02_AG...MGRM_AG_002.MF510462,0.95,0.95: Walker2011,-,
MI206_W0M_D1,,A1,chronic,,KENYA,,DQ208462,,Yes,I206mother,panel,HIV-1,A1.KE..MI206_W0M_D1.DQ208462,0.86,0.86: Qiao2016,-,
MI369_A5,,A1,chronic,,KENYA,,DQ187018,"MI369, MI369.A5",Yes,I369mother,panel,HIV-1,A1.KE..MI369_A5.DQ187018,0.20841,0.107: Falkowska2012;0.107: Georgiev2013_dataset3;0.124: Bricault2019;0.124: Chuang2013;0.124: Georgiev2013_dataset2;0.124: Rudicell2014;0.16: Liao2013;0.162: Doria-Rose2012;0.162: Georgiev2013_dataset1;0.162: Huang2012a;0.162: Huang2016a_dataset1;0.162: McLellan2011;0.162: Wu2011;0.228: Xu2017;0.236: Steinhardt2018;0.269: Bonsignori2016;0.269: Bricault2019_dataset2;0.281: Kwon2018;0.284: Kwon2015;0.3914: Zhang2022_dataset1;0.425: Kong2016a-dataset1;0.43400: Doria-Rose2016;0.4920: Liu2019;0.522: Kwon2021_dataset1,0.92558,0.72: Rudicell2014;0.769: Doria-Rose2012;0.769: Huang2012a;0.769: McLellan2011;0.769: Wu2011;0.77: Liao2013;0.834: Kwon2018;0.843: Steinhardt2018;0.922: Xu2017;1.02: Kong2016a-dataset1;1.15000: Doria-Rose2016;1.272: Kwon2021_dataset1;1.272: Zhang2022_dataset1;1.4200: Liu2019
MJ412_W0M_C1,,A1CD,chronic,,KENYA,,DQ208436,MJ412.C1,Yes,J412mother,panel,HIV-1,A1CD.KE..MJ412_W0M_C1.DQ208436,7.63,7.63: Lynch2011,-,
MJ412_W0M_F2,,A1CD,chronic,,KENYA,,DQ208439,MJ412.F2,Yes,J412mother,panel,HIV-1,A1CD.KE..MJ412_W0M_F2.DQ208439,6.47,6.47: Lynch2011,-,
MJ613_W1M_A2,,A1,,,KENYA,,DQ208444,MJ613.A2,Yes,J613mother,panel,HIV-1,A1.KE..MJ613_W1M_A2.DQ208444,0.63032,0.29: Qiao2016;1.37: Lynch2011,-,
MJ613_W1M_C7,,A1,chronic,,KENYA,,DQ208446,MJ613.C7,Yes,J613mother,panel,HIV-1,A1.KE..MJ613_W1M_C7.DQ208446,0.36,0.36: Lynch2011,-,
MK184_W0M_E4,,CD,chronic,,KENYA,,DQ208485,MK184.E4,Yes,K184mother,panel,HIV-1,CD.KE..MK184_W0M_E4.DQ208485,UD,>10: Lynch2011,-,
MK184_W0M_G3,,CD,chronic,,KENYA,,DQ208487,MK184.G3,Yes,K184mother,panel,HIV-1,CD.KE..MK184_W0M_G3.DQ208487,0.71,0.71: Lynch2011,-,
ML274_W0M_A1,,A1D,chronic,,KENYA,,DQ208492,ML274.A1,Yes,L274mother,panel,HIV-1,A1D.KE..ML274_W0M_A1.DQ208492,0.4,0.4: Lynch2011,-,
ML274_W0M_B1,,A1D,,,KENYA,,DQ208493,ML274.B1,Yes,L274mother,panel,HIV-1,A1D.KE..ML274_W0M_B1.DQ208493,0.26,0.26: Lynch2011;0.26: Qiao2016,-,
MN_3,1A,B,<12mo,,UNITED STATES,,HM215430,"MN, MN.03, MN.3, MN/H9",Yes,MN,panel,HIV-1,B.US..MN_3.HM215430,0.030415,0.01: Zhang2019a;0.011: Bonsignori2016;0.016: Bricault2019;0.016: Chuang2013;0.016: Georgiev2013_dataset2;0.016: Kwon2015;0.016: Rudicell2014;0.01800: Doria-Rose2016;0.02: Steinhardt2018;0.022: Falkowska2012;0.022: Georgiev2013_dataset3;0.023: Kong2016a-dataset1;0.023: Xu2017;0.028: Kwon2018;0.03: Liao2013;0.033: Doria-Rose2012;0.033: Georgiev2013_dataset1;0.033: Huang2012a;0.033: Huang2016a_dataset1;0.033: McLellan2011;0.033: Wu2011;0.0342: Zhang2022_dataset1;0.0380: Liu2019;0.044: Kwon2021_dataset1;0.09: Umotoy2019_dataset1;6.12: Braibant2013,0.079642,0.063: Steinhardt2018;0.06400: Doria-Rose2016;0.07: Doria-Rose2012;0.07: Huang2012a;0.07: Liao2013;0.07: McLellan2011;0.07: Wu2011;0.071: Kwon2018;0.071: Rudicell2014;0.071: Xu2017;0.073: Kong2016a-dataset1;0.0964: Kwon2021_dataset1;0.0964: Zhang2022_dataset1;0.1020: Liu2019;0.196: Zhang2019a
MS208_A1,1 or 2,A1D,<12mo,,KENYA,,DQ187010,"MS208, MS208.A1",Yes,S208mother,panel,HIV-1,A1D.KE..MS208_A1.DQ187010,0.1237,0.024: Umotoy2019_dataset2;0.033: Bricault2019;0.033: Chuang2013;0.033: Georgiev2013_dataset2;0.033: Rudicell2014;0.05: Falkowska2012;0.063: Zhang2019a;0.1: Scheid2011;0.101: Georgiev2013_dataset3;0.101: McCoy2012;0.101: Wu2010;0.101: Wu2011;0.147: Doria-Rose2012;0.147: Georgiev2013_dataset1;0.147: Huang2012a;0.147: Huang2016a_dataset1;0.147: Kwon2018;0.147: McLellan2011;0.15: Liao2013;0.158: Xu2017;0.174: Steinhardt2018;0.178: Bonsignori2016;0.178: Bricault2019_dataset2;0.184: Kwon2015;0.2196: Zhang2022_dataset1;0.229: Kwon2021_dataset1;0.274: Bricault2019_dataset3;0.274: Hraber2014;0.274: Wagh2018;0.3250: Liu2019;0.33500: Doria-Rose2016;0.354: Kong2016a-dataset1,0.69012,0.252: Zhang2019a;0.279: Rudicell2014;0.462: Scheid2011;0.462: Wu2010;0.462: Wu2011;0.593: Steinhardt2018;0.668: Doria-Rose2012;0.668: Huang2012a;0.668: McLellan2011;0.67: Liao2013;0.682: Xu2017;0.759: Kwon2018;0.8986: Kwon2021_dataset1;0.8986: Zhang2022_dataset1;0.9970: Liu2019;1.04000: Doria-Rose2016;1.23: Kong2016a-dataset1;1.41: Hraber2014;1.41: Wagh2018
MS208_A3,,A1D,chronic,,KENYA,,,MS208.A3,Yes,S208mother,panel,HIV-1,A1D.KE..MS208_A3.,0.05,0.05: Doria-Rose2012,0.192,0.192: Doria-Rose2012
MUW100708A_EC02,,G,chronic,CCR5 CXCR4,NIGERIA,2013,PQ203466,MUW100708A.ec02,Yes,MUW100708,non-panel,HIV-1,G.NG.2013.MUW100708A_EC02.PQ203466,UD,>25: Wieczorek2024,-,
MUW100708A_EC03,,G,chronic,CCR5 CXCR4,NIGERIA,2013,PQ203467,MUW100708A.ec03,Yes,MUW100708,non-panel,HIV-1,G.NG.2013.MUW100708A_EC03.PQ203467,UD,>25: Wieczorek2024,-,
MUW100708A_EC08,,G,chronic,CCR5 CXCR4,NIGERIA,2013,PQ203468,MUW100708A.ec08,Yes,MUW100708,non-panel,HIV-1,G.NG.2013.MUW100708A_EC08.PQ203468,UD,>25: Wieczorek2024,-,
MUW100708A_EC09,,G,chronic,CCR5,NIGERIA,2013,PQ203469,MUW100708A.ec09,Yes,MUW100708,non-panel,HIV-1,G.NG.2013.MUW100708A_EC09.PQ203469,UD,>25: Wieczorek2024,-,
MUW100708A_EC11,,G,chronic,CCR5 CXCR4,NIGERIA,2013,PQ203470,MUW100708A.ec11,Yes,MUW100708,non-panel,HIV-1,G.NG.2013.MUW100708A_EC11.PQ203470,UD,>25: Wieczorek2024,-,
MUW101091A_EC01,,G,chronic,CCR5,NIGERIA,2014,PQ203471,MUW101091A.ec01,Yes,MUW101091,non-panel,HIV-1,G.NG.2014.MUW101091A_EC01.PQ203471,UD,>25: Wieczorek2024,-,
MUW101091A_EC02,,G,chronic,CCR5,NIGERIA,2014,PQ203472,MUW101091A.ec02,Yes,MUW101091,non-panel,HIV-1,G.NG.2014.MUW101091A_EC02.PQ203472,UD,>25: Wieczorek2024,-,
MUW101091A_EC07,,G,chronic,CCR5,NIGERIA,2014,PQ203473,MUW101091A.ec07,Yes,MUW101091,non-panel,HIV-1,G.NG.2014.MUW101091A_EC07.PQ203473,UD,>25: Wieczorek2024,-,
MUW101091A_EC10,,G,chronic,CCR5,NIGERIA,2014,PQ203474,MUW101091A.ec10,Yes,MUW101091,non-panel,HIV-1,G.NG.2014.MUW101091A_EC10.PQ203474,UD,>25: Wieczorek2024,-,
MUW101273A_EC02,,G,chronic,CCR5,NIGERIA,2014,PQ203475,MUW101273A.ec02,Yes,MUW101273,non-panel,HIV-1,G.NG.2014.MUW101273A_EC02.PQ203475,1.13,1.13: Wieczorek2024,-,
MUW101273A_EC03,,G,chronic,CCR5,NIGERIA,2014,PQ203476,MUW101273A.ec03,Yes,MUW101273,non-panel,HIV-1,G.NG.2014.MUW101273A_EC03.PQ203476,2.12,2.12: Wieczorek2024,-,
MUW101273A_EC04,,G,chronic,CCR5 CXCR4,NIGERIA,2014,PQ203477,MUW101273A.ec04,Yes,MUW101273,non-panel,HIV-1,G.NG.2014.MUW101273A_EC04.PQ203477,6.67,6.67: Wieczorek2024,-,
MUW101273A_EC05,,G,chronic,CCR5 CXCR4,NIGERIA,2014,PQ203478,MUW101273A.ec05,Yes,MUW101273,non-panel,HIV-1,G.NG.2014.MUW101273A_EC05.PQ203478,7.41,7.41: Wieczorek2024,-,
MUW101273A_EC06,,G,chronic,CCR5,NIGERIA,2014,PQ203479,MUW101273A.ec06,Yes,MUW101273,non-panel,HIV-1,G.NG.2014.MUW101273A_EC06.PQ203479,0.99,0.99: Wieczorek2024,-,
MUW101273A_EC07,,G,chronic,CCR5,NIGERIA,2014,PQ203480,MUW101273A.ec07,Yes,MUW101273,non-panel,HIV-1,G.NG.2014.MUW101273A_EC07.PQ203480,0.54,0.54: Wieczorek2024,-,
MUW101273A_ECRH,,G,chronic,CCR5,NIGERIA,2014,PQ203481,MUW101273A.ecrh,Yes,MUW101273,non-panel,HIV-1,G.NG.2014.MUW101273A_ECRH.PQ203481,3.54,3.54: Wieczorek2024,-,
MUW101769A_EC02,,G,chronic,CCR5,NIGERIA,2014,PQ203482,MUW101769A.ec02,Yes,MUW101769,non-panel,HIV-1,G.NG.2014.MUW101769A_EC02.PQ203482,0.17,0.17: Wieczorek2024,-,
MUW101769A_EC03,,G,chronic,CCR5,NIGERIA,2014,PQ203483,MUW101769A.ec03,Yes,MUW101769,non-panel,HIV-1,G.NG.2014.MUW101769A_EC03.PQ203483,0.09,0.09: Wieczorek2024,-,
MUW101769A_EC04,,G,chronic,CCR5,NIGERIA,2014,PQ203484,MUW101769A.ec04,Yes,MUW101769,non-panel,HIV-1,G.NG.2014.MUW101769A_EC04.PQ203484,0.13,0.13: Wieczorek2024,-,
MUW101769A_EC05,,G,chronic,CCR5,NIGERIA,2014,PQ203485,MUW101769A.ec05,Yes,MUW101769,non-panel,HIV-1,G.NG.2014.MUW101769A_EC05.PQ203485,0.12,0.12: Wieczorek2024,-,
MUW101769A_EC07,,G,chronic,CCR5,NIGERIA,2014,PQ203486,MUW101769A.ec07,Yes,MUW101769,non-panel,HIV-1,G.NG.2014.MUW101769A_EC07.PQ203486,1.64,1.64: Wieczorek2024,-,
MUW101769A_EC08,,G,chronic,CCR5,NIGERIA,2014,PQ203487,MUW101769A.ec08,Yes,MUW101769,non-panel,HIV-1,G.NG.2014.MUW101769A_EC08.PQ203487,0.72,0.72: Wieczorek2024,-,
MUW101769A_EC12,,G,chronic,CCR5,NIGERIA,2014,PQ203488,MUW101769A.ec12,Yes,MUW101769,non-panel,HIV-1,G.NG.2014.MUW101769A_EC12.PQ203488,0.14,0.14: Wieczorek2024,-,
MUW104349A_EC02,,G,chronic,CCR5,NIGERIA,2014,PQ203489,MUW104349A.ec02,Yes,MUW104349,non-panel,HIV-1,G.NG.2014.MUW104349A_EC02.PQ203489,1.67,1.67: Wieczorek2024,-,
MUW104349A_EC03,,G,chronic,CCR5,NIGERIA,2014,PQ203490,MUW104349A.ec03,Yes,MUW104349,non-panel,HIV-1,G.NG.2014.MUW104349A_EC03.PQ203490,0.84,0.84: Wieczorek2024,-,
MUW104349A_EC04,,G,chronic,CCR5,NIGERIA,2014,PQ203491,MUW104349A.ec04,Yes,MUW104349,non-panel,HIV-1,G.NG.2014.MUW104349A_EC04.PQ203491,0.63,0.63: Wieczorek2024,-,
MUW104349A_EC05,,G,chronic,CCR5,NIGERIA,2014,PQ203492,MUW104349A.ec05,Yes,MUW104349,non-panel,HIV-1,G.NG.2014.MUW104349A_EC05.PQ203492,0.49,0.49: Wieczorek2024,-,
MUW104349A_ECRH,,G,chronic,CCR5,NIGERIA,2014,PQ203493,MUW104349A.ecrh,Yes,MUW104349,non-panel,HIV-1,G.NG.2014.MUW104349A_ECRH.PQ203493,1.97,1.97: Wieczorek2024,-,
MW965_26,1A,C,<12mo,CCR5,MALAWI,1993,U08455,"93MW965, 93MW965.26, MV965.26, MW965, MW965.26",Yes,965,panel,HIV-1,C.MW.1993.MW965_26.U08455,0.036304,0.015: Xu2017;0.019: Bricault2019;0.019: Chuang2013;0.019: Georgiev2013_dataset2;0.019: Rudicell2014;0.029: Bonsignori2016;0.029: Bricault2019_dataset2;0.038: Doria-Rose2012;0.038: Georgiev2013_dataset1;0.038: Huang2012a;0.038: Huang2016a_dataset1;0.038: McLellan2011;0.038: Wu2011;0.04: Liao2013;0.041: Kwon2015;0.042: Kwon2018;0.043: Steinhardt2018;0.0446: Zhang2022_dataset1;0.04800: Doria-Rose2016;0.048: Kong2016a-dataset1;0.052: Kwon2021_dataset1;0.056: Falkowska2012;0.056: Georgiev2013_dataset3;0.0580: Liu2019;0.07: Kong2016,0.12171,0.084: Rudicell2014;0.106: Xu2017;0.116: Doria-Rose2012;0.116: Huang2012a;0.116: McLellan2011;0.116: Wu2011;0.12: Liao2013;0.128: Steinhardt2018;0.1312: Kwon2021_dataset1;0.1312: Zhang2022_dataset1;0.132: Kwon2018;0.137: Kong2016a-dataset1;0.1390: Liu2019;0.14600: Doria-Rose2016
NAB01,,B,chronic,CCR5,SWITZERLAND,2001,EU023918,NAB1pre_cl_39x,Yes,NAB01,panel,HIV-1,B.CH.2001.NAB01.EU023918,1.7,1.7: Beauparlant2017,-,
NAB01_C14,,B,,,SWITZERLAND,,KX673207,NAB01_PBMCcon.c14,Yes,NAB01,mutant,HIV-1,B.CH..NAB01_C14.KX673207,1.712,1.712: Beauparlant2017,-,
NAB01_C14_REV,,B,,,SWITZERLAND,,KX673208,NAB01_PBMCcon.c14-rev,Yes,NAB01,mutant,HIV-1,B.CH..NAB01_C14_REV.KX673208,4.411,4.411: Beauparlant2017,-,
NAB01_C21,,B,,,SWITZERLAND,,KX673209,NAB01_CD4low.c21,Yes,NAB01,mutant,HIV-1,B.CH..NAB01_C21.KX673209,0.534,0.534: Beauparlant2017,-,
NAB01_C21_REV,,B,,,SWITZERLAND,,KX673210,NAB01_CD4low.c21-rev,Yes,NAB01,mutant,HIV-1,B.CH..NAB01_C21_REV.KX673210,13.672,13.672: Beauparlant2017,-,
NAB01_C24,,B,,,SWITZERLAND,,KX673211,NAB01_CD4low.c24,Yes,NAB01,mutant,HIV-1,B.CH..NAB01_C24.KX673211,0.261,0.261: Beauparlant2017,-,
NAB01_C24_REV,,B,,,SWITZERLAND,,KX673212,NAB01_CD4low.c24-rev,Yes,NAB01,mutant,HIV-1,B.CH..NAB01_C24_REV.KX673212,UD,>25: Beauparlant2017,-,
NAB01_PA,,B,,,SWITZERLAND,,KX673206,,Yes,NAB01,mutant,HIV-1,B.CH..NAB01_PA.KX673206,0.733,0.733: Beauparlant2017,-,
NAB13PRE_CL_9,2,G,<12mo,,SWITZERLAND,,EU023937,NAB13,Yes,NAB13,panel,HIV-1,G.CH..NAB13PRE_CL_9.EU023937,0.15856,0.0838: Rusert2016;0.3: Schwarzmuller2024,-,
NAB5PRE_CL_1,2,B,chronic,,SWITZERLAND,2003,EU023923,,Yes,PR120,panel,HIV-1,B.CH.2003.NAB5PRE_CL_1.EU023923,3.9,3.9: Rusert2016,-,
NAB9PRE_CL_106,2,B,chronic,,SWITZERLAND,2001,EU023928,,Yes,NAB09,panel,HIV-1,B.CH.2001.NAB9PRE_CL_106.EU023928,0.842,0.842: Rusert2016,-,
NISA_N101_J12,,C,chronic,,INDIA,2011,OQ565563,,Yes,NISA_101,non-panel,HIV-1,C.IN.2011.NISA_N101_J12.OQ565563,UD,>5: Mullick2021,-,
NISA_N110_J16,,C,chronic,,INDIA,2011,OQ565564,,Yes,NISA_110,non-panel,HIV-1,C.IN.2011.NISA_N110_J16.OQ565564,0.26,0.26: Mullick2021,-,
NISA_N20_J10,,C,chronic,,INDIA,2011,OQ565561,,Yes,NISA_20,non-panel,HIV-1,C.IN.2011.NISA_N20_J10.OQ565561,0.01,0.01: Mullick2021,-,
NISA_N20_J14,,C,chronic,,INDIA,2011,OQ565562,,Yes,NISA_20,non-panel,HIV-1,C.IN.2011.NISA_N20_J14.OQ565562,0.8,0.8: Mullick2021,-,
NKU3006_EC1,,D,,CCR5,KENYA,2001,JQ715411,"NKU3006, NKU3006.ec1",Yes,NKU3006,panel,HIV-1,D.KE.2001.NKU3006_EC1.JQ715411,0.56093,0.46: Steinhardt2018;0.468: Xu2017;0.488: Bricault2019;0.488: Chuang2013;0.488: Kwon2015;0.488: Rudicell2014;0.506: Doria-Rose2012;0.506: Huang2012a;0.506: Huang2016a_dataset1;0.506: McLellan2011;0.532: Kwon2018;0.5422: Zhang2022_dataset1;0.549: Kwon2021_dataset1;0.57: McCoy2012;0.57: Wu2010;0.57: Wu2011;0.596: Bonsignori2016;0.596: Bricault2019_dataset2;0.7290: Liu2019;0.758: Wagh2018;0.76600: Doria-Rose2016;0.848: Kong2016a-dataset1,1.73129,1.23: Xu2017;1.29: Steinhardt2018;1.49: Kwon2018;1.5916: Kwon2021_dataset1;1.5916: Zhang2022_dataset1;1.7: Wu2010;1.7: Wu2011;1.78: Doria-Rose2012;1.78: Huang2012a;1.78: McLellan2011;1.82: Rudicell2014;1.84: Doria-Rose2016;1.99: Kong2016a-dataset1;2.0900: Liu2019;2.768: Wagh2018
NL43,1A,B,chronic,CXCR4,FRANCE,1985,AY669735,"NL4-3, NL4.3",Yes,NL43,panel,HIV-1,B.FR.1985.NL43.AY669735,0.092421,0.08: Qiao2016;0.08: Sun2017;0.1: Walker2011;0.114: Sok2016,-,
P0402_C2_11,2,G,chronic,CCR5,SPAIN,2002,EU885759,"P0402, P0402.c2.11, P0402_c2_11, P402_2_11, P402_2_C11, P402_C11",Yes,P402,panel,HIV-1,G.ES.2002.P0402_C2_11.EU885759,0.14243,0.038: Umotoy2019_dataset2;0.04: Zhang2019a;0.071: Xu2017;0.108: Bricault2019_dataset3;0.165: Kwon2021_dataset1;0.1654: Zhang2022_dataset1;0.207: Steinhardt2018;0.21: Doria-Rose2012;0.21: Scheid2011;0.21: Wu2010;0.221: Kwon2018;0.264: Kong2016a-dataset1;0.2790: Liu2019,0.45547,0.164: Zhang2019a;0.304: Xu2017;0.4358: Kwon2021_dataset1;0.4358: Zhang2022_dataset1;0.4740: Liu2019;0.488: Steinhardt2018;0.585: Kwon2018;0.59: Doria-Rose2012;0.59: Scheid2011;0.59: Wu2010;0.665: Kong2016a-dataset1
P08,,01_AE,<3mo,,,,,,Yes,,non-panel,HIV-1,01_AE...P08.,1.736,1.736: Wu2018_dataset3;>3.5: Wu2018_dataset1,-,
P1741_A2,,D,chronic,,SPAIN,2007,HM068556,,Yes,P1741,panel,HIV-1,D.ES.2007.P1741_A2.HM068556,2.183,2.183: Wagh2018,5.83,5.83: Wagh2018
P1981_C5_3,2,G,,CCR5,SPAIN,2008,FJ817369,"P1981, P1981.C5.3, P1981_C5_B3, P1981_F1",Yes,1981,panel,HIV-1,G.ES.2008.P1981_C5_3.FJ817369,0.30686,0.079: Umotoy2019_dataset2;0.189: Jardine2016a;0.203: Zhang2019a;0.243: Xu2017;0.291: Kwon2021_dataset1;0.302: Bricault2019_dataset3;0.302: Hraber2014;0.322: Kwon2018;0.3264: Zhang2022_dataset1;0.33: Bonsignori2016;0.33: Bricault2019_dataset2;0.336: Steinhardt2018;0.3390: Liu2019;0.378: Kong2016a-dataset1;0.41400: Doria-Rose2016;0.46: Doria-Rose2012;0.46: McCoy2012;0.46: Scheid2011;0.46: Wu2010,0.91597,0.686: Xu2017;0.691: Steinhardt2018;0.8: Zhang2019a;0.8060: Liu2019;0.8172: Kwon2021_dataset1;0.8172: Zhang2022_dataset1;0.848: Hraber2014;0.854: Kwon2018;0.976: Kong2016a-dataset1;1.04000: Doria-Rose2016;1.26: Doria-Rose2012;1.3: Scheid2011;1.3: Wu2010
P940_2_C3,,D,chronic,,CONGO,2007,HM068555,,Yes,P940,panel,HIV-1,D.CG.2007.P940_2_C3.HM068555,UD,>25: Wagh2018,UD,>25: Wagh2018
PG37009V2_EJ38,,C,chronic,,INDIA,2014,MZ397988,,Yes,PG37009,non-panel,HIV-1,C.IN.2014.PG37009V2_EJ38.MZ397988,0.06,0.06: Mullick2021,-,
PG37009V2_EJ58,,C,chronic,,INDIA,2014,MZ397989,,Yes,PG37009,non-panel,HIV-1,C.IN.2014.PG37009V2_EJ58.MZ397989,0.06,0.06: Mullick2021,-,
PG37009V2_EJ9,,C,chronic,,INDIA,2014,MZ397987,,Yes,PG37009,non-panel,HIV-1,C.IN.2014.PG37009V2_EJ9.MZ397987,UD,>5: Mullick2021,-,
PG37066_J1,,C,chronic,,INDIA,2014,OQ565569,,Yes,PG37066,non-panel,HIV-1,C.IN.2014.PG37066_J1.OQ565569,UD,>5: Mullick2021,-,
PG37072_J12,,C,chronic,,INDIA,2014,OQ565567,,Yes,PG37072,non-panel,HIV-1,C.IN.2014.PG37072_J12.OQ565567,0.48,0.48: Mullick2021,-,
PG37072_J16,,C,chronic,,INDIA,2014,OQ565568,,Yes,PG37072,non-panel,HIV-1,C.IN.2014.PG37072_J16.OQ565568,1.04,1.04: Mullick2021,-,
PG37080V1_J17,,C,chronic,,INDIA,2014,OQ565580,,Yes,PG37080,non-panel,HIV-1,C.IN.2014.PG37080V1_J17.OQ565580,0.14,0.14: Mullick2021,-,
PG37080_J158,,C,chronic,,INDIA,2014,OQ565579,,Yes,PG37080,non-panel,HIV-1,C.IN.2014.PG37080_J158.OQ565579,0.25,0.25: Mullick2021,-,
PG37080_J6A,,C,chronic,,INDIA,2014,OQ565581,,Yes,PG37080,non-panel,HIV-1,C.IN.2014.PG37080_J6A.OQ565581,0.06,0.06: Mullick2021,-,
PG37081_J36,,C,chronic,,INDIA,2014,OQ565570,,Yes,PG37081,non-panel,HIV-1,C.IN.2014.PG37081_J36.OQ565570,UD,>5: Mullick2021,-,
PG37087_J39,,C,chronic,,INDIA,2014,OQ565573,,Yes,PG37087,non-panel,HIV-1,C.IN.2014.PG37087_J39.OQ565573,0.06,0.06: Mullick2021,-,
PG37087_J44,,C,chronic,,INDIA,2014,OQ565574,,Yes,PG37087,non-panel,HIV-1,C.IN.2014.PG37087_J44.OQ565574,0.05,0.05: Mullick2021,-,
PG37089_J17,,C,chronic,,INDIA,2014,OQ565575,,Yes,PG37089,non-panel,HIV-1,C.IN.2014.PG37089_J17.OQ565575,0.62,0.62: Mullick2021,-,
PG37089_J20,,C,chronic,,INDIA,2014,OQ565576,,Yes,PG37089,non-panel,HIV-1,C.IN.2014.PG37089_J20.OQ565576,0.27,0.27: Mullick2021,-,
PG37089_J83,,C,chronic,,INDIA,2014,OQ565577,,Yes,PG37089,non-panel,HIV-1,C.IN.2014.PG37089_J83.OQ565577,0.26,0.26: Mullick2021,-,
PG37091_J41,,C,chronic,,INDIA,2014,OQ565578,,Yes,PG37091,non-panel,HIV-1,C.IN.2014.PG37091_J41.OQ565578,0.06,0.06: Mullick2021,-,
PG37112V2_J9,,C,chronic,,INDIA,2014,OQ565566,,Yes,PG37112,non-panel,HIV-1,C.IN.2014.PG37112V2_J9.OQ565566,UD,>5: Mullick2021,-,
PRB926_04_A9_4237,2,B,acute,,UNITED STATES,1994,EU289197,"PRB926, PRB926-04.A9.4237",Yes,PRB926,panel,HIV-1,B.US.1994.PRB926_04_A9_4237.EU289197,0.1,0.1: Wu2010,0.34,0.34: Wu2010
PVO_4,2 or 3,B,acute,CCR5,ITALY,1996,AY835444,"B3(PVO.4), NIH-ARP-11022, PAVO.04, PV0.4, PV04, PVO, PVO.04, PVO_04, PVO.04.SG3, PVO.4, PVO4, PVO clone 4, SVPB11",Yes,PVO,panel,HIV-1,B.IT.1996.PVO_4.AY835444,0.45647,0.192: Zhang2019a;0.216: Falkowska2012;0.216: Georgiev2013_dataset3;0.216: McCoy2012;0.216: Wu2010;0.216: Wu2011;0.218: Walker2011;0.22: Scheid2011;0.254: Williams2017_dataset3;0.259: Acharya2013;0.348: Kwon2015;0.35: Umotoy2019_dataset1;0.386: Doria-Rose2012;0.386: Georgiev2013_dataset1;0.386: Huang2012a;0.386: Huang2016a_dataset1;0.386: McLellan2011;0.387: Kong2016a-dataset2;0.39: Liao2013;0.443: Georgiev2013_dataset4;0.455: Kwon2018;0.479: Kwon2021_dataset1;0.491: Xu2017;0.508: Zhang2022_dataset1;0.511: Steinhardt2018;0.5400: Liu2019;0.55: Crooks2015;0.55: Doria-Rose2014;0.552: Bonsignori2016;0.552: Bricault2019_dataset2;0.56700: Doria-Rose2016;0.574: Bricault2019_dataset3;0.574: Hraber2014;0.609: Zhou2013a;0.648: Jardine2016a;0.659: Kong2016a-dataset1;0.684: Rusert2016;0.707: Bricault2019;0.707: Chuang2013;0.707: Georgiev2013_dataset2;0.707: Rudicell2014;0.8: Webb2015;1.000: Wu2018_dataset2;1.04: Qiao2016;1.04: Sun2017;1.09: Kong2016,1.33616,0.79: Zhang2019a;0.99: Doria-Rose2012;0.99: Huang2012a;0.99: Liao2013;0.99: McLellan2011;1.2: Scheid2011;1.2: Steinhardt2018;1.2: Wu2010;1.2: Wu2011;1.29: Kwon2018;1.31: Williams2017_dataset3;1.31: Xu2017;1.3200: Liu2019;1.34: Kwon2021_dataset1;1.34: Zhang2022_dataset1;1.39000: Doria-Rose2016;1.54: Hraber2014;1.64: Kong2016a-dataset1;1.98: Webb2015;2.3: Zhou2013a;3.33: Rudicell2014
Q168_A2,2,A1D,acute,,KENYA,1995,AF407148,"Q168, Q168.a2, Q168a2, Q168ENVa2",Yes,QC168,panel,HIV-1,A1D.KE.1995.Q168_A2.AF407148,0.11018,0.041: Acharya2013;0.056: Zhang2019a;0.059: Williams2017_dataset3;0.062: Xu2017;0.07: Zhou2013a;0.073: Kwon2018;0.086: Kwon2021_dataset1;0.093: Kong2016a-dataset2;0.0930: Liu2019;0.098: Bonsignori2016;0.098: Bricault2019_dataset2;0.098: Kwon2015;0.101: Steinhardt2018;0.1116: Zhang2022_dataset1;0.115: Falkowska2012;0.115: Georgiev2013_dataset3;0.115: Wu2010;0.115: Wu2011;0.124: Kong2016a-dataset1;0.12600: Doria-Rose2016;0.14: Doria-Rose2012;0.14: Georgiev2013_dataset1;0.14: Huang2012a;0.14: Huang2016a_dataset1;0.14: Kong2016;0.14: McLellan2011;0.15: Bricault2019;0.15: Chuang2013;0.15: Doria-Rose2014;0.15: Georgiev2013_dataset2;0.15: Rudicell2014;0.42: Goo2012,0.28875,0.169: Xu2017;0.209: Zhou2013a;0.215: Kwon2018;0.218: Zhang2019a;0.23: Steinhardt2018;0.2520: Liu2019;0.28400: Doria-Rose2016;0.2896: Kwon2021_dataset1;0.2896: Zhang2022_dataset1;0.302: Kong2016a-dataset1;0.351: Williams2017_dataset3;0.362: Wu2010;0.362: Wu2011;0.374: Doria-Rose2012;0.374: Huang2012a;0.374: McLellan2011;0.406: Rudicell2014
Q168_B23,1B,A1D,acute,,KENYA,1995,AF407149,"Q168.b23, Q168b23",Yes,QC168,panel,HIV-1,A1D.KE.1995.Q168_B23.AF407149,0.15969,0.15: Lynch2011;0.17: Goo2012,-,
Q23_17,1B,A1,chronic,,KENYA,1994,AF004885,"Q23, Q23.17, Q23.17.SG3, Q23ENV.17, Q23ENV17",Yes,Q23,panel,HIV-1,A1.KE.1994.Q23_17.AF004885,0.089372,0.038: Zhang2019a;0.042: Umotoy2019_dataset2;0.043: Georgiev2013_dataset4;0.046: Spencer2021;0.047: Acharya2013;0.052: Bonsignori2016;0.052: Bricault2019_dataset2;0.062: Kwon2015;0.064: Williams2017_dataset3;0.068: Sastry2023_dataset1;0.069: Kwon2018;0.07: Xu2017;0.075: Zhou2013a;0.077: Kong2016a-dataset2;0.081: Kong2016a-dataset1;0.083: Jardine2016a;0.084: Bricault2019;0.084: Chuang2013;0.084: Georgiev2013_dataset2;0.084: Rudicell2014;0.085: Falkowska2012;0.085: Georgiev2013_dataset3;0.085: McCoy2012;0.085: Wu2010;0.085: Wu2011;0.0854: Zhang2022_dataset1;0.086: Doria-Rose2012;0.086: Georgiev2013_dataset1;0.086: Huang2012a;0.086: Huang2016a_dataset1;0.086: McLellan2011;0.087: Bricault2019_dataset3;0.0870: Liu2019;0.09: Doria-Rose2014;0.09: Liao2013;0.09: Scheid2011;0.09200: Doria-Rose2016;0.092: Wagh2018;0.096: Kwon2021_dataset1;0.099: Steinhardt2018;0.118: Rusert2016;0.184: Kwon2021_dataset2;0.23: Schwarzmuller2024;0.36: Goo2012;0.36: Simonich2016_dataset2;1.1: Williams2018,0.23493,0.148: Zhang2019a;0.157: Georgiev2013_dataset4;0.191: Kwon2018;0.212: Steinhardt2018;0.217: Kong2016a-dataset1;0.2240: Liu2019;0.2422: Kwon2021_dataset1;0.2422: Zhang2022_dataset1;0.246: Xu2017;0.25: Liao2013;0.252: Doria-Rose2012;0.25200: Doria-Rose2016;0.252: Huang2012a;0.252: McLellan2011;0.252: Wagh2018;0.254: Zhou2013a;0.261: Scheid2011;0.261: Wu2010;0.261: Wu2011;0.265: Williams2017_dataset3;0.307: Rudicell2014
Q23_17_N332A,,A1,,,KENYA,1994,,,Yes,Q23,mutant,HIV-1,A1.KE.1994.Q23_17_N332A.,0.44,0.44: Simonich2016_dataset2,-,
Q259_17,2,A1,<3mo,,KENYA,1994,AF407152,"Q259, Q259.17, Q259.d2.17, Q259d2.17, Q259.D2.17, Q259_D2_17, Q259ENVd2.17",Yes,Q259,panel,HIV-1,A1.KE.1994.Q259_17.AF407152,0.072861,0.029: Umotoy2019_dataset2;0.042: Zhou2017;0.05: Liao2013;0.051: Doria-Rose2012;0.051: Georgiev2013_dataset1;0.051: Huang2012a;0.051: Huang2016a_dataset1;0.051: Kwon2015;0.051: McLellan2011;0.055: Xu2017;0.06: Doria-Rose2014;0.066: Falkowska2012;0.066: Georgiev2013_dataset3;0.067: Bricault2019;0.067: Chuang2013;0.067: Georgiev2013_dataset2;0.067: Rudicell2014;0.069: Bricault2019_dataset3;0.069: Hraber2014;0.069: Wagh2018;0.07: Kwon2018;0.07400: Doria-Rose2016;0.075: Bonsignori2016;0.075: Bricault2019_dataset2;0.077: Kwon2021_dataset1;0.084: Kong2016a-dataset1;0.085: Steinhardt2018;0.0856: Zhang2022_dataset1;0.0910: Liu2019;0.114: Zhang2019a;0.17: McCoy2012;0.17: Scheid2011;0.18: Kong2016;0.28: Goo2012,0.2706,0.201: Zhou2017;0.202: Xu2017;0.23: Hraber2014;0.23: Wagh2018;0.232: Kong2016a-dataset1;0.242: Steinhardt2018;0.25: Liao2013;0.25: Rudicell2014;0.25100: Doria-Rose2016;0.252: Doria-Rose2012;0.252: Huang2012a;0.252: McLellan2011;0.254: Kwon2018;0.2986: Kwon2021_dataset1;0.2986: Zhang2022_dataset1;0.3620: Liu2019;0.449: Zhang2019a;0.543: Scheid2011
Q259_D2_26,2,A1,<3mo,,KENYA,1994,AF407153,"Q259.d2.26, Q259d2.26",Yes,Q259,non-panel,HIV-1,A1.KE.1994.Q259_D2_26.AF407153,0.43,0.43: Goo2012,-,
Q259_W6,,A1,<3mo,,KENYA,1994,AF407151,"Q259env.w6, Q259.w6",Yes,Q259,panel,HIV-1,A1.KE.1994.Q259_W6.AF407151,0.19528,0.17: Doria-Rose2012;0.17: Falkowska2012;0.17: Wu2010;0.17: Wu2011;0.34: Goo2012,0.543,0.543: Doria-Rose2012;0.543: Wu2010;0.543: Wu2011
Q461_C2,,A1,acute,,KENYA,1995,AF407154,Q461c2,Yes,Q461,non-panel,HIV-1,A1.KE.1995.Q461_C2.AF407154,0.45,0.45: Goo2012,-,
Q461_D1_PNS0D,1B,A1,acute,,KENYA,1995,AF407155,"Q461.d1, Q461d1",Yes,Q461,panel,HIV-1,A1.KE.1995.Q461_D1_PNS0D.AF407155,0.29,0.29: Goo2012;0.29: Lynch2011,-,
Q461_E2,2,A1,acute,,KENYA,1995,AF407156,"Q461, Q461.e2, Q461e2, Q461ENVe2",Yes,Q461,panel,HIV-1,A1.KE.1995.Q461_E2.AF407156,0.44827,0.195: Zhang2019a;0.27: Umotoy2019_dataset2;0.339: Bricault2019;0.339: Chuang2013;0.339: Georgiev2013_dataset2;0.339: Rudicell2014;0.349: Kwon2015;0.38: Doria-Rose2014;0.41: Doria-Rose2012;0.41: Georgiev2013_dataset1;0.41: Huang2012a;0.41: Huang2016a_dataset1;0.41: McLellan2011;0.42: Steinhardt2018;0.425: Jardine2016a;0.435: Bricault2019_dataset3;0.435: Hraber2014;0.435: Wagh2018;0.477: Kwon2018;0.486: Kong2016a-dataset1;0.49: Scheid2011;0.492: Falkowska2012;0.492: Georgiev2013_dataset3;0.492: McCoy2012;0.492: Wu2010;0.492: Wu2011;0.497: Bonsignori2016;0.497: Bricault2019_dataset2;0.515: Kwon2021_dataset1;0.56900: Doria-Rose2016;0.58: Goo2012;0.607: Zhou2017;0.6110: Liu2019;0.65: Kong2016;0.716: Xu2017;0.766: Zhang2022_dataset1,1.53034,0.776: Zhang2019a;1.02: Steinhardt2018;1.25: Kong2016a-dataset1;1.29: Hraber2014;1.29: Wagh2018;1.31: Doria-Rose2012;1.31: Huang2012a;1.31: McLellan2011;1.54000: Doria-Rose2016;1.54: Kwon2018;1.6: Scheid2011;1.6: Wu2010;1.6: Wu2011;1.63: Rudicell2014;1.81: Zhou2017;1.9500: Liu2019;2.27: Xu2017;2.628: Kwon2021_dataset1;2.628: Zhang2022_dataset1
Q769_B9_PNS79D,2,A1,<3mo,,KENYA,1996,AF407157,"Q769b9, Q769.B9",Yes,Q769,non-panel,HIV-1,A1.KE.1996.Q769_B9_PNS79D.AF407157,0.17,0.17: Goo2012,-,
Q769_D22,2,A1,<3mo,,KENYA,1996,AF407158,"Q769, Q769.d22, Q769d22, Q769ENVd22",Yes,Q769,panel,HIV-1,A1.KE.1996.Q769_D22.AF407158,0.030406,0.01: Doria-Rose2014;0.012: Bricault2019;0.012: Chuang2013;0.012: Crooks2015;0.012: Rudicell2014;0.015: Doria-Rose2012;0.015: Huang2012a;0.015: Huang2016a_dataset1;0.015: McLellan2011;0.019: Umotoy2019_dataset2;0.02: Liao2013;0.024: Kwon2015;0.025: Zhang2019a;0.031: Xu2017;0.034: Kong2016a-dataset1;0.035: Bonsignori2016;0.035: Bricault2019_dataset2;0.035: Kwon2018;0.036: Steinhardt2018;0.03800: Doria-Rose2016;0.0380: Liu2019;0.0418: Zhang2022_dataset1;0.043: Bricault2019_dataset3;0.043: Hraber2014;0.043: Wagh2018;0.052: Jardine2016a;0.052: Kwon2021_dataset1;0.08: Scheid2011;0.084: McCoy2012;0.12: Kong2016;0.23: Goo2012,0.10574,0.07: Liao2013;0.074: Doria-Rose2012;0.074: Huang2012a;0.074: McLellan2011;0.092: Zhang2019a;0.093: Xu2017;0.095: Kong2016a-dataset1;0.098: Steinhardt2018;0.10300: Doria-Rose2016;0.105: Kwon2018;0.111: Rudicell2014;0.1184: Kwon2021_dataset1;0.1184: Zhang2022_dataset1;0.13: Hraber2014;0.13: Wagh2018;0.1390: Liu2019;0.289: Scheid2011
Q769_H5,,A1,<3mo,,KENYA,1996,AF407159,"Q765env.h5, Q765.h5, Q769.ENV H, Q769.h5, Q769h5, Q769.h55",Yes,Q769,panel,HIV-1,A1.KE.1996.Q769_H5.AF407159,0.042361,0.005: Williams2017_dataset3;0.014: Doria-Rose2012;0.014: Georgiev2013_dataset1;0.014: Huang2012a;0.014: Huang2016a_dataset1;0.014: McLellan2011;0.02: Crooks2015;0.026: Chuang2013;0.026: Georgiev2013_dataset2;0.026: Rudicell2014;0.045: Xu2017;0.055: Kwon2018;0.058: Kwon2021_dataset1;0.06: Kong2016a-dataset1;0.062: Bonsignori2016;0.062: Bricault2019_dataset2;0.062: Kong2016a-dataset2;0.0650: Liu2019;0.0654: Zhang2022_dataset1;0.072: Steinhardt2018;0.084: Falkowska2012;0.084: Georgiev2013_dataset3;0.084: Wu2010;0.084: Wu2011;0.165: Rusert2016;0.41: Goo2012,0.13415,0.046: Williams2017_dataset3;0.07: Doria-Rose2012;0.07: Huang2012a;0.07: McLellan2011;0.133: Xu2017;0.145: Steinhardt2018;0.151: Kwon2018;0.1650: Liu2019;0.172: Kong2016a-dataset1;0.174: Rudicell2014;0.1796: Kwon2021_dataset1;0.1796: Zhang2022_dataset1;0.289: Wu2010;0.289: Wu2011
Q842_D12,2,A1,<3mo,CCR5,KENYA,1994,AF407160,"842.d12, Q842, Q842.d12, Q842d12, Q842_d12_PNS70d, Q842ENVd12",Yes,Q842,panel,HIV-1,A1.KE.1994.Q842_D12.AF407160,0.023596,0.006: Doria-Rose2012;0.006: Georgiev2013_dataset1;0.006: Huang2012a;0.006: Huang2016a_dataset1;0.006: McLellan2011;0.01: Doria-Rose2014;0.01: Liao2013;0.013: Bricault2019;0.013: Chuang2013;0.013: Georgiev2013_dataset2;0.013: Rudicell2014;0.014: Acharya2013;0.017: Georgiev2013_dataset4;0.021: Xu2017;0.027: Kong2016a-dataset1;0.028: Kwon2015;0.029: Kwon2021_dataset1;0.0290: Liu2019;0.03: Falkowska2012;0.03: Georgiev2013_dataset3;0.03: Scheid2011;0.03: Wu2010;0.03: Wu2011;0.031: Zhou2013a;0.0336: Zhang2022_dataset1;0.034: Steinhardt2018;0.03600: Doria-Rose2016;0.037: Kwon2018;0.038: Bonsignori2016;0.038: Bricault2019_dataset2;0.043: Bricault2019_dataset3;0.043: Hraber2014;0.043: Wagh2018;0.0574: Rusert2016;0.09: Kong2016;0.1: Schwarzmuller2024;0.13: Goo2012;>100: Umotoy2019_dataset2,0.065165,0.02: Doria-Rose2012;0.02: Huang2012a;0.02: Liao2013;0.02: McLellan2011;0.057: Georgiev2013_dataset4;0.066: Xu2017;0.072: Rudicell2014;0.075: Steinhardt2018;0.083: Kwon2018;0.08900: Doria-Rose2016;0.0892: Kwon2021_dataset1;0.0892: Zhang2022_dataset1;0.0930: Liu2019;0.096: Scheid2011;0.096: Wu2010;0.096: Wu2011;0.1: Kong2016a-dataset1;0.104: Zhou2013a;0.108: Hraber2014;0.108: Wagh2018
Q842_D14,,A1,<3mo,CCR5,KENYA,1994,AF407161,"Q842d14, Q842env.d14",Yes,Q842,non-panel,HIV-1,A1.KE.1994.Q842_D14.AF407161,0.37,0.37: Goo2012,-,
Q842_D16,2,A1,<3mo,CCR5,KENYA,1994,AF407162,"Q842.d16, Q842d16, Q842env.d16",Yes,Q842,panel,HIV-1,A1.KE.1994.Q842_D16.AF407162,0.51498,0.51: Lynch2011;0.52: Goo2012,-,
QA013_70I_H1,,D,<3mo,,KENYA,1995,FJ866134,QA013.70I.ENV.H1,Yes,QA013,non-panel,HIV-1,D.KE.1995.QA013_70I_H1.FJ866134,0.81,0.81: Goo2012,-,
QA013_70I_M12,,D,<3mo,,KENYA,1995,FJ866135,QA013.70I.ENV.M12,Yes,QA013,non-panel,HIV-1,D.KE.1995.QA013_70I_M12.FJ866135,UD,>1: Goo2012,-,
QA255_21P_A15,,A1,<3mo,,KENYA,1997,MW383929,QA255.21P.ENV.A15,Yes,QA255,non-panel,HIV-1,A1.KE.1997.QA255_21P_A15.MW383929,0.82,0.82: Goo2012,-,
QA465_59M_A1,,D,<3mo,,KENYA,1993,FJ866136,QA465.59M.ENV.A1,Yes,QA465,non-panel,HIV-1,D.KE.1993.QA465_59M_A1.FJ866136,UD,>1: Goo2012,-,
QA465_59M_D1,,D,<3mo,,KENYA,1993,FJ866137,QA465.59M.ENV.D1,Yes,QA465,non-panel,HIV-1,D.KE.1993.QA465_59M_D1.FJ866137,UD,>1: Goo2012,-,
QA790_204I_A4,,A1D,chronic,,KENYA,1996,FJ866124,QA790.204I.ENV.A4,Yes,QA790,non-panel,HIV-1,A1D.KE.1996.QA790_204I_A4.FJ866124,0.06,0.06: Goo2012,-,
QA790_204I_C1,,A1D,chronic,,KENYA,1996,FJ866125,"QA790.2041.c1, QA790.2041.ENV.C1, QA790.204I.ENV.C1",Yes,QA790,non-panel,HIV-1,A1D.KE.1996.QA790_204I_C1.FJ866125,0.05,0.05: Goo2012,-,
QA790_204I_C8,,A1D,chronic,,KENYA,1996,FJ866126,"QA790.2041.ENV.C8, QA790.204I.ENV.C8",Yes,QA790,non-panel,HIV-1,A1D.KE.1996.QA790_204I_C8.FJ866126,0.12,0.12: Goo2012,-,
QA790_204I_E2,,A1D,chronic,,KENYA,1996,FJ866127,"QA790.2041.ENV.E2, QA790.204I.ENV.E2",Yes,QA790,non-panel,HIV-1,A1D.KE.1996.QA790_204I_E2.FJ866127,0.11,0.11: Goo2012,-,
QB099_391M_B1,,C,chronic,,KENYA,1995,FJ866131,QB099.391M.ENV.B1,Yes,QB099,non-panel,HIV-1,C.KE.1995.QB099_391M_B1.FJ866131,0.43,0.43: Goo2012,-,
QB099_391M_C8,,C,chronic,,KENYA,1995,FJ866132,QB099.391M.ENV.C8,Yes,QB099,non-panel,HIV-1,C.KE.1995.QB099_391M_C8.FJ866132,0.15,0.15: Goo2012,-,
QB726_70M_B3,,A1,<3mo,,KENYA,1996,FJ866111,QB726.70M.ENV.B3,Yes,QB726,non-panel,HIV-1,A1.KE.1996.QB726_70M_B3.FJ866111,0.72,0.72: Goo2012,-,
QB857_110I_B3,2,D,chronic,,KENYA,1997,FJ866138,"QB857.110I.ENV.B3, QB857.B3",Yes,QB857,non-panel,HIV-1,D.KE.1997.QB857_110I_B3.FJ866138,UD,>1: Goo2012,-,
QC406_70M_F3,2,C,<3mo,,KENYA,1997,FJ866133,"QC406.70M.ENV.F3, QC406 envF3, QC406.F3",Yes,QC406,non-panel,HIV-1,C.KE.1997.QC406_70M_F3.FJ866133,UD,>1: Goo2012,-,
QD435_100M_A4,2,D,<12mo,,KENYA,1999,FJ866139,"DQ435, QD435, QD435.100M-a4, QD435.100M.ENV.A4, QD435.A4",Yes,QD435,panel,HIV-1,D.KE.1999.QD435_100M_A4.FJ866139,0.35496,0.35: Goo2012;0.36: Lynch2011,-,
QD435_100M_B5,,D,<12mo,,KENYA,1999,FJ866140,QD435.100M.ENV.B5,Yes,QD435,non-panel,HIV-1,D.KE.1999.QD435_100M_B5.FJ866140,0.51,0.51: Goo2012,-,
QD435_100M_E1,,D,<12mo,,KENYA,1999,FJ866141,QD435.100M.ENV.E1,Yes,QD435,non-panel,HIV-1,D.KE.1999.QD435_100M_E1.FJ866141,0.59,0.59: Goo2012,-,
QF495_23M_A1,,A1,acute,,KENYA,2005,FJ866113,QF495.23M.ENV.A1,Yes,QF495,non-panel,HIV-1,A1.KE.2005.QF495_23M_A1.FJ866113,UD,>1: Goo2012,-,
QF495_23M_A3,,A1,acute,,KENYA,2005,FJ866114,QF495.23M.ENV.A3,Yes,QF495,non-panel,HIV-1,A1.KE.2005.QF495_23M_A3.FJ866114,UD,>1: Goo2012,-,
QF495_23M_B2,,A1,acute,,KENYA,2005,FJ866115,QF495.23M.ENV.B2,Yes,QF495,non-panel,HIV-1,A1.KE.2005.QF495_23M_B2.FJ866115,UD,>1: Goo2012,-,
QF495_23M_D1,,A1,acute,,KENYA,2005,FJ866116,QF495.23M.ENV.D1,Yes,QF495,non-panel,HIV-1,A1.KE.2005.QF495_23M_D1.FJ866116,UD,>1: Goo2012,-,
QG393_60M_A1,,21_A2D,<3mo,,KENYA,2004,FJ866128,QG393.60M.ENV.A1,Yes,QG393,non-panel,HIV-1,21_A2D.KE.2004.QG393_60M_A1.FJ866128,0.04,0.04: Goo2012,-,
QG393_60M_B7,,21_A2D,<3mo,,KENYA,2004,FJ866129,QG393.60M.ENV.B7,Yes,QG393,non-panel,HIV-1,21_A2D.KE.2004.QG393_60M_B7.FJ866129,0.06,0.06: Goo2012,-,
QG393_60M_B8,,21_A2D,<3mo,,KENYA,2004,FJ866130,QG393.60M.ENV.B8,Yes,QG393,non-panel,HIV-1,21_A2D.KE.2004.QG393_60M_B8.FJ866130,0.03,0.03: Goo2012,-,
QG984_21M_A3,,A1,acute,,KENYA,2004,FJ866117,QG984.21M.ENV.A3,Yes,QG984,non-panel,HIV-1,A1.KE.2004.QG984_21M_A3.FJ866117,0.1,0.1: Goo2012,-,
QH0515_1,2,B,<3mo,CCR5,TRINIDAD AND TOBAGO,1994,AY835440,"QH0515, QH0515.01, QH0515_01, QH0515.1, QHO515, SVPB7",Yes,SC24,panel,HIV-1,B.TT.1994.QH0515_1.AY835440,0.74239,0.23: Crooks2015;0.386: Falkowska2012;0.386: Georgiev2013_dataset3;0.386: Wu2010;0.386: Wu2011;0.52: Georgiev2013_dataset1;0.52: Huang2012a;0.52: Liao2013;0.52: McLellan2011;0.523: Doria-Rose2012;0.523: Georgiev2013_dataset4;0.523: Huang2016a_dataset1;0.624: Xu2017;0.987: Kwon2021_dataset1;0.997: Bricault2019;0.997: Chuang2013;0.997: Georgiev2013_dataset2;0.997: Rudicell2014;1: Webb2015;1.01: Steinhardt2018;1.148: Zhang2022_dataset1;1.15: Kwon2015;1.17: Kwon2018;1.2200: Liu2019;1.31000: Doria-Rose2016;1.43: Bonsignori2016;1.43: Bricault2019_dataset2;1.44: Kong2016a-dataset1,3.32501,2.42: Xu2017;2.65: Webb2015;2.85: Steinhardt2018;2.9: Wu2010;2.9: Wu2011;2.99: Kwon2018;3.41: Kong2016a-dataset1;3.4100: Liu2019;3.478: Kwon2021_dataset1;3.478: Zhang2022_dataset1;3.56000: Doria-Rose2016;3.66: Doria-Rose2012;3.66: Georgiev2013_dataset4;3.66: Huang2012a;3.66: Liao2013;3.66: McLellan2011;4.91: Rudicell2014
QH0692_42,2,B,acute,CCR5,TRINIDAD AND TOBAGO,1994,AY835439,"NIH-ARP-11018, QH0692, QH0692.42, QH0692.42.SG3, QH0692 clone 42, QH0692_M, QHO692, QHO692_0.42, QHO692.42, SVPB6",Yes,SC33,panel,HIV-1,B.TT.1994.QH0692_42.AY835439,1.38289,0.023: Spencer2021;0.575: Xu2017;1: Crooks2015;1.13: Webb2015;1.14: Kwon2015;1.16: Doria-Rose2012;1.16: Georgiev2013_dataset1;1.16: Huang2012a;1.16: Huang2016a_dataset1;1.16: Liao2013;1.16: McLellan2011;1.194: Walker2011;1.37: Bonsignori2016;1.37: Bricault2019_dataset2;1.46: Jardine2016a;1.5: Doria-Rose2014;1.5: Falkowska2012;1.5: Georgiev2013_dataset3;1.5: McCoy2012;1.5: Scheid2011;1.5: Wu2010;1.5: Wu2011;1.54: Kong2016a-dataset1;1.54: Steinhardt2018;1.584: Zhang2022_dataset1;1.64: Kwon2018;1.66: Bricault2019_dataset3;1.66: Hraber2014;1.72: Kong2016;1.84: Bricault2019;1.84: Chuang2013;1.84: Georgiev2013_dataset2;1.84: Rudicell2014;1.84: Umotoy2019_dataset1;1.96000: Doria-Rose2016;1.96: Zhang2019a;2.03: Kwon2021_dataset1;2.2400: Liu2019;3.96: Rusert2016;4.33: Kwon2021_dataset2,4.20669,2.9: Webb2015;3: Doria-Rose2012;3: Huang2012a;3: Liao2013;3: McLellan2011;3.04: Xu2017;3.96: Hraber2014;3.98: Steinhardt2018;4.286: Kwon2021_dataset1;4.286: Zhang2022_dataset1;4.29: Kong2016a-dataset1;4.64: Kwon2018;4.8: Scheid2011;4.8: Wu2010;4.8: Wu2011;5.16000: Doria-Rose2016;5.9600: Liu2019;6.45: Rudicell2014;7.93: Zhang2019a
QH209_14M_A2,,A1,acute,,KENYA,2005,FJ866118,"QH029.14M.A2, QH209, QH209.14M.A2, QH209.14M.ENV.A2, QH209_14M_ENV_A2",Yes,QH209,panel,HIV-1,A1.KE.2005.QH209_14M_A2.FJ866118,0.029838,0.008: Bricault2019;0.008: Chuang2013;0.008: Rudicell2014;0.019: Xu2017;0.02: Liao2013;0.024: Doria-Rose2012;0.024: Huang2012a;0.024: McLellan2011;0.024: Wu2011;0.0243: Huang2016a_dataset1;0.026: Steinhardt2018;0.04: Kwon2015;0.042: Kwon2018;0.04300: Doria-Rose2016;0.043: Kong2016a-dataset1;0.0456: Zhang2022_dataset1;0.0480: Liu2019;0.055: Kwon2021_dataset1;0.06: Bonsignori2016;0.06: Bricault2019_dataset2;0.17: Goo2012,0.092651,0.055: Rudicell2014;0.078: Doria-Rose2012;0.078: Huang2012a;0.078: McLellan2011;0.078: Wu2011;0.08: Liao2013;0.083: Xu2017;0.094: Steinhardt2018;0.107: Kwon2018;0.11600: Doria-Rose2016;0.1190: Liu2019;0.121: Kwon2021_dataset1;0.121: Zhang2022_dataset1;0.125: Kong2016a-dataset1
QH343_21M_A10,,A1,acute,,KENYA,2005,FJ866119,QH343.21M.ENV.A10,Yes,QH343,non-panel,HIV-1,A1.KE.2005.QH343_21M_A10.FJ866119,UD,>1: Goo2012,-,
QH343_21M_B5,,A1,acute,,KENYA,2005,FJ866120,QH343.21M.ENV.B5,Yes,QH343,non-panel,HIV-1,A1.KE.2005.QH343_21M_B5.FJ866120,UD,>1: Goo2012,-,
QH359_21M_C1,,A1,acute,,KENYA,2005,FJ866121,QH359.21M.ENV.C1,Yes,QH359,non-panel,HIV-1,A1.KE.2005.QH359_21M_C1.FJ866121,UD,>1: Goo2012,-,
QH359_21M_D1,,A1,acute,,KENYA,2005,FJ866122,QH359.21M.ENV.D1,Yes,QH359,non-panel,HIV-1,A1.KE.2005.QH359_21M_D1.FJ866122,UD,>1: Goo2012,-,
R1166_C1,2,01_AE,<12mo,,THAILAND,1998,JQ352783,"R1166, R1166.c01, R1166_C01, R1166.c1, R1166rsga, R1166rsga_c1",Yes,R1166,panel,HIV-1,01_AE.TH.1998.R1166_C1.JQ352783,1.6274,0.39: Umotoy2019_dataset2;0.488: Zhang2019a;0.885: Kwon2018;0.887: Kwon2021_dataset1;0.9166: Zhang2022_dataset1;1.0200: Liu2019;1.7: Scheid2011;1.7: Wu2010;1.7: Wu2011;1.77: Huang2012a;1.77: McLellan2011;1.77365: Huang2016a_dataset1;1.774: Doria-Rose2012;1.8: McCoy2012;1.87: Bricault2019;1.87: Chuang2013;1.87: Rudicell2014;1.92: Kwon2015;2.02: Xu2017;2.09: Steinhardt2018;2.5: Kong2016a-dataset1;2.63: Bricault2019_dataset3;2.63: Hraber2014;3: Bonsignori2016;3: Bricault2019_dataset2;3.14: Doria-Rose2016,4.69524,1.95: Zhang2019a;2.98: Kwon2018;3.0100: Liu2019;3.028: Kwon2021_dataset1;3.028: Zhang2022_dataset1;4.6: Scheid2011;4.6: Wu2010;4.6: Wu2011;5.39: Steinhardt2018;6.08: Kong2016a-dataset1;6.12: Xu2017;6.5: Rudicell2014;7.05: Huang2012a;7.05: McLellan2011;7.053: Doria-Rose2012;7.82: Doria-Rose2016
R18553,2,A1,<12mo,,RWANDA,2007,HM215434,,Yes,R463F,panel,HIV-1,A1.RW.2007.R18553.HM215434,0.291,0.291: Wagh2018,0.995,0.995: Wagh2018
R2,,B,chronic,CCR5,UNITED STATES,1989,AF128126,,Yes,R2,panel,HIV-1,B.US.1989.R2.AF128126,0.21429,0.198: Falkowska2012;0.198: Wu2010;0.251: Doria-Rose2012,1.16986,0.931: Wu2010;1.47: Doria-Rose2012
R2184_C4,2,01_AE,<12mo,CCR5,THAILAND,2001,JN944665,"R2184, R2184.c04, R2184_C04, R2184.c4, R2184rsga4, R2184rsga_c4",Yes,R2184,panel,HIV-1,01_AE.TH.2001.R2184_C4.JN944665,0.08116,0.024: Umotoy2019_dataset2;0.052: Doria-Rose2012;0.052: Huang2012a;0.052: Huang2016a_dataset1;0.052: McLellan2011;0.061: Jardine2016a;0.068: Bricault2019;0.068: Chuang2013;0.068: Rudicell2014;0.072: Kwon2015;0.08: McCoy2012;0.08: Scheid2011;0.08: Wu2010;0.08: Wu2011;0.093: Bricault2019_dataset3;0.093: Hraber2014;0.094: Xu2017;0.095: Kwon2021_dataset1;0.103: Zhang2019a;0.1040: Liu2019;0.1056: Zhang2022_dataset1;0.106: Steinhardt2018;0.109: Kwon2018;0.117: Kong2016a-dataset1;0.133: Bonsignori2016;0.133: Bricault2019_dataset2;0.172: Doria-Rose2016,0.32999,0.237: Doria-Rose2012;0.237: Huang2012a;0.237: McLellan2011;0.288: Steinhardt2018;0.311: Kwon2018;0.32: Scheid2011;0.32: Wu2010;0.32: Wu2011;0.351: Xu2017;0.3726: Kwon2021_dataset1;0.3726: Zhang2022_dataset1;0.3890: Liu2019;0.393: Rudicell2014;0.404: Kong2016a-dataset1;0.407: Doria-Rose2016;0.413: Zhang2019a
R3265_C6,2,01_AE,chronic,,THAILAND,1999,JX512903,"R3265.c06, R3265_C06, R3265.c6, R3265rsga, R3265rsga_c6",Yes,R3265,panel,HIV-1,01_AE.TH.1999.R3265_C6.JX512903,0.34185,0.054: Bricault2019;0.054: Chuang2013;0.054: Rudicell2014;0.126: Zhang2019a;0.147: Kong2016a-dataset1;0.17: Umotoy2019_dataset2;0.326: Jardine2016a;0.38: McCoy2012;0.382: Steinhardt2018;0.45: Scheid2011;0.45: Wu2010;0.45: Wu2011;0.454: Kwon2018;0.4740: Liu2019;0.486: Bricault2019_dataset3;0.5638: Zhang2022_dataset1;0.594: Xu2017;0.602: Kwon2021_dataset1;0.71: Bonsignori2016;0.71: Bricault2019_dataset2;0.731: Doria-Rose2012;0.731: Huang2012a;0.731: Huang2016a_dataset1;0.731: McLellan2011,1.94892,0.502: Zhang2019a;1.36: Rudicell2014;1.41: Steinhardt2018;1.7200: Liu2019;1.784: Kwon2021_dataset1;1.784: Zhang2022_dataset1;1.85: Kwon2018;1.9: Scheid2011;1.9: Wu2010;1.9: Wu2011;2: Xu2017;2.12: Kong2016a-dataset1;4.28: Doria-Rose2012;4.28: Huang2012a;4.28: McLellan2011
R880F,,A1,<3mo,,RWANDA,2007,JX236678,R880F.Env,Yes,R880F,panel,HIV-1,A1.RW.2007.R880F.JX236678,0.121,0.121: Wagh2018,0.341,0.341: Wagh2018
REJO4541_67,2,B,acute,CCR5,UNITED STATES,2001,AY835449,"NIH-ARP-11035, pREJO4541, REJ04541.67, REJO, REJO4541, REJO4541.67, REJO4541 clone 67, REJO.67, REJO_67, SVPB16",Yes,REJO4541,panel,HIV-1,B.US.2001.REJO4541_67.AY835449,0.071346,0.01: Crooks2015;0.034: Jardine2016a;0.043: Spencer2021;0.045: Doria-Rose2012;0.045: Georgiev2013_dataset1;0.045: Georgiev2013_dataset4;0.045: Huang2012a;0.045: Huang2016a_dataset1;0.045: McLellan2011;0.046: Bricault2019;0.046: Chuang2013;0.046: Georgiev2013_dataset2;0.046: Rudicell2014;0.05: Doria-Rose2014;0.05: Liao2013;0.06: Scheid2011;0.062: Falkowska2012;0.062: Georgiev2013_dataset3;0.062: McCoy2012;0.062: Wu2010;0.062: Wu2011;0.071: Bricault2019_dataset3;0.071: Hraber2014;0.0710: Liu2019;0.075: Steinhardt2018;0.083: Kwon2015;0.083: Xu2017;0.086: Kwon2021_dataset1;0.088: Kong2016a-dataset1;0.09: Umotoy2019_dataset1;0.103: Kwon2018;0.103: Zhang2022_dataset1;0.106: Zhang2019a;0.11: Qiao2016;0.11: Sun2017;0.113: Bonsignori2016;0.113: Bricault2019_dataset2;0.11600: Doria-Rose2016;0.296: Rusert2016;0.34: Kong2016;0.51: Schwarzmuller2024,0.2454,0.18: Steinhardt2018;0.207: Doria-Rose2012;0.207: Georgiev2013_dataset4;0.207: Huang2012a;0.207: McLellan2011;0.21: Liao2013;0.221: Rudicell2014;0.227: Hraber2014;0.23: Kong2016a-dataset1;0.246: Xu2017;0.251: Scheid2011;0.251: Wu2010;0.251: Wu2011;0.2866: Kwon2021_dataset1;0.2866: Zhang2022_dataset1;0.2870: Liu2019;0.289: Kwon2018;0.29100: Doria-Rose2016;0.414: Zhang2019a
RHPA4259_7,2,B,<12mo,CCR5,UNITED STATES,2000,AY835447,"NIH-ARP-11036, pRHPA4259, RHPA, RHPA4, RHPA4259, RHPA4259.7, RHPA4259 clone 7, RHPA4.7, RHPA.7, RHPA_7, SVPB14",Yes,RHPA4259,panel,HIV-1,B.US.2000.RHPA4259_7.AY835447,0.047297,0.01: Pace2013;0.019: Crooks2015;0.032: Bricault2019_dataset3;0.032: Hraber2014;0.033: Wiehe2018;0.034: Steinhardt2018;0.035: Zhang2019a;0.04: Umotoy2019_dataset1;0.043: Jardine2016a;0.045: Bricault2019;0.045: Chuang2013;0.045: Georgiev2013_dataset2;0.045: Rudicell2014;0.047: Doria-Rose2012;0.047: Georgiev2013_dataset1;0.047: Georgiev2013_dataset4;0.047: Huang2012a;0.047: Huang2016a_dataset1;0.047: McLellan2011;0.0496: Rusert2016;0.05: Doria-Rose2014;0.05: Kwon2021_dataset1;0.05: Liao2013;0.05: Qiao2016;0.05: Sun2017;0.051: Bonsignori2016;0.051: Bricault2019_dataset2;0.0530: Liu2019;0.056: Xu2017;0.06: Falkowska2012;0.06: Georgiev2013_dataset3;0.06: McCoy2012;0.06: Scheid2011;0.06: Wu2010;0.06: Wu2011;0.062: Kong2016a-dataset1;0.063: Kwon2018;0.0636: Zhang2022_dataset1;0.06600: Doria-Rose2016;0.073: Kwon2015;0.12: Kong2016,0.1571,0.112: Steinhardt2018;0.137: Hraber2014;0.137: Zhang2019a;0.144: Xu2017;0.1480: Liu2019;0.155: Doria-Rose2012;0.155: Georgiev2013_dataset4;0.155: Huang2012a;0.155: McLellan2011;0.157: Kong2016a-dataset1;0.16: Liao2013;0.16200: Doria-Rose2016;0.163: Kwon2018;0.1648: Kwon2021_dataset1;0.1648: Zhang2022_dataset1;0.181: Rudicell2014;0.185: Scheid2011;0.185: Wu2010;0.185: Wu2011
S018_18,,C,<12mo,,MALAWI,,,"S018, S018.18, SO18.18, SO18_18",Yes,,panel,HIV-1,C.MW..S018_18.,0.058974,0.0250: Liu2019;0.0408: Zhang2022_dataset1;0.049: Acharya2013;0.051: Georgiev2013_dataset4;0.052: Bricault2019;0.052: Chuang2013;0.052: Georgiev2013_dataset2;0.052: Rudicell2014;0.052: Steinhardt2018;0.052: Xu2017;0.054: Kwon2015;0.058: Bonsignori2016;0.058: Bricault2019_dataset2;0.058: Kwon2018;0.059: Kwon2021_dataset1;0.06600: Doria-Rose2016;0.066: Kong2016a-dataset1;0.069: Falkowska2012;0.069: Georgiev2013_dataset3;0.069: Wu2010;0.069: Wu2011;0.07: Liao2013;0.071: Doria-Rose2012;0.071: Georgiev2013_dataset1;0.071: Huang2012a;0.071: Huang2016a_dataset1;0.071: McLellan2011;0.097: Zhou2013a,0.14927,0.0820: Liu2019;0.085: Steinhardt2018;0.1162: Kwon2021_dataset1;0.1162: Zhang2022_dataset1;0.135: Xu2017;0.14500: Doria-Rose2016;0.148: Kwon2018;0.166: Doria-Rose2012;0.166: Huang2012a;0.166: McLellan2011;0.17: Liao2013;0.178: Wu2010;0.178: Wu2011;0.18: Kong2016a-dataset1;0.205: Rudicell2014;0.245: Zhou2013a
SC05_8C11_2344,2,B,acute T/F,CCR5,TRINIDAD AND TOBAGO,1993,EU289200,"SC05, SC05.8C11.2344",Yes,SC05,panel,HIV-1,B.TT.1993.SC05_8C11_2344.EU289200,0.54625,0.473: Bricault2019_dataset3;0.473: Hraber2014;0.49: Umotoy2019_dataset2;0.508: Zhang2019a;0.543: Jardine2016a;0.64: Doria-Rose2012;0.64: Scheid2011;0.64: Wu2010,1.82919,1.5: Hraber2014;1.9: Scheid2011;1.9: Wu2010;1.91: Doria-Rose2012;1.98: Zhang2019a
SC11_59,2,07_BC,,CCR5,CHINA,,HQ326127,SC11-59,Yes,,panel,HIV-1,07_BC.CN..SC11_59.HQ326127,2.7,2.7: Nie2020,-,
SC12_10,2,08_BC,,,CHINA,,MN617366,SC12.10,Yes,,panel,HIV-1,08_BC.CN..SC12_10.MN617366,0.28,0.28: Nie2020,-,
SC12_EC10,,02_AG,chronic,CCR5,NIGERIA,2006,PQ203499,SC12_env10_F6,Yes,SC12,non-panel,HIV-1,02_AG.NG.2006.SC12_EC10.PQ203499,0.15,0.15: Wieczorek2024,-,
SC12_EC4,,02_AG,chronic,CCR5,NIGERIA,2006,PQ203494,SC12_env04_A1,Yes,SC12,non-panel,HIV-1,02_AG.NG.2006.SC12_EC4.PQ203494,0.09,0.09: Wieczorek2024,-,
SC12_EC5,,02_AG,chronic,CCR5,NIGERIA,2006,PQ203495,SC12_env05_C8,Yes,SC12,non-panel,HIV-1,02_AG.NG.2006.SC12_EC5.PQ203495,0.08,0.08: Wieczorek2024,-,
SC12_EC6,,02_AG,chronic,CCR5,NIGERIA,2006,PQ203496,SC12_env06_F1,Yes,SC12,non-panel,HIV-1,02_AG.NG.2006.SC12_EC6.PQ203496,0.03,0.03: Wieczorek2024,-,
SC12_EC8,,02_AG,chronic,CCR5,NIGERIA,2006,PQ203497,SC12_env08_G1,Yes,SC12,non-panel,HIV-1,02_AG.NG.2006.SC12_EC8.PQ203497,0.18,0.18: Wieczorek2024,-,
SC12_EC9,,02_AG,chronic,CCR5,NIGERIA,2006,PQ203498,SC12_env09_G4,Yes,SC12,non-panel,HIV-1,02_AG.NG.2006.SC12_EC9.PQ203498,0.23,0.23: Wieczorek2024,-,
SC13_EC03,,G,chronic,CCR5,NIGERIA,2007,PQ203500,SC13.ec03,Yes,SC13,non-panel,HIV-1,G.NG.2007.SC13_EC03.PQ203500,0.53,0.53: Wieczorek2024,-,
SC13_EC13,,G,chronic,CCR5,NIGERIA,2007,PQ203501,SC13.ec13,Yes,SC13,non-panel,HIV-1,G.NG.2007.SC13_EC13.PQ203501,1.48,1.48: Wieczorek2024,-,
SC13_EC21,,G,chronic,CCR5,NIGERIA,2007,PQ203502,SC13.ec21,Yes,SC13,non-panel,HIV-1,G.NG.2007.SC13_EC21.PQ203502,0.35,0.35: Wieczorek2024,-,
SC13_EC26,,G,chronic,CCR5,NIGERIA,2007,PQ203503,SC13.ec26,Yes,SC13,non-panel,HIV-1,G.NG.2007.SC13_EC26.PQ203503,1.99,1.99: Wieczorek2024,-,
SC14_49,3,07_BC,,,CHINA,,MN617370,SC14.49,Yes,,panel,HIV-1,07_BC.CN..SC14_49.MN617370,1.48,1.48: Nie2020,-,
SC17_32,3,07_BC,,CCR5,CHINA,,HQ326128,SC17-32,Yes,,panel,HIV-1,07_BC.CN..SC17_32.HQ326128,1.6,1.6: Nie2020,-,
SC18_26,2,07_BC,,,CHINA,,MN617371,SC18.26,Yes,,panel,HIV-1,07_BC.CN..SC18_26.MN617371,0.79,0.79: Nie2020,-,
SC19_15,1,07_BC,chronic,CCR5,CHINA,,HQ326129,SC19-15,Yes,,panel,HIV-1,07_BC.CN..SC19_15.HQ326129,0.36163,0.19: Qiao2016;0.19: Sun2017;1.31: Nie2020,-,
SC20_15,3,07_BC,,CCR5,CHINA,,HQ326130,SC20-15,Yes,,panel,HIV-1,07_BC.CN..SC20_15.HQ326130,0.43,0.43: Nie2020,-,
SC20_EC01,,G,chronic,CCR5,NIGERIA,2008,PQ203504,SC20.ec01,Yes,SC20,non-panel,HIV-1,G.NG.2008.SC20_EC01.PQ203504,UD,>25: Wieczorek2024,-,
SC20_EC08,,G,chronic,CCR5,NIGERIA,2008,PQ203505,SC20.ec08,Yes,SC20,non-panel,HIV-1,G.NG.2008.SC20_EC08.PQ203505,UD,>25: Wieczorek2024,-,
SC20_EC13,,G,chronic,CCR5,NIGERIA,2008,PQ203506,SC20.ec13,Yes,SC20,non-panel,HIV-1,G.NG.2008.SC20_EC13.PQ203506,UD,>25: Wieczorek2024,-,
SC20_EC51,,G,chronic,CCR5,NIGERIA,2008,PQ203507,SC20.ec51,Yes,SC20,non-panel,HIV-1,G.NG.2008.SC20_EC51.PQ203507,UD,>25: Wieczorek2024,-,
SC21_28,1,07_BC,,CCR5,CHINA,,HQ326131,SC21-28,Yes,,panel,HIV-1,07_BC.CN..SC21_28.HQ326131,0.71,0.71: Nie2020,-,
SC21_EC05,,G,chronic,CCR5,NIGERIA,2007,PQ203508,SC21.ec05,Yes,SC21,non-panel,HIV-1,G.NG.2007.SC21_EC05.PQ203508,0.35,0.35: Wieczorek2024,-,
SC21_EC12,,G,chronic,CCR5,NIGERIA,2007,PQ203509,SC21.ec12,Yes,SC21,non-panel,HIV-1,G.NG.2007.SC21_EC12.PQ203509,0.2,0.20: Wieczorek2024,-,
SC21_EC13,,G,chronic,CCR5,NIGERIA,2007,PQ203510,SC21.ec13,Yes,SC21,non-panel,HIV-1,G.NG.2007.SC21_EC13.PQ203510,0.63,0.63: Wieczorek2024,-,
SC21_EC28,,G,chronic,CCR5,NIGERIA,2007,PQ203511,SC21.ec28,Yes,SC21,non-panel,HIV-1,G.NG.2007.SC21_EC28.PQ203511,0.65,0.65: Wieczorek2024,-,
SC21_EC42,,G,chronic,CCR5,NIGERIA,2007,PQ203512,SC21.ec42,Yes,SC21,non-panel,HIV-1,G.NG.2007.SC21_EC42.PQ203512,0.57,0.57: Wieczorek2024,-,
SC22_16,3,07_BC,,CCR5,CHINA,,HQ326132,SC22-16,Yes,,panel,HIV-1,07_BC.CN..SC22_16.HQ326132,UD,>20: Nie2020,-,
SC24_40,2,07_BC,,CCR5,CHINA,,HM991498,SC24-40,Yes,,panel,HIV-1,07_BC.CN..SC24_40.HM991498,2.17,2.17: Nie2020,-,
SC26_EC05,,G,chronic,CCR5,NIGERIA,2008,PQ203513,SC26.ec05,Yes,SC26,non-panel,HIV-1,G.NG.2008.SC26_EC05.PQ203513,0.45,0.45: Wieczorek2024,-,
SC26_EC08,,G,chronic,CCR5,NIGERIA,2008,PQ203514,SC26.ec08,Yes,SC26,non-panel,HIV-1,G.NG.2008.SC26_EC08.PQ203514,0.39,0.39: Wieczorek2024,-,
SC26_EC33,,G,chronic,CCR5,NIGERIA,2008,PQ203515,SC26.ec33,Yes,SC26,non-panel,HIV-1,G.NG.2008.SC26_EC33.PQ203515,0.38,0.38: Wieczorek2024,-,
SC26_EC34,,G,chronic,CCR5,NIGERIA,2008,PQ203516,SC26.ec34,Yes,SC26,non-panel,HIV-1,G.NG.2008.SC26_EC34.PQ203516,0.33,0.33: Wieczorek2024,-,
SC26_EC40,,G,chronic,CCR5,NIGERIA,2008,PQ203517,SC26.ec40,Yes,SC26,non-panel,HIV-1,G.NG.2008.SC26_EC40.PQ203517,0.36,0.36: Wieczorek2024,-,
SC26_EC45,,G,chronic,CCR5,NIGERIA,2008,PQ203518,SC26.ec45,Yes,SC26,non-panel,HIV-1,G.NG.2008.SC26_EC45.PQ203518,0.46,0.46: Wieczorek2024,-,
SC28_EC1,,02_AG,chronic,CCR5,NIGERIA,2008,PQ203519,SC28_env01_B8.3,Yes,SC28,non-panel,HIV-1,02_AG.NG.2008.SC28_EC1.PQ203519,UD,>25: Wieczorek2024,-,
SC28_EC10,,02_AG,chronic,CCR5,NIGERIA,2008,PQ203522,SC28_env10_J6.3,Yes,SC28,non-panel,HIV-1,02_AG.NG.2008.SC28_EC10.PQ203522,UD,>25: Wieczorek2024,-,
SC28_EC4,,02_AG,chronic,CCR5,NIGERIA,2008,PQ203520,SC28_env04_D2,Yes,SC28,non-panel,HIV-1,02_AG.NG.2008.SC28_EC4.PQ203520,UD,>25: Wieczorek2024,-,
SC28_EC7,,02_AG,chronic,CCR5,NIGERIA,2008,PQ203521,SC28_env07_E10,Yes,SC28,non-panel,HIV-1,02_AG.NG.2008.SC28_EC7.PQ203521,UD,>25: Wieczorek2024,-,
SC29_EC1,,02_AG,chronic,CCR5,NIGERIA,2009,PQ203523,SC29_env01_A24,Yes,SC29,non-panel,HIV-1,02_AG.NG.2009.SC29_EC1.PQ203523,UD,>25: Wieczorek2024,-,
SC29_EC2,,02_AG,chronic,CCR5,NIGERIA,2009,PQ203524,SC29_env02_A20,Yes,SC29,non-panel,HIV-1,02_AG.NG.2009.SC29_EC2.PQ203524,UD,>25: Wieczorek2024,-,
SC30_EC11,,02_AG,chronic,CCR5,NIGERIA,2008,PQ203526,SC30_env11_I22.2,Yes,SC30,non-panel,HIV-1,02_AG.NG.2008.SC30_EC11.PQ203526,0.23,0.23: Wieczorek2024,-,
SC30_EC9,,02_AG,chronic,CCR5,NIGERIA,2008,PQ203525,SC30_env09_I21.3,Yes,SC30,non-panel,HIV-1,02_AG.NG.2008.SC30_EC9.PQ203525,0.22,0.22: Wieczorek2024,-,
SC422_8,2,B,acute,CCR5,TRINIDAD AND TOBAGO,1995,AY835441,"NIH-ARP-11058, SC422, SC422661, SC422661.8, SC422661_8, SC422.8, SC42_8, SVPB8",Yes,SC42,panel,HIV-1,B.TT.1995.SC422_8.AY835441,0.12509,0.06: Crooks2015;0.076: Falkowska2012;0.076: Georgiev2013_dataset3;0.076: McCoy2012;0.076: Wu2010;0.076: Wu2011;0.08: Scheid2011;0.09: Umotoy2019_dataset1;0.097: Bricault2019;0.097: Chuang2013;0.097: Georgiev2013_dataset2;0.097: Jardine2016a;0.097: Rudicell2014;0.11: Webb2015;0.1140: Liu2019;0.12: Bricault2019_dataset3;0.12: Doria-Rose2014;0.12: Hraber2014;0.124: Zhang2019a;0.127: Bonsignori2016;0.127: Bricault2019_dataset2;0.127: Steinhardt2018;0.13: Liao2013;0.13: Qiao2016;0.13: Sun2017;0.132: Doria-Rose2012;0.132: Georgiev2013_dataset1;0.132: Huang2012a;0.132: Huang2016a_dataset1;0.132: McLellan2011;0.1424: Zhang2022_dataset1;0.148: Kwon2021_dataset1;0.168: Kwon2018;0.169: Xu2017;0.179: Walker2011;0.184: Kwon2015;0.20500: Doria-Rose2016;0.223: Kong2016a-dataset1;0.370: Wu2018_dataset2;0.51: Kong2016,0.36677,0.265: Scheid2011;0.265: Wu2010;0.265: Wu2011;0.32: Webb2015;0.321: Steinhardt2018;0.33: Liao2013;0.331: Doria-Rose2012;0.331: Huang2012a;0.331: McLellan2011;0.353: Hraber2014;0.3920: Liu2019;0.394: Kwon2018;0.4116: Kwon2021_dataset1;0.4116: Zhang2022_dataset1;0.452: Xu2017;0.47100: Doria-Rose2016;0.481: Zhang2019a;0.491: Kong2016a-dataset1;0.498: Rudicell2014
SC45_4B5_2631,2,B,acute,,TRINIDAD AND TOBAGO,1995,EU289201,"SC45, SC45.4B5, SC45.4B5.2631",Yes,SC45,panel,HIV-1,B.TT.1995.SC45_4B5_2631.EU289201,0.53,0.53: Qiao2016;0.53: Sun2017,-,
SC62_EC108,,G,chronic,CCR5,NIGERIA,2007,PQ203529,SC62.ec108,Yes,SC62,non-panel,HIV-1,G.NG.2007.SC62_EC108.PQ203529,0.13,0.13: Wieczorek2024,-,
SC62_EC64,,G,chronic,CCR5,NIGERIA,2007,PQ203527,SC62.ec64,Yes,SC62,non-panel,HIV-1,G.NG.2007.SC62_EC64.PQ203527,5.23,5.23: Wieczorek2024,-,
SC62_EC72,,G,chronic,CCR5,NIGERIA,2007,PQ203528,SC62.ec72,Yes,SC62,non-panel,HIV-1,G.NG.2007.SC62_EC72.PQ203528,UD,>25: Wieczorek2024,-,
SF162,1A,B,<12mo,CCR5,UNITED STATES,,EU123924,"SF162.LS, SF162_LS",Yes,SF162,panel,HIV-1,B.US..SF162.EU123924,0.20146,0.02: Qiao2016;0.02: Sun2017;0.075: Sok2016;0.0848: Wu2018_dataset3;0.108: Bricault2019;0.108: Chuang2013;0.108: Georgiev2013_dataset2;0.108: Rudicell2014;0.110: Wu2018_dataset2;0.139: Falkowska2012;0.139: Georgiev2013_dataset3;0.14: Umotoy2019_dataset1;0.203: Kwon2018;0.207: Steinhardt2018;0.228: Bonsignori2016;0.228: Bricault2019_dataset2;0.237: Doria-Rose2012;0.237: Georgiev2013_dataset1;0.237: Huang2012a;0.237: Huang2016a_dataset1;0.237: McLellan2011;0.237: Wu2011;0.24: Liao2013;0.246: Kwon2021_dataset1;0.262: Zhang2019a;0.266: Xu2017;0.28200: Doria-Rose2016;0.2848: Zhang2022_dataset1;0.2890: Liu2019;0.297: Kwon2015;0.304: Kong2016a-dataset1;0.33: Spencer2021;0.421: Walker2011;0.48: Kong2016;0.83: Schwarzmuller2024;0.844: Wang2018a;1.12: Simonich2016_dataset2,0.66549,0.496: Rudicell2014;0.58: Steinhardt2018;0.616: Kwon2018;0.6240: Liu2019;0.627: Doria-Rose2012;0.627: Huang2012a;0.627: McLellan2011;0.627: Wu2011;0.63: Liao2013;0.66: Kong2016a-dataset1;0.7288: Kwon2021_dataset1;0.7288: Zhang2022_dataset1;0.743: Xu2017;0.77000: Doria-Rose2016;1.03: Zhang2019a
SG3,1,B,chronic,CXCR4,UNITED STATES,1987,L02317,,Yes,BCSG3,non-panel,HIV-1,B.US.1987.SG3.L02317,0.032269,0.014: Gardner2016;0.04: Barbian2015;0.06: Gardner2015,-,
SH6_81,3,01_AE,acute,CCR5,CHINA,2008,GU475032,SH6.81,Yes,,panel,HIV-1,01_AE.CN.2008.SH6_81.GU475032,0.88,0.88: Nie2020,-,
SHX335_24,3,01_AE,acute,CCR5,CHINA,2008,GU475033,SHX335.24,Yes,,panel,HIV-1,01_AE.CN.2008.SHX335_24.GU475033,0.38,0.38: Nie2020,-,
SHX346_60,3,01_AE,acute,CCR5,CHINA,2008,GU475034,SHX346.60,Yes,,panel,HIV-1,01_AE.CN.2008.SHX346_60.GU475034,0.2,0.2: Nie2020,-,
SO032_A2_8_1,1A,C,<12mo,,SOUTH AFRICA,2008,KF114894,SO032_A2.8-1,Yes,503_05677_So032,panel,HIV-1,C.ZA.2008.SO032_A2_8_1.KF114894,1.98,1.98: Bricault2019_dataset1;1.98: Wagh2016,UD,>10: Wagh2016
SO186_H6_5,2,C,<12mo,,SOUTH AFRICA,2008,JN681247,"So186_H6_5, SO186_H6_5C",Yes,503_10071_SO186,panel,HIV-1,C.ZA.2008.SO186_H6_5.JN681247,0.07,0.07: Bricault2019_dataset1;0.07: Wagh2016,0.24,0.24: Wagh2016
SO225_H11_12,2,C,<3mo,,SOUTH AFRICA,2007,JN681252,"So225_H11_12, SO_225_H11_12C",Yes,503_07518_SO225,panel,HIV-1,C.ZA.2007.SO225_H11_12.JN681252,2.06,2.06: Bricault2019_dataset1;2.06: Wagh2016,6.51,6.51: Wagh2016
SO405_T24_5,2,C,<3mo,,SOUTH AFRICA,2008,JN681248,"So405_T24_5, SO405_T24_5C",Yes,503_08252_SO405,panel,HIV-1,C.ZA.2008.SO405_T24_5.JN681248,3.41,3.41: Bricault2019_dataset1;3.41: Wagh2016,UD,>10: Wagh2016
SO431_C1_1,2,C,<3mo,,SOUTH AFRICA,2007,JN681246,"S0431_C1_1C, So431_C1_1",Yes,503_07352_SO431,panel,HIV-1,C.ZA.2007.SO431_C1_1.JN681246,0.56,0.56: Bricault2019_dataset1;0.56: Wagh2016,3.64,3.64: Wagh2016
SO607_B6_9,3,C,<12mo,,SOUTH AFRICA,2008,KF114895,SO607_B6.9,Yes,503_01918_SO607,panel,HIV-1,C.ZA.2008.SO607_B6_9.KF114895,0.49,0.49: Bricault2019_dataset1;0.49: Wagh2016,1.74,1.74: Wagh2016
SO706_T10B_3,2,C,<3mo,,SOUTH AFRICA,2008,JN681249,"So706_T10b_3, SO706_T10b_3C",Yes,503_09289_SO706,panel,HIV-1,C.ZA.2008.SO706_T10B_3.JN681249,2.21,2.21: Bricault2019_dataset1;2.21: Wagh2016,UD,>10: Wagh2016
SS1196_1,1B,B,<12mo,CCR5,UNITED STATES,1997,AY835442,"SS1196, SS1196.01, SS1196_01, SS1196.1, SVPB9",Yes,SS1196,panel,HIV-1,B.US.1997.SS1196_1.AY835442,0.23834,0.11: Spencer2021;0.166: Zhang2019a;0.17: Falkowska2012;0.17: Georgiev2013_dataset3;0.175: Bricault2019;0.175: Chuang2013;0.175: Georgiev2013_dataset2;0.175: Rudicell2014;0.185: Kwon2021_dataset1;0.22: Umotoy2019_dataset1;0.246: Bonsignori2016;0.246: Bricault2019_dataset2;0.2548: Zhang2022_dataset1;0.265: Kwon2018;0.276: Doria-Rose2012;0.276: Georgiev2013_dataset1;0.276: Georgiev2013_dataset4;0.276: Huang2012a;0.276: Huang2016a_dataset1;0.276: McLellan2011;0.276: Wu2011;0.28: Liao2013;0.283: Xu2017;0.304: Steinhardt2018;0.3180: Liu2019;0.321: Kwon2015;0.35900: Doria-Rose2016;0.411: Kong2016a-dataset1,0.69368,0.592: Xu2017;0.623: Kwon2018;0.65: Doria-Rose2012;0.65: Georgiev2013_dataset4;0.65: Huang2012a;0.65: Liao2013;0.65: McLellan2011;0.65: Wu2011;0.6564: Kwon2021_dataset1;0.6564: Zhang2022_dataset1;0.659: Zhang2019a;0.679: Steinhardt2018;0.7510: Liu2019;0.847: Rudicell2014;0.90500: Doria-Rose2016;0.931: Kong2016a-dataset1
T250_4,2,02_AG,<12mo,,CAMEROON,2004,EU513189,"250, 250-4, 250_4, CRF02_AG_250, CRF250, T250, T250-4, T250.4, T250-4.SG3",Yes,250,panel,HIV-1,02_AG.CM.2004.T250_4.EU513189,49.4,49.4: Rusert2016;>100: Umotoy2019_dataset2;>10: Andrabi2015;>25: Schwarzmuller2024;>50: Bonsignori2016;>50: Bricault2019;>50: Bricault2019_dataset2;>50: Bricault2019_dataset3;>50: Chuang2013;>50: Doria-Rose2012;>50: Doria-Rose2016;>50: Gardner2015;>50: Hraber2014;>50: Huang2012a;>50: Huang2016a_dataset1;>50: Huang2016a_dataset2;>50: Jardine2016a;>50: Kong2016;>50: Kong2016a-dataset1;>50: Kong2018;>50: Kwon2015;>50: Kwon2018;>50: Kwon2021_dataset1;>50: Liu2019;>50: McLellan2011;>50: Rudicell2014;>50: Scheid2011;>50: Steinhardt2018;>50: Wu2010;>50: Wu2011;>50: Xu2017;>50: Yin2021;>50: Zhang2019a;>50: Zhang2022_dataset1,UD,>50: Doria-Rose2012;>50: Doria-Rose2016;>50: Gardner2015;>50: Hraber2014;>50: Huang2012a;>50: Kong2016a-dataset1;>50: Kwon2018;>50: Kwon2021_dataset1;>50: Liu2019;>50: McLellan2011;>50: Rudicell2014;>50: Scheid2011;>50: Steinhardt2018;>50: Wu2010;>50: Wu2011;>50: Xu2017;>50: Zhang2019a;>50: Zhang2022_dataset1
T251_18,2 or 3,02_AG,<12mo,CCR5,CAMEROON,2004,EU513196,"251-18, 251_18, NIH-ARP-11595, T251, T251-18, T251.18, T25118",Yes,251,panel,HIV-1,02_AG.CM.2004.T251_18.EU513196,3.16044,1.3: Umotoy2019_dataset2;1.97: Jardine2016a;2.02: Zhang2019a;2.46: Kwon2021_dataset1;2.5: Scheid2011;2.5: Wu2010;2.5: Wu2011;3.08: Kwon2018;3.1900: Liu2019;3.24: Bricault2019_dataset3;3.24: Hraber2014;3.26: Bricault2019;3.26: Chuang2013;3.26: Kwon2015;3.26: Rudicell2014;3.4: Xu2017;3.58: Doria-Rose2012;3.58: Gardner2015;3.58: Huang2012a;3.58: Huang2016a_dataset1;3.58: McLellan2011;3.836: Zhang2022_dataset1;3.96: Kong2016a-dataset1;4.21: Steinhardt2018;4.42: Bonsignori2016;4.42: Bricault2019_dataset2;5.38000: Doria-Rose2016,10.5147,7.19: Kwon2018;8.63: Zhang2019a;9.64: Hraber2014;10.2: Doria-Rose2012;10.2: Gardner2015;10.2: Huang2012a;10.2: McLellan2011;10.3: Xu2017;10.90000: Doria-Rose2016;11.2: Scheid2011;11.2: Wu2010;11.2: Wu2011;11.3: Rudicell2014;11.412: Kwon2021_dataset1;11.412: Zhang2022_dataset1;11.5: Kong2016a-dataset1;11.9000: Liu2019;12: Steinhardt2018
T252_7,2,A1G,<12mo,CCR5,CAMEROON,2004,EU513190,"252-7, 252_7, NIH-ARP-11596",Yes,252,panel,HIV-1,A1G.CM.2004.T252_7.EU513190,1.80688,0.77: Wu2010;4.24: Rusert2016,2.4,2.4: Wu2010
T253_11,2 or 3,02_AG,<12mo,CCR5,CAMEROON,2004,EU513191,"253, 253-11, NIH-ARP-11597, T253-11",Yes,253,panel,HIV-1,02_AG.CM.2004.T253_11.EU513191,0.35639,0.19: Moyo2018_dataset1;0.2: Moyo2018_dataset2;0.265: Doria-Rose2012;0.265: Huang2012a;0.265: Huang2016a_dataset1;0.265: McLellan2011;0.288: Xu2017;0.316: Kwon2021_dataset1;0.321: Kwon2018;0.3210: Liu2019;0.339: Kwon2015;0.34: Zhang2022_dataset1;0.397: Steinhardt2018;0.455: Bricault2019;0.455: Chuang2013;0.455: Rudicell2014;0.47: Wu2010;0.47: Wu2011;0.501: Bonsignori2016;0.501: Bricault2019_dataset2;0.55: Kong2016a-dataset1;0.60100: Doria-Rose2016,0.99697,0.637: Xu2017;0.772: Doria-Rose2012;0.772: Huang2012a;0.772: McLellan2011;0.8840: Liu2019;0.919: Kwon2018;0.9808: Kwon2021_dataset1;0.9808: Zhang2022_dataset1;1.15: Rudicell2014;1.17: Kong2016a-dataset1;1.23: Steinhardt2018;1.29000: Doria-Rose2016;1.4: Wu2010;1.4: Wu2011
T253_11_L669S,,02_AG,,CCR5,CAMEROON,2004,,,Yes,253,mutant,HIV-1,02_AG.CM.2004.T253_11_L669S.,0.2,0.2: Moyo2018_dataset2,-,
T253_11_Y681H,,02_AG,,CCR5,CAMEROON,2004,,,Yes,253,mutant,HIV-1,02_AG.CM.2004.T253_11_Y681H.,0.2,0.2: Moyo2018_dataset2,-,
T255_34,2,02_AG,<12mo,,CAMEROON,2004,EU513184,"255, 255-34, 255_34, T255, T255-34, T255.34",Yes,255,panel,HIV-1,02_AG.CM.2004.T255_34.EU513184,0.42616,0.229: Zhang2019a;0.252: Doria-Rose2012;0.252: Huang2012a;0.252: Huang2016a_dataset1;0.252: McLellan2011;0.26: Jardine2016a;0.326: Bricault2019_dataset3;0.326: Hraber2014;0.39: Umotoy2019_dataset2;0.391: Bricault2019;0.391: Chuang2013;0.391: Rudicell2014;0.414: Kwon2021_dataset1;0.45: Kwon2018;0.4584: Zhang2022_dataset1;0.465: Kwon2015;0.5: Steinhardt2018;0.523: Xu2017;0.5250: Liu2019;0.572: Kong2016a-dataset1;0.69900: Doria-Rose2016;0.7: Scheid2011;0.7: Wu2010;0.7: Wu2011;0.725: Bonsignori2016;0.725: Bricault2019_dataset2,1.63023,0.925: Zhang2019a;0.978: Doria-Rose2012;0.978: Huang2012a;0.978: McLellan2011;1.31: Steinhardt2018;1.49: Kwon2018;1.64: Hraber2014;1.72: Rudicell2014;1.79: Xu2017;1.796: Kwon2021_dataset1;1.796: Zhang2022_dataset1;1.8200: Liu2019;1.97000: Doria-Rose2016;2.09: Kong2016a-dataset1;2.7: Scheid2011;2.7: Wu2010;2.7: Wu2011
T257_31,2 or 3,02A1,<12mo,CCR5,CAMEROON,2004,EU513185,"257-31, 257_31, CRF02_AG (Clone 257), NIH-ARP-11599, T257, T257-31, T257.31, T257-71",Yes,257,panel,HIV-1,02A1.CM.2004.T257_31.EU513185,1.75518,0.31: Umotoy2019_dataset2;0.706: Jardine2016a;1.31: Kwon2018;1.33: Kwon2021_dataset1;1.544: Zhang2022_dataset1;1.61: Zhang2019a;1.67692: Huang2016a_dataset1;1.677: Doria-Rose2012;1.68: Huang2012a;1.68: McLellan2011;1.6900: Liu2019;1.72: Steinhardt2018;1.86: Bricault2019_dataset3;1.86: Hraber2014;1.94: Xu2017;2.08: Bricault2019;2.08: Chuang2013;2.08: Rudicell2014;2.14000: Doria-Rose2016;2.17: Kwon2015;2.47: Bonsignori2016;2.47: Bricault2019_dataset2;2.74: Kong2016a-dataset1;2.8: Scheid2011;2.8: Wu2010;2.8: Wu2011,6.66379,4.55: Steinhardt2018;5.5400: Liu2019;5.799: Doria-Rose2012;5.8: Huang2012a;5.8: McLellan2011;5.97: Kwon2018;6.57: Zhang2019a;6.65000: Doria-Rose2016;6.754: Kwon2021_dataset1;6.754: Zhang2022_dataset1;6.87: Xu2017;7.09: Kong2016a-dataset1;7.13: Hraber2014;7.53: Rudicell2014;8.7: Scheid2011;8.7: Wu2010;8.7: Wu2011
T278_50,2 or 3,02_AG,<12mo,CCR5,CAMEROON,2005,EU513198,"278, 278-50, 278_50, CRF02_AG (Clone 278), NIH-ARP-11605, T278, T278.5, T278-50, T278-50.SG3",Yes,278,panel,HIV-1,02_AG.CM.2005.T278_50.EU513198,UD,>100: Umotoy2019_dataset2;>50: Bonsignori2016;>50: Bricault2019;>50: Bricault2019_dataset2;>50: Bricault2019_dataset3;>50: Chuang2013;>50: Doria-Rose2012;>50: Gardner2015;>50: Hraber2014;>50: Huang2012a;>50: Huang2016a_dataset1;>50: Huang2016a_dataset2;>50: Jardine2016a;>50: Kong2016;>50: Kong2016a-dataset1;>50: Kwon2015;>50: Kwon2018;>50: Kwon2021_dataset1;>50: Liu2019;>50: McLellan2011;>50: Rudicell2014;>50: Sastry2023_dataset1;>50: Scheid2011;>50: Steinhardt2018;>50: Wu2010;>50: Wu2011;>50: Xu2017;>50: Zhang2019a;>50: Zhang2022_dataset1,UD,>50: Doria-Rose2012;>50: Gardner2015;>50: Hraber2014;>50: Huang2012a;>50: Kong2016a-dataset1;>50: Kwon2018;>50: Kwon2021_dataset1;>50: Liu2019;>50: McLellan2011;>50: Rudicell2014;>50: Scheid2011;>50: Steinhardt2018;>50: Wu2010;>50: Wu2011;>50: Xu2017;>50: Zhang2019a;>50: Zhang2022_dataset1
T280_5,2,02A1,<12mo,CCR5,CAMEROON,2005,EU513183,"280, 280-5, 280_5, NIH-ARP-11606, T280-5",Yes,280,panel,HIV-1,02A1.CM.2005.T280_5.EU513183,0.031435,0.017: Doria-Rose2012;0.017: Huang2012a;0.017: McLellan2011;0.01741: Huang2016a_dataset1;0.018: Kwon2015;0.02: Wu2010;0.02: Wu2011;0.022: Xu2017;0.023: Kong2016a-dataset1;0.032: Steinhardt2018;0.0330: Liu2019;0.0428: Zhang2022_dataset1;0.047: Kwon2021_dataset1;0.049: Kwon2018;0.059: Bonsignori2016;0.059: Bricault2019_dataset2;0.063: Bricault2019;0.063: Chuang2013;0.063: Rudicell2014,0.11681,0.081: Doria-Rose2012;0.081: Huang2012a;0.081: McLellan2011;0.081: Xu2017;0.094: Steinhardt2018;0.121: Kong2016a-dataset1;0.1260: Liu2019;0.1392: Kwon2021_dataset1;0.1392: Zhang2022_dataset1;0.149: Kwon2018;0.15: Wu2010;0.15: Wu2011;0.188: Rudicell2014
TH023_6,1A,01_AE,chronic,CCR5,THAILAND,1992,KU562843,"92TH023, TH023, TH023.6",Yes,TH023,panel,HIV-1,01_AE.TH.1992.TH023_6.KU562843,0.82228,0.181: Sastry2023_dataset1;0.35: Kwon2018;0.405: Xu2017;0.464: Kong2016a-dataset1;0.546: Steinhardt2018;1.0604: Zhang2022_dataset1;1.19: Kwon2021_dataset1;2.2900: Liu2019;9.15: Chenine2018,6.4966,4.09: Xu2017;5.75: Steinhardt2018;5.93: Kong2016a-dataset1;7.89: Kwon2021_dataset1;7.89: Zhang2022_dataset1;8.66: Kwon2018;>50: Liu2019
TH966_8,,01_AE,chronic,CCR5,THAILAND,1993,U08456,"93TH966, 93TH966.8, TH966.8",Yes,966,panel,HIV-1,01_AE.TH.1993.TH966_8.U08456,0.31484,0.026: Williams2017_dataset3;0.284: Bonsignori2016;0.284: Bricault2019_dataset2;0.284: Kong2016a-dataset1;0.297: Bricault2019;0.297: Chuang2013;0.297: Georgiev2013_dataset2;0.297: Rudicell2014;0.311: Xu2017;0.32: Kwon2015;0.33: Wu2010;0.331: Doria-Rose2012;0.331: Georgiev2013_dataset1;0.331: Huang2012a;0.331: Huang2016a_dataset1;0.331: McLellan2011;0.334: Falkowska2012;0.334: Georgiev2013_dataset3;0.334: Wu2011;0.39: Steinhardt2018;0.44600: Doria-Rose2016;0.468: Kwon2018;0.4892: Zhang2022_dataset1;0.5280: Liu2019;0.598: Kwon2021_dataset1,1.21516,0.423: Williams2017_dataset3;0.774: Kong2016a-dataset1;0.983: Steinhardt2018;0.987: Xu2017;1.24: Doria-Rose2012;1.24: Huang2012a;1.24: McLellan2011;1.4: Wu2010;1.4: Wu2011;1.44000: Doria-Rose2016;1.47: Kwon2018;1.64: Rudicell2014;1.644: Kwon2021_dataset1;1.644: Zhang2022_dataset1;1.6700: Liu2019
TH976_17,2,01_AE,chronic,CCR5,THAILAND,1993,U08458,"93TH976, 93TH976.17, TH976.17",Yes,976,panel,HIV-1,01_AE.TH.1993.TH976_17.U08458,0.17328,0.066: Doria-Rose2012;0.066: Georgiev2013_dataset1;0.066: Huang2012a;0.066: Huang2016a_dataset1;0.066: McLellan2011;0.087: Falkowska2012;0.087: Georgiev2013_dataset3;0.087: Wu2011;0.09: Wu2010;0.13: Doria-Rose2014;0.19: Bricault2019;0.19: Chuang2013;0.19: Georgiev2013_dataset2;0.19: Rudicell2014;0.245: Kwon2015;0.251: Kwon2021_dataset1;0.293: Xu2017;0.299: Steinhardt2018;0.323: Kwon2018;0.33: Kong2016a-dataset1;0.332: Bonsignori2016;0.332: Bricault2019_dataset2;0.3416: Zhang2022_dataset1;0.343: Zhou2017;0.3790: Liu2019;0.45600: Doria-Rose2016,0.73495,0.444: Doria-Rose2012;0.444: Huang2012a;0.444: McLellan2011;0.486: Wu2011;0.49: Wu2010;0.562: Kong2016a-dataset1;0.726: Steinhardt2018;0.84: Kwon2018;0.869: Xu2017;0.9474: Kwon2021_dataset1;0.9474: Zhang2022_dataset1;0.97: Zhou2017;1.0300: Liu2019;1.23000: Doria-Rose2016;1.44: Rudicell2014
THRO4156,2,B,acute,CCR5,UNITED STATES,2000,AY835448,"NIH-ARP-11037, pTHRO4156, SVPB15, THR0.18, THR04156.18, THRO, THRO.18, THRO_18, THRO4156.18, THRO4156_18",Yes,THRO4156,panel,HIV-1,B.US.2000.THRO4156.AY835448,4.04116,1.49: Williams2017_dataset3;2.25: Falkowska2012;2.25: Georgiev2013_dataset3;2.3: McCoy2012;2.3: Scheid2011;2.3: Wu2010;2.3: Wu2011;2.461: Walker2011;3.16: Steinhardt2018;3.99: Kwon2021_dataset1;4.05: Kong2016a-dataset1;4.23: Xu2017;4.392: Zhang2022_dataset1;4.42: Doria-Rose2012;4.42: Georgiev2013_dataset1;4.42: Huang2012a;4.42: Huang2016a_dataset1;4.42: Liao2013;4.42: McLellan2011;4.44: Kwon2015;4.63: Bonsignori2016;4.63: Bricault2019_dataset2;5.1: Doria-Rose2014;5.34: Kwon2018;5.600: Kong2016a-dataset2;5.77: Bricault2019;5.77: Chuang2013;5.77: Georgiev2013_dataset2;5.77: Rudicell2014;5.7900: Liu2019;6.24: Bricault2019_dataset3;6.24: Hraber2014;7.76000: Doria-Rose2016;>10: Lynch2011,17.2284,9.91: Steinhardt2018;14.9: Kong2016a-dataset1;14.9: Kwon2018;15: Xu2017;15.1: Doria-Rose2012;15.1: Huang2012a;15.1: Liao2013;15.1: McLellan2011;16.5: Hraber2014;17.64: Kwon2021_dataset1;17.64: Zhang2022_dataset1;18.3: Rudicell2014;19.6000: Liu2019;23: Scheid2011;23: Wu2010;23: Wu2011;27: Williams2017_dataset3;>50: Doria-Rose2016
TRJO4551_58,3,B,acute,CCR5,UNITED STATES,2001,AY835450,"NIH-ARP-11034, SVPB17, TRJ04551.58, TRJ0.58, TRJO, TRJO4551, TRJO4551.18, TRJO4551.58, TRJO.58, TRJO_58",Yes,TRJO4551,panel,HIV-1,B.US.2001.TRJO4551_58.AY835450,0.095184,0.057: Zhang2019a;0.06: Walker2011;0.069: Bricault2019;0.069: Chuang2013;0.069: Georgiev2013_dataset2;0.069: Rudicell2014;0.07: Doria-Rose2014;0.076: Crooks2015;0.078: Williams2017_dataset3;0.079: Doria-Rose2012;0.079: Georgiev2013_dataset1;0.079: Huang2012a;0.079: Huang2016a_dataset1;0.079: McLellan2011;0.08: Liao2013;0.08: Scheid2011;0.08: Umotoy2019_dataset1;0.083: Falkowska2012;0.083: Georgiev2013_dataset3;0.083: McCoy2012;0.083: Wu2010;0.083: Wu2011;0.084: Kong2016a-dataset2;0.101: Steinhardt2018;0.107: Kong2016a-dataset1;0.115: Kwon2021_dataset1;0.116: Bonsignori2016;0.116: Bricault2019_dataset2;0.121: Kwon2015;0.121: Xu2017;0.128: Kwon2018;0.1282: Zhang2022_dataset1;0.132: Bricault2019_dataset3;0.132: Hraber2014;0.17700: Doria-Rose2016;0.1890: Liu2019;0.41: Kong2016,0.26773,0.207: Scheid2011;0.207: Wu2010;0.207: Wu2011;0.22: Rudicell2014;0.223: Zhang2019a;0.231: Steinhardt2018;0.239: Doria-Rose2012;0.239: Huang2012a;0.239: McLellan2011;0.24: Liao2013;0.265: Kong2016a-dataset1;0.293: Williams2017_dataset3;0.296: Kwon2018;0.325: Xu2017;0.3362: Kwon2021_dataset1;0.3362: Zhang2022_dataset1;0.34000: Doria-Rose2016;0.3600: Liu2019;0.393: Hraber2014
TRO_11,2,B,acute,CCR5,ITALY,1995,AY835445,"B4(TRO.11), NIH-ARP-11023, SVPB12, TR011, TRO, TRO.11, TRO11, TRO clone 11, TROII",Yes,TRO,panel,HIV-1,B.IT.1995.TRO_11.AY835445,0.37144,0.13: Crooks2015;0.186: Walker2011;0.19: Yin2021;0.207: Falkowska2012;0.207: Georgiev2013_dataset3;0.207: McCoy2012;0.207: Wu2010;0.207: Wu2011;0.21: Scheid2011;0.2162: Wu2018_dataset1;0.231: Zhang2019a;0.233: Acharya2013;0.235: Georgiev2013_dataset4;0.25: Umotoy2019_dataset2;0.26: Bricault2019;0.26: Chuang2013;0.26: Georgiev2013_dataset2;0.26: Rudicell2014;0.287: Bonsignori2018_dataset1;0.3: Doria-Rose2014;0.328: Richardson2021;0.329: Jardine2016a;0.34: Liao2013;0.34: Qiao2016;0.34: Sun2017;0.343: Doria-Rose2012;0.343: Georgiev2013_dataset1;0.343: Huang2012a;0.343: Huang2016a_dataset1;0.343: McLellan2011;0.35: Martinez2020;0.366: Kong2016a-dataset2;0.400: Wu2018_dataset2;0.404: Zhou2013a;0.409: Williams2017_dataset3;0.418: Kwon2021_dataset1;0.43: Decamp2014;0.456: Kong2016a-dataset1;0.469: Steinhardt2018;0.4943: Wu2018_dataset3;0.502: Bonsignori2016;0.502: Bricault2019_dataset2;0.509: Xu2017;0.52: Umotoy2019_dataset1;0.52: Webb2015;0.521: Kwon2015;0.556: Rusert2016;0.58: LaBranche2018;0.586: Kwon2018;0.6194: Zhang2022_dataset1;0.682: Bricault2019_dataset3;0.682: Hraber2014;0.73000: Doria-Rose2016;0.77: Kong2016;0.7740: Liu2019;6: Bonsignori2018_dataset2,1.25113,0.832: Scheid2011;0.832: Wu2010;0.832: Wu2011;0.912: Zhang2019a;0.918: Bonsignori2018_dataset1;1.09: Doria-Rose2012;1.09: Huang2012a;1.09: Liao2013;1.09: McLellan2011;1.19: Steinhardt2018;1.21: Kong2016a-dataset1;1.29: Rudicell2014;1.32: Webb2015;1.46: Kwon2018;1.5: Zhou2013a;1.59: Kwon2021_dataset1;1.59: Zhang2022_dataset1;1.61: Xu2017;1.67: Williams2017_dataset3;1.70000: Doria-Rose2016;1.76: Hraber2014;1.8600: Liu2019
TV1_21,1 or 2,C,<12mo,,SOUTH AFRICA,1998,HM215437,"TV1.21, TV1.21.SG3",Yes,TV001,panel,HIV-1,C.ZA.1998.TV1_21.HM215437,UD,>50: McCoy2012,-,
TV1_29,,C,chronic,,SOUTH AFRICA,1998,EU855132,"TV001, TV1.29, TV1.29.SG3",Yes,TV001,panel,HIV-1,C.ZA.1998.TV1_29.EU855132,UD,>50: Acharya2013;>50: Bonsignori2016;>50: Bricault2019;>50: Bricault2019_dataset2;>50: Chuang2013;>50: Doria-Rose2012;>50: Doria-Rose2016;>50: Falkowska2012;>50: Gardner2015;>50: Georgiev2013_dataset1;>50: Georgiev2013_dataset2;>50: Georgiev2013_dataset3;>50: Huang2012a;>50: Huang2016a_dataset1;>50: Huang2016a_dataset2;>50: Kong2016;>50: Kong2016a-dataset1;>50: Kong2018;>50: Kwon2018;>50: Kwon2021_dataset1;>50: Kwon2021_dataset2;>50: Liao2013;>50: Liu2019;>50: McLellan2011;>50: Rudicell2014;>50: Steinhardt2018;>50: Wu2010;>50: Wu2011;>50: Xu2017;>50: Zhang2022_dataset1;>50: Zhou2013a,UD,>50: Doria-Rose2012;>50: Doria-Rose2016;>50: Gardner2015;>50: Huang2012a;>50: Kong2016a-dataset1;>50: Kwon2018;>50: Kwon2021_dataset1;>50: Liao2013;>50: Liu2019;>50: McLellan2011;>50: Rudicell2014;>50: Steinhardt2018;>50: Wu2010;>50: Wu2011;>50: Xu2017;>50: Zhang2022_dataset1;>50: Zhou2013a
TZA125_17,,C,chronic,CCR5,TANZANIA,2001,JQ362423,"TZA125, TZA125.17",Yes,A125,panel,HIV-1,C.TZ.2001.TZA125_17.JQ362423,UD,>50: Acharya2013;>50: Bonsignori2016;>50: Bricault2019;>50: Bricault2019_dataset2;>50: Chuang2013;>50: Doria-Rose2012;>50: Doria-Rose2016;>50: Falkowska2012;>50: Georgiev2013_dataset1;>50: Georgiev2013_dataset2;>50: Georgiev2013_dataset3;>50: Huang2012a;>50: Huang2016a_dataset1;>50: Kong2016;>50: Kong2016a-dataset1;>50: Kong2018;>50: Kwon2015;>50: Kwon2018;>50: Kwon2021_dataset1;>50: Liao2013;>50: Liu2019;>50: McLellan2011;>50: Rudicell2014;>50: Steinhardt2018;>50: Wu2010;>50: Wu2011;>50: Xu2017;>50: Zhang2022_dataset1,UD,>50: Doria-Rose2012;>50: Doria-Rose2016;>50: Huang2012a;>50: Kong2016a-dataset1;>50: Kwon2018;>50: Kwon2021_dataset1;>50: Liao2013;>50: Liu2019;>50: McLellan2011;>50: Rudicell2014;>50: Steinhardt2018;>50: Wu2010;>50: Wu2011;>50: Xu2017;>50: Zhang2022_dataset1
TZBD_02,,C,chronic,CCR5,TANZANIA,2001,JQ362424,"TZBD, TZBD.02",Yes,BD911,panel,HIV-1,C.TZ.2001.TZBD_02.JQ362424,0.074652,0.043: Steinhardt2018;0.053: Kong2016a-dataset1;0.054: Kwon2015;0.064: Kwon2021_dataset1;0.06500: Doria-Rose2016;0.065: Xu2017;0.07: Bricault2019;0.07: Chuang2013;0.07: Georgiev2013_dataset2;0.07: Liao2013;0.07: Rudicell2014;0.071: Kwon2018;0.072: Doria-Rose2012;0.072: Georgiev2013_dataset1;0.072: Huang2012a;0.072: McLellan2011;0.07225: Huang2016a_dataset1;0.078: Bonsignori2016;0.078: Bricault2019_dataset2;0.0910: Liu2019;0.109: Falkowska2012;0.109: Georgiev2013_dataset3;0.109: Wu2010;0.109: Wu2011;0.1112: Zhang2022_dataset1,0.23871,0.147: Steinhardt2018;0.163: Kong2016a-dataset1;0.196: Kwon2018;0.19700: Doria-Rose2016;0.197: Xu2017;0.228: Doria-Rose2012;0.228: Huang2012a;0.228: McLellan2011;0.23: Liao2013;0.2460: Liu2019;0.254: Rudicell2014;0.328: Wu2010;0.328: Wu2011;0.3734: Kwon2021_dataset1;0.3734: Zhang2022_dataset1
UG021_16,,D,chronic,CXCR4,UGANDA,1992,U27399,"92UG021, 92UG21.6, UG021.16",Yes,UG021,panel,HIV-1,D.UG.1992.UG021_16.U27399,0.35677,0.21: Kong2016a-dataset1;0.266: Doria-Rose2012;0.266: Huang2012a;0.266: Huang2016a_dataset1;0.266: McLellan2011;0.266: Wu2011;0.301: Kwon2021_dataset1;0.317: Kwon2018;0.443: Bricault2019;0.443: Chuang2013;0.451: Steinhardt2018;0.4790: Liu2019;0.5112: Zhang2022_dataset1;0.567: Sok2016;0.589: Xu2017,1.40688,0.97: Doria-Rose2012;0.97: Huang2012a;0.97: McLellan2011;0.97: Wu2011;1.16: Kong2016a-dataset1;1.44: Kwon2018;1.59: Steinhardt2018;1.9600: Liu2019;2.01: Xu2017;2.148: Kwon2021_dataset1;2.148: Zhang2022_dataset1
UG024_2,,D,chronic,CXCR4,UGANDA,1992,U43386,"92UG024, 92UG024_2, 92UG024_D, UG024.2",Yes,UG024,panel,HIV-1,D.UG.1992.UG024_2.U43386,0.18507,0.106: Doria-Rose2012;0.106: Georgiev2013_dataset1;0.106: Huang2012a;0.106: Huang2016a_dataset1;0.106: McLellan2011;0.138: Xu2017;0.156: Falkowska2012;0.156: Georgiev2013_dataset3;0.156: Wu2011;0.157: Bricault2019;0.157: Chuang2013;0.157: Georgiev2013_dataset2;0.157: Rudicell2014;0.16: Wu2010;0.171: Kwon2015;0.178: Kong2016a-dataset1;0.179: Kwon2018;0.219: Steinhardt2018;0.2792: Zhang2022_dataset1;0.319: Kwon2021_dataset1;0.3860: Liu2019;0.576: Walker2011;0.875: Sok2016,0.65723,0.457: Kong2016a-dataset1;0.493: Kwon2018;0.514: Xu2017;0.536: Doria-Rose2012;0.536: Huang2012a;0.536: McLellan2011;0.667: Steinhardt2018;0.67: Wu2010;0.674: Wu2011;0.811: Rudicell2014;0.9270: Liu2019;1.0282: Kwon2021_dataset1;1.0282: Zhang2022_dataset1
UG037_8,1,A1,chronic,CCR5,UGANDA,1992,U09127,"92UG037, 92UG037.8, 92UG0378, UG037.8, UG037.8.SG3",Yes,UG037,panel,HIV-1,A1.UG.1992.UG037_8.U09127,0.08347,0.035: Doria-Rose2012;0.035: Georgiev2013_dataset1;0.035: Huang2012a;0.035: Huang2016a_dataset1;0.035: McLellan2011;0.04: Liao2013;0.041: Zhou2013a;0.046: Georgiev2013_dataset4;0.056: Acharya2013;0.066: Kwon2015;0.073: Steinhardt2018;0.079: Falkowska2012;0.079: Georgiev2013_dataset3;0.079: Wu2010;0.079: Wu2011;0.081: Kwon2021_dataset1;0.083: Xu2017;0.089: Bonsignori2016;0.089: Bricault2019_dataset2;0.09: Doria-Rose2014;0.104: Kwon2018;0.108: Kong2016a-dataset1;0.1094: Zhang2022_dataset1;0.1230: Liu2019;0.12600: Doria-Rose2016;0.13: Qiao2016;0.13: Sun2017;0.135: Bricault2019;0.135: Chuang2013;0.135: Georgiev2013_dataset2;0.135: Rudicell2014;0.137: Ofek2014;0.245: Walker2011;0.3: Kwon2021_dataset2,0.22352,0.13: Doria-Rose2012;0.13: Huang2012a;0.13: Liao2013;0.13: McLellan2011;0.138: Zhou2013a;0.173: Georgiev2013_dataset4;0.186: Steinhardt2018;0.226: Xu2017;0.287: Kong2016a-dataset1;0.289: Kwon2018;0.30100: Doria-Rose2016;0.3010: Liu2019;0.31: Kwon2021_dataset1;0.31: Zhang2022_dataset1;0.313: Wu2010;0.313: Wu2011;0.428: Rudicell2014
UG037_8_K651N,,A1,chronic,CCR5,UGANDA,1992,,UG037.8.K651N.SG3,Yes,UG037,mutant,HIV-1,A1.UG.1992.UG037_8_K651N.,0.098,0.098: Ofek2014,-,
V703_0013_090ES,,C,<12mo,,SOUTH AFRICA,2019,ON890939,,Yes,V703_0013,panel,HIV-1,C.ZA.2019.V703_0013_090ES.ON890939,-,,9.2118,9.2118: Mkhize2023
V703_0015_110S,,C,<12mo,,ZAMBIA,2018,ON890940,,Yes,V703_0015,panel,HIV-1,C.ZM.2018.V703_0015_110S.ON890940,-,,UD,>25: Mkhize2023
V703_0015_110_RE_PBLIB002_S,,C,<12mo,,ZAMBIA,2018,ON890941,,Yes,V703_0015,panel,HIV-1,C.ZM.2018.V703_0015_110_RE_PBLIB002_S.ON890941,-,,UD,>25: Mkhize2023
V703_0109_210S,,A1C,<12mo,,SOUTH AFRICA,2018,ON890942,,Yes,V703_0109,panel,HIV-1,A1C.ZA.2018.V703_0109_210S.ON890942,-,,4.4618,4.4618: Mkhize2023
V703_0132_200S_10H3,,C,<12mo,,SOUTH AFRICA,2018,ON890944,,Yes,V703_0132,panel,HIV-1,C.ZA.2018.V703_0132_200S_10H3.ON890944,-,,UD,>25: Mkhize2023
V703_0132_200_RE_PBLIB002_S,,C,<12mo,,SOUTH AFRICA,2018,ON890943,,Yes,V703_0132,panel,HIV-1,C.ZA.2018.V703_0132_200_RE_PBLIB002_S.ON890943,-,,UD,>25: Mkhize2023
V703_0157_090S,,C,<12mo,,MALAWI,2018,ON890945,,Yes,V703_0157,panel,HIV-1,C.MW.2018.V703_0157_090S.ON890945,-,,UD,>25: Mkhize2023
V703_0203_081_RE_E8A5S,,C,<12mo,,MALAWI,2019,ON890947,,Yes,V703_0203,panel,HIV-1,C.MW.2019.V703_0203_081_RE_E8A5S.ON890947,-,,15.2818,15.2818: Mkhize2023
V703_0203_081_RE_PBLIB002_S,,C,<12mo,,MALAWI,2019,ON890946,,Yes,V703_0203,panel,HIV-1,C.MW.2019.V703_0203_081_RE_PBLIB002_S.ON890946,-,,17.2545,17.2545: Mkhize2023
V703_0217_050E_2A3,,C,<12mo,,ZAMBIA,2017,ON890949,,Yes,V703_0217,panel,HIV-1,C.ZM.2017.V703_0217_050E_2A3.ON890949,-,,UD,>25: Mkhize2023
V703_0217_050_RE_PBLIB002_S,,C,<12mo,,ZAMBIA,2017,ON890948,,Yes,V703_0217,panel,HIV-1,C.ZM.2017.V703_0217_050_RE_PBLIB002_S.ON890948,-,,UD,>25: Mkhize2023
V703_0279_110S,,C,<12mo,,SOUTH AFRICA,2018,ON890950,,Yes,V703_0279,panel,HIV-1,C.ZA.2018.V703_0279_110S.ON890950,-,,3.9365,3.9365: Mkhize2023
V703_0279_110_RE_PBLIB002_S,,C,<12mo,,SOUTH AFRICA,2018,ON890951,,Yes,V703_0279,panel,HIV-1,C.ZA.2018.V703_0279_110_RE_PBLIB002_S.ON890951,-,,4.6208,4.6208: Mkhize2023
V703_0309_100S,,C,<12mo,,MALAWI,2018,ON890952,,Yes,V703_0309,panel,HIV-1,C.MW.2018.V703_0309_100S.ON890952,-,,1.7809,1.7809: Mkhize2023
V703_0309_100_RE_PBLIB002_S,,C,<12mo,,MALAWI,2018,ON890953,,Yes,V703_0309,panel,HIV-1,C.MW.2018.V703_0309_100_RE_PBLIB002_S.ON890953,-,,1.5369,1.5369: Mkhize2023
V703_0322_130S_M1I,,C,<12mo,,MALAWI,2018,ON890954,,Yes,V703_0322,panel,HIV-1,C.MW.2018.V703_0322_130S_M1I.ON890954,-,,4.6187,4.6187: Mkhize2023
V703_0406_240_RE_E11E4S,,C,<12mo,,SOUTH AFRICA,2018,ON890958,,Yes,V703_0406,panel,HIV-1,C.ZA.2018.V703_0406_240_RE_E11E4S.ON890958,-,,UD,>25: Mkhize2023
V703_0406_240_RE_E12B2S,,C,<12mo,,SOUTH AFRICA,2018,ON890959,,Yes,V703_0406,panel,HIV-1,C.ZA.2018.V703_0406_240_RE_E12B2S.ON890959,-,,18.1001,18.1001: Mkhize2023
V703_0455_160_RE_CS,,C,<12mo,,SOUTH AFRICA,2019,ON890960,,Yes,V703_0455,panel,HIV-1,C.ZA.2019.V703_0455_160_RE_CS.ON890960,-,,UD,>25: Mkhize2023
V703_0458_260_RE_SGA6H5_S,,C,<12mo,,ZAMBIA,2018,ON890961,,Yes,V703_0458,panel,HIV-1,C.ZM.2018.V703_0458_260_RE_SGA6H5_S.ON890961,-,,0.0877,0.0877: Mkhize2023
V703_0472_030S,,C,<12mo,,MALAWI,2017,ON890962,,Yes,V703_0472,panel,HIV-1,C.MW.2017.V703_0472_030S.ON890962,-,,0.0735,0.0735: Mkhize2023
V703_0482_250ES,,C,<12mo,,SOUTH AFRICA,2018,ON890963,,Yes,V703_0482,panel,HIV-1,C.ZA.2018.V703_0482_250ES.ON890963,-,,UD,>25: Mkhize2023
V703_0510_260_RE_PBLIB001_S,,C,<12mo,,ZAMBIA,2019,ON890964,,Yes,V703_0510,panel,HIV-1,C.ZM.2019.V703_0510_260_RE_PBLIB001_S.ON890964,-,,13.8243,13.8243: Mkhize2023
V703_0510_260_RE_PBLIB002_S,,C,<12mo,,ZAMBIA,2019,ON890965,,Yes,V703_0510,panel,HIV-1,C.ZM.2019.V703_0510_260_RE_PBLIB002_S.ON890965,-,,15.9289,15.9289: Mkhize2023
V703_0510_260_RE_PBLIB003_S,,C,<12mo,,ZAMBIA,2019,ON890966,,Yes,V703_0510,panel,HIV-1,C.ZM.2019.V703_0510_260_RE_PBLIB003_S.ON890966,-,,UD,>25: Mkhize2023
V703_0514_150ES_A4_V02_028,,C,<12mo,,SOUTH AFRICA,2017,ON890969,,Yes,V703_0514,panel,HIV-1,C.ZA.2017.V703_0514_150ES_A4_V02_028.ON890969,-,,0.1416,0.1416: Mkhize2023
V703_0514_150ES_F4_V03_024,,C,<12mo,,SOUTH AFRICA,2017,ON890970,,Yes,V703_0514,panel,HIV-1,C.ZA.2017.V703_0514_150ES_F4_V03_024.ON890970,-,,UD,>25: Mkhize2023
V703_0514_150S_6C1,,C,<12mo,,SOUTH AFRICA,2017,ON890971,,Yes,V703_0514,panel,HIV-1,C.ZA.2017.V703_0514_150S_6C1.ON890971,-,,UD,>25: Mkhize2023
V703_0514_150_RE_PBLIB004_S,,C,<12mo,,SOUTH AFRICA,2017,ON890968,,Yes,V703_0514,panel,HIV-1,C.ZA.2017.V703_0514_150_RE_PBLIB004_S.ON890968,-,,UD,>25: Mkhize2023
V703_0520_030ES,,C,<12mo,,ZAMBIA,2017,ON890972,,Yes,V703_0520,panel,HIV-1,C.ZM.2017.V703_0520_030ES.ON890972,-,,0.4276,0.4276: Mkhize2023
V703_0537_011S_2B5,,C,<12mo,,SOUTH AFRICA,2017,ON890974,,Yes,V703_0537,panel,HIV-1,C.ZA.2017.V703_0537_011S_2B5.ON890974,-,,0.0695,0.0695: Mkhize2023
V703_0537_011S_4H1,,C,<12mo,,SOUTH AFRICA,2017,ON890975,,Yes,V703_0537,panel,HIV-1,C.ZA.2017.V703_0537_011S_4H1.ON890975,-,,0.257,0.257: Mkhize2023
V703_0537_110_RE_PBLIB003_S,,C,<12mo,,SOUTH AFRICA,2017,ON890973,,Yes,V703_0537,panel,HIV-1,C.ZA.2017.V703_0537_110_RE_PBLIB003_S.ON890973,-,,0.1947,0.1947: Mkhize2023
V703_0566_160S,,C,<12mo,,SOUTH AFRICA,2017,ON890976,,Yes,V703_0566,panel,HIV-1,C.ZA.2017.V703_0566_160S.ON890976,-,,5.2121,5.2121: Mkhize2023
V703_0566_160_RE_PBLIB002_S,,C,<12mo,,SOUTH AFRICA,2017,ON890977,,Yes,V703_0566,panel,HIV-1,C.ZA.2017.V703_0566_160_RE_PBLIB002_S.ON890977,-,,10.6147,10.6147: Mkhize2023
V703_0578_130_RE_CS,,C,<12mo,,SOUTH AFRICA,2018,ON890978,,Yes,V703_0578,panel,HIV-1,C.ZA.2018.V703_0578_130_RE_CS.ON890978,-,,0.693,0.693: Mkhize2023
V703_0597_190_RE_E5A1S,,C,<12mo,,SOUTH AFRICA,2019,ON890981,,Yes,V703_0597,panel,HIV-1,C.ZA.2019.V703_0597_190_RE_E5A1S.ON890981,-,,2.3949,2.3949: Mkhize2023
V703_0597_190_RE_PBLIB002_S,,C,<12mo,,SOUTH AFRICA,2019,ON890979,,Yes,V703_0597,panel,HIV-1,C.ZA.2019.V703_0597_190_RE_PBLIB002_S.ON890979,-,,3.8362,3.8362: Mkhize2023
V703_0597_190_RE_PBLIB003_S,,C,<12mo,,SOUTH AFRICA,2019,ON890980,,Yes,V703_0597,panel,HIV-1,C.ZA.2019.V703_0597_190_RE_PBLIB003_S.ON890980,-,,2.712,2.712: Mkhize2023
V703_0629_150_RE_E5A2S,,C,<12mo,,BOTSWANA,2018,ON890985,,Yes,V703_0629,panel,HIV-1,C.BW.2018.V703_0629_150_RE_E5A2S.ON890985,-,,2.5153,2.5153: Mkhize2023
V703_0629_150_RE_PBLIB002_S,,C,<12mo,,BOTSWANA,2018,ON890982,,Yes,V703_0629,panel,HIV-1,C.BW.2018.V703_0629_150_RE_PBLIB002_S.ON890982,-,,4.3929,4.3929: Mkhize2023
V703_0629_150_RE_PBLIB003_S,,C,<12mo,,BOTSWANA,2018,ON890983,,Yes,V703_0629,panel,HIV-1,C.BW.2018.V703_0629_150_RE_PBLIB003_S.ON890983,-,,3.7899,3.7899: Mkhize2023
V703_0629_150_RE_PBLIB004_S,,C,<12mo,,BOTSWANA,2018,ON890984,,Yes,V703_0629,panel,HIV-1,C.BW.2018.V703_0629_150_RE_PBLIB004_S.ON890984,-,,3.3096,3.3096: Mkhize2023
V703_0636_200ES,,C,<12mo,,ZAMBIA,2018,ON890986,,Yes,V703_0636,panel,HIV-1,C.ZM.2018.V703_0636_200ES.ON890986,-,,1.6297,1.6297: Mkhize2023
V703_0646_051SN,,C,<12mo,,SOUTH AFRICA,2017,ON890987,,Yes,V703_0646,panel,HIV-1,C.ZA.2017.V703_0646_051SN.ON890987,-,,15.7791,15.7791: Mkhize2023
V703_0712_250_RE_PBLIB001_S,,C,<12mo,,SOUTH AFRICA,2019,ON890988,,Yes,V703_0712,panel,HIV-1,C.ZA.2019.V703_0712_250_RE_PBLIB001_S.ON890988,-,,7.6935,7.6935: Mkhize2023
V703_0712_250_RE_PBLIB002_S,,C,<12mo,,SOUTH AFRICA,2019,ON890989,,Yes,V703_0712,panel,HIV-1,C.ZA.2019.V703_0712_250_RE_PBLIB002_S.ON890989,-,,1.3203,1.3203: Mkhize2023
V703_0739_110S,,C,<12mo,,SOUTH AFRICA,2017,ON890990,,Yes,V703_0739,panel,HIV-1,C.ZA.2017.V703_0739_110S.ON890990,-,,0.4577,0.4577: Mkhize2023
V703_0790_190_RE_E5G1S,,C,<12mo,,ZAMBIA,2018,ON890993,,Yes,V703_0790,panel,HIV-1,C.ZM.2018.V703_0790_190_RE_E5G1S.ON890993,-,,13.0163,13.0163: Mkhize2023
V703_0790_190_RE_PBLIB002_S,,C,<12mo,,ZAMBIA,2018,ON890991,,Yes,V703_0790,panel,HIV-1,C.ZM.2018.V703_0790_190_RE_PBLIB002_S.ON890991,-,,UD,>25: Mkhize2023
V703_0795_040S,,C,<12mo,,SOUTH AFRICA,2017,ON890994,,Yes,V703_0795,panel,HIV-1,C.ZA.2017.V703_0795_040S.ON890994,-,,4.7705,4.7705: Mkhize2023
V703_0805_770_RE_E10C9S,,C,<12mo,,SOUTH AFRICA,2019,ON890995,,Yes,V703_0805,panel,HIV-1,C.ZA.2019.V703_0805_770_RE_E10C9S.ON890995,-,,0.8112,0.8112: Mkhize2023
V703_0805_770_RE_E10F8S,,C,<12mo,,SOUTH AFRICA,2019,ON890996,,Yes,V703_0805,panel,HIV-1,C.ZA.2019.V703_0805_770_RE_E10F8S.ON890996,-,,0.995,0.995: Mkhize2023
V703_0842_200ES,,C,<12mo,,ZAMBIA,2018,ON890997,,Yes,V703_0842,panel,HIV-1,C.ZM.2018.V703_0842_200ES.ON890997,-,,UD,>25: Mkhize2023
V703_0860_150ES,,C,<12mo,,BOTSWANA,2018,ON890998,,Yes,V703_0860,panel,HIV-1,C.BW.2018.V703_0860_150ES.ON890998,-,,2.6347,2.6347: Mkhize2023
V703_0865_070S,,G,<12mo,,KENYA,2017,ON890999,,Yes,V703_0865,panel,HIV-1,G.KE.2017.V703_0865_070S.ON890999,-,,UD,>25: Mkhize2023
V703_0902_140_RE_P01S,,C,<12mo,,SOUTH AFRICA,2018,ON891000,,Yes,V703_0902,panel,HIV-1,C.ZA.2018.V703_0902_140_RE_P01S.ON891000,-,,UD,>25: Mkhize2023
V703_0926_070S_2H2,,C,<12mo,,SOUTH AFRICA,2017,ON891001,,Yes,V703_0926,panel,HIV-1,C.ZA.2017.V703_0926_070S_2H2.ON891001,-,,UD,>25: Mkhize2023
V703_0944_180S,,C,<12mo,,BOTSWANA,2017,ON891002,,Yes,V703_0944,panel,HIV-1,C.BW.2017.V703_0944_180S.ON891002,-,,UD,>25: Mkhize2023
V703_0948_170_RE_E4D2S,,C,<12mo,,ZAMBIA,2018,ON891003,,Yes,V703_0948,panel,HIV-1,C.ZM.2018.V703_0948_170_RE_E4D2S.ON891003,-,,5.3226,5.3226: Mkhize2023
V703_0967_040S,,C,<12mo,,MALAWI,2018,ON891004,,Yes,V703_0967,panel,HIV-1,C.MW.2018.V703_0967_040S.ON891004,-,,1.1086,1.1086: Mkhize2023
V703_0993_110_RE_CS,,C,<12mo,,SOUTH AFRICA,2019,ON891005,,Yes,V703_0993,panel,HIV-1,C.ZA.2019.V703_0993_110_RE_CS.ON891005,-,,2.2088,2.2088: Mkhize2023
V703_1026_120ES_A5,,C,<12mo,,SOUTH AFRICA,2018,ON891006,,Yes,V703_1026,panel,HIV-1,C.ZA.2018.V703_1026_120ES_A5.ON891006,-,,3.7537,3.7537: Mkhize2023
V703_1034_190_RE_E5D5S,,C,<12mo,,MOZAMBIQUE,2019,ON891009,,Yes,V703_1034,panel,HIV-1,C.MZ.2019.V703_1034_190_RE_E5D5S.ON891009,-,,16.0584,16.0584: Mkhize2023
V703_1034_190_RE_PBLIB002_S,,C,<12mo,,MOZAMBIQUE,2019,ON891007,,Yes,V703_1034,panel,HIV-1,C.MZ.2019.V703_1034_190_RE_PBLIB002_S.ON891007,-,,22.7981,22.7981: Mkhize2023
V703_1034_190_RE_PBLIB003_S,,C,<12mo,,MOZAMBIQUE,2019,ON891008,,Yes,V703_1034,panel,HIV-1,C.MZ.2019.V703_1034_190_RE_PBLIB003_S.ON891008,-,,7.6523,7.6523: Mkhize2023
V703_1060_080S,,C,<12mo,,SOUTH AFRICA,2017,ON891010,,Yes,V703_1060,panel,HIV-1,C.ZA.2017.V703_1060_080S.ON891010,-,,6.2655,6.2655: Mkhize2023
V703_1104_100_RE10A5S,,C,<12mo,,ZAMBIA,2017,ON891012,,Yes,V703_1104,panel,HIV-1,C.ZM.2017.V703_1104_100_RE10A5S.ON891012,-,,UD,>25: Mkhize2023
V703_1104_100_RE10GS,,C,<12mo,,ZAMBIA,2017,ON891013,,Yes,V703_1104,panel,HIV-1,C.ZM.2017.V703_1104_100_RE10GS.ON891013,-,,UD,>25: Mkhize2023
V703_1104_100_RE_PBLIB001_S,,C,<12mo,,ZAMBIA,2017,ON891011,,Yes,V703_1104,panel,HIV-1,C.ZM.2017.V703_1104_100_RE_PBLIB001_S.ON891011,-,,22.0665,22.0665: Mkhize2023
V703_1194_150_RE_CS,,C,<12mo,,SOUTH AFRICA,2019,ON891014,,Yes,V703_1194,panel,HIV-1,C.ZA.2019.V703_1194_150_RE_CS.ON891014,-,,4.842,4.842: Mkhize2023
V703_1194_150_RE_PBLIB002_S,,C,<12mo,,SOUTH AFRICA,2019,ON891015,,Yes,V703_1194,panel,HIV-1,C.ZA.2019.V703_1194_150_RE_PBLIB002_S.ON891015,-,,6.9281,6.9281: Mkhize2023
V703_1240_201_RE_PBLIB003_S,,C,<12mo,,SOUTH AFRICA,2019,ON891017,,Yes,V703_1240,panel,HIV-1,C.ZA.2019.V703_1240_201_RE_PBLIB003_S.ON891017,-,,4.5246,4.5246: Mkhize2023
V703_1240_201_RE_SGA3D1_S,,C,<12mo,,SOUTH AFRICA,2019,ON891018,,Yes,V703_1240,panel,HIV-1,C.ZA.2019.V703_1240_201_RE_SGA3D1_S.ON891018,-,,UD,>25: Mkhize2023
V703_1240_201_RE_SGA4F1_S,,C,<12mo,,SOUTH AFRICA,2019,ON891019,,Yes,V703_1240,panel,HIV-1,C.ZA.2019.V703_1240_201_RE_SGA4F1_S.ON891019,-,,4.7564,4.7564: Mkhize2023
V703_1255_260_RE_PBLIB003_S,,02C,<12mo,,SOUTH AFRICA,2019,ON891021,,Yes,V703_1255,panel,HIV-1,02C.ZA.2019.V703_1255_260_RE_PBLIB003_S.ON891021,-,,UD,>25: Mkhize2023
V703_1298_080_RE_PBLIB002_S,,C,<12mo,,ZAMBIA,2017,ON891024,,Yes,V703_1298,panel,HIV-1,C.ZM.2017.V703_1298_080_RE_PBLIB002_S.ON891024,-,,UD,>25: Mkhize2023
V703_1313_040S,,C,<12mo,,SOUTH AFRICA,2017,ON891026,,Yes,V703_1313,panel,HIV-1,C.ZA.2017.V703_1313_040S.ON891026,-,,2.4732,2.4732: Mkhize2023
V703_1357_230ES_H1,,C,<12mo,,SOUTH AFRICA,2018,ON891027,,Yes,V703_1357,panel,HIV-1,C.ZA.2018.V703_1357_230ES_H1.ON891027,-,,15.8414,15.8414: Mkhize2023
V703_1383_240_RE_E5D3S,,C,<12mo,,BOTSWANA,2018,ON891030,,Yes,V703_1383,panel,HIV-1,C.BW.2018.V703_1383_240_RE_E5D3S.ON891030,-,,1.1959,1.1959: Mkhize2023
V703_1383_240_RE_PBLIB002_S,,C,<12mo,,BOTSWANA,2018,ON891028,,Yes,V703_1383,panel,HIV-1,C.BW.2018.V703_1383_240_RE_PBLIB002_S.ON891028,-,,1.603,1.603: Mkhize2023
V703_1383_240_RE_PBLIB003_S,,C,<12mo,,BOTSWANA,2018,ON891029,,Yes,V703_1383,panel,HIV-1,C.BW.2018.V703_1383_240_RE_PBLIB003_S.ON891029,-,,1.0022,1.0022: Mkhize2023
V703_1407_090S_4G4,,C,<12mo,,SOUTH AFRICA,2017,ON891033,,Yes,V703_1407,panel,HIV-1,C.ZA.2017.V703_1407_090S_4G4.ON891033,-,,3.9884,3.9884: Mkhize2023
V703_1407_090_RE_PBLIB003_S,,C,<12mo,,SOUTH AFRICA,2017,ON891032,,Yes,V703_1407,panel,HIV-1,C.ZA.2017.V703_1407_090_RE_PBLIB003_S.ON891032,-,,3.6271,3.6271: Mkhize2023
V703_1446_040S,,C,<12mo,,SOUTH AFRICA,2017,ON891034,,Yes,V703_1446,panel,HIV-1,C.ZA.2017.V703_1446_040S.ON891034,-,,UD,>25: Mkhize2023
V703_1453_240_RE_E9B7S,,C,<12mo,,SOUTH AFRICA,2018,ON891036,,Yes,V703_1453,panel,HIV-1,C.ZA.2018.V703_1453_240_RE_E9B7S.ON891036,-,,7.0378,7.0378: Mkhize2023
V703_1453_240_RE_PBLIB002_S,,C,<12mo,,SOUTH AFRICA,2018,ON891035,,Yes,V703_1453,panel,HIV-1,C.ZA.2018.V703_1453_240_RE_PBLIB002_S.ON891035,-,,13.127,13.127: Mkhize2023
V703_1471_190S,,C,<12mo,,SOUTH AFRICA,2017,ON891037,,Yes,V703_1471,panel,HIV-1,C.ZA.2017.V703_1471_190S.ON891037,-,,0.5218,0.5218: Mkhize2023
V703_1515_120ES,,C,<12mo,,SOUTH AFRICA,2018,ON891038,,Yes,V703_1515,panel,HIV-1,C.ZA.2018.V703_1515_120ES.ON891038,-,,UD,>25: Mkhize2023
V703_1515_120_RE_PBLIB002_S,,C,<12mo,,SOUTH AFRICA,2018,ON891039,,Yes,V703_1515,panel,HIV-1,C.ZA.2018.V703_1515_120_RE_PBLIB002_S.ON891039,-,,UD,>25: Mkhize2023
V703_1551_143S_2G8,,C,<12mo,,SOUTH AFRICA,2017,ON891042,,Yes,V703_1551,panel,HIV-1,C.ZA.2017.V703_1551_143S_2G8.ON891042,-,,0.823,0.823: Mkhize2023
V703_1586_210_RE_PBLIB002_S,,C,<12mo,,ZAMBIA,2019,ON891043,,Yes,V703_1586,panel,HIV-1,C.ZM.2019.V703_1586_210_RE_PBLIB002_S.ON891043,-,,UD,>25: Mkhize2023
V703_1586_210_RE_SGA3E8_S,,C,<12mo,,ZAMBIA,2019,ON891044,,Yes,v703_1586,panel,HIV-1,C.ZM.2019.V703_1586_210_RE_SGA3E8_S.ON891044,-,,UD,>25: Mkhize2023
V703_1670_220_RE_CS,,C,<12mo,,ZAMBIA,2018,ON891045,,Yes,V703_1670,panel,HIV-1,C.ZM.2018.V703_1670_220_RE_CS.ON891045,-,,UD,>25: Mkhize2023
V703_1675_080S,,C,<12mo,,SOUTH AFRICA,2017,ON891047,,Yes,V703_1675,panel,HIV-1,C.ZA.2017.V703_1675_080S.ON891047,-,,1.3686,1.3686: Mkhize2023
V703_1675_G613S,,C,<12mo,,SOUTH AFRICA,2017,ON891046,,Yes,V703_1675,panel,HIV-1,C.ZA.2017.V703_1675_G613S.ON891046,-,,1.3422,1.3422: Mkhize2023
V703_1687_100ES,,C,<12mo,,SOUTH AFRICA,2018,ON891048,,Yes,V703_1687,panel,HIV-1,C.ZA.2018.V703_1687_100ES.ON891048,-,,3.1843,3.1843: Mkhize2023
V703_1689_110_RE_E4E6S,,C,<12mo,,ZAMBIA,2019,ON891050,,Yes,V703_1689,panel,HIV-1,C.ZM.2019.V703_1689_110_RE_E4E6S.ON891050,-,,UD,>25: Mkhize2023
V703_1714_080C,,C,<12mo,,ZAMBIA,2017,ON891051,,Yes,V703_1714,panel,HIV-1,C.ZM.2017.V703_1714_080C.ON891051,-,,1.0341,1.0341: Mkhize2023
V703_1714_080_RE_PBLIB002_S,,C,<12mo,,ZAMBIA,2017,ON891052,,Yes,V703_1714,panel,HIV-1,C.ZM.2017.V703_1714_080_RE_PBLIB002_S.ON891052,-,,UD,>25: Mkhize2023
V703_1750_140ES,,C,<12mo,,SOUTH AFRICA,2018,ON891053,,Yes,V703_1750,panel,HIV-1,C.ZA.2018.V703_1750_140ES.ON891053,-,,2.8549,2.8549: Mkhize2023
V703_1758_260_RE_CS,,C,<12mo,,SOUTH AFRICA,2019,ON891054,,Yes,V703_1758,panel,HIV-1,C.ZA.2019.V703_1758_260_RE_CS.ON891054,-,,1.4305,1.4305: Mkhize2023
V703_1764_250_RE_CS,,C,<12mo,,SOUTH AFRICA,2019,ON891055,,Yes,V703_1764,panel,HIV-1,C.ZA.2019.V703_1764_250_RE_CS.ON891055,-,,0.8038,0.8038: Mkhize2023
V703_1783_170ES,,C,<12mo,,SOUTH AFRICA,2018,ON891057,,Yes,V703_1783,panel,HIV-1,C.ZA.2018.V703_1783_170ES.ON891057,-,,2.0621,2.0621: Mkhize2023
V703_1789_230_RE_E3A3S,,C,<12mo,,MALAWI,2018,ON891058,,Yes,V703_1789,panel,HIV-1,C.MW.2018.V703_1789_230_RE_E3A3S.ON891058,-,,UD,>25: Mkhize2023
V703_1798_170_RE_P01S,,C,<12mo,,SOUTH AFRICA,2018,ON891059,,Yes,V703_1798,panel,HIV-1,C.ZA.2018.V703_1798_170_RE_P01S.ON891059,-,,UD,>25: Mkhize2023
V703_1807_240_RE_CS,,C,<12mo,,MALAWI,2019,ON891060,,Yes,V703_1807,panel,HIV-1,C.MW.2019.V703_1807_240_RE_CS.ON891060,-,,5.7137,5.7137: Mkhize2023
V703_1828_220ES,,C,<12mo,,SOUTH AFRICA,2018,ON891061,,Yes,V703_1828,panel,HIV-1,C.ZA.2018.V703_1828_220ES.ON891061,-,,1.0775,1.0775: Mkhize2023
V703_1848_190_RE_E6D1S,,C,<12mo,,MALAWI,2019,ON891063,,Yes,V703_1848,panel,HIV-1,C.MW.2019.V703_1848_190_RE_E6D1S.ON891063,-,,4.15,4.15: Mkhize2023
V703_1848_190_RE_PBLIB002_S,,C,<12mo,,MALAWI,2019,ON891062,,Yes,V703_1848,panel,HIV-1,C.MW.2019.V703_1848_190_RE_PBLIB002_S.ON891062,-,,4.2223,4.2223: Mkhize2023
V703_1855_162_RE_PBLIB003_S,,C,<12mo,,SOUTH AFRICA,2018,ON891066,,Yes,V703_1855,panel,HIV-1,C.ZA.2018.V703_1855_162_RE_PBLIB003_S.ON891066,-,,6.8308,6.8308: Mkhize2023
V703_1889_100ES,,C,<12mo,,SOUTH AFRICA,2018,ON891068,,Yes,V703_1889,panel,HIV-1,C.ZA.2018.V703_1889_100ES.ON891068,-,,UD,>25: Mkhize2023
V703_1915_250_RE_SGAA3_S,,C,<12mo,,SOUTH AFRICA,2019,ON891069,,Yes,V703_1915,panel,HIV-1,C.ZA.2019.V703_1915_250_RE_SGAA3_S.ON891069,-,,2.2571,2.2571: Mkhize2023
V703_1945_090S_2A3,,C,<12mo,,SOUTH AFRICA,2016,ON891071,,Yes,V703_1945,panel,HIV-1,C.ZA.2016.V703_1945_090S_2A3.ON891071,-,,3.6366,3.6366: Mkhize2023
V703_1945_090S_2F1,,C,<12mo,,SOUTH AFRICA,2016,ON891072,,Yes,V703_1945,panel,HIV-1,C.ZA.2016.V703_1945_090S_2F1.ON891072,-,,2.1049,2.1049: Mkhize2023
V703_1945_090S_3D5,,C,<12mo,,SOUTH AFRICA,2016,ON891073,,Yes,V703_1945,panel,HIV-1,C.ZA.2016.V703_1945_090S_3D5.ON891073,-,,1.9496,1.9496: Mkhize2023
V703_2018_240_RE_E6A1S,,C,<12mo,,SOUTH AFRICA,2019,ON891075,,Yes,V703_2018,panel,HIV-1,C.ZA.2019.V703_2018_240_RE_E6A1S.ON891075,-,,2.8441,2.8441: Mkhize2023
V703_2038_260_RE_E5C3S,,C,<12mo,,BOTSWANA,2019,ON891076,,Yes,V703_2038,panel,HIV-1,C.BW.2019.V703_2038_260_RE_E5C3S.ON891076,-,,UD,>25: Mkhize2023
V703_2117_110_RE_E2A10S,,C,<12mo,,SOUTH AFRICA,2019,ON891077,,Yes,V703_2117,panel,HIV-1,C.ZA.2019.V703_2117_110_RE_E2A10S.ON891077,-,,0.6427,0.6427: Mkhize2023
V703_2141_160_RE_SGA3D6_S,,C,<12mo,,BOTSWANA,2019,ON891078,,Yes,V703_2141,panel,HIV-1,C.BW.2019.V703_2141_160_RE_SGA3D6_S.ON891078,-,,2.8875,2.8875: Mkhize2023
V703_2149_060_RE_EB10S,,C,<12mo,,MALAWI,2018,ON891079,,Yes,V703_2149,panel,HIV-1,C.MW.2018.V703_2149_060_RE_EB10S.ON891079,-,,0.6489,0.6489: Mkhize2023
V703_2304_150_RE_CS,,C,<12mo,,SOUTH AFRICA,2019,ON891080,,Yes,V703_2304,panel,HIV-1,C.ZA.2019.V703_2304_150_RE_CS.ON891080,-,,0.5357,0.5357: Mkhize2023
V703_2372_170_RE_CON_S,,C,<12mo,,MALAWI,2019,ON891081,,Yes,V703_2372,panel,HIV-1,C.MW.2019.V703_2372_170_RE_CON_S.ON891081,-,,3.2756,3.2756: Mkhize2023
V703_2539_070_RE_E6F6S,,C,<12mo,,SOUTH AFRICA,2018,ON891083,,Yes,V703_2539,panel,HIV-1,C.ZA.2018.V703_2539_070_RE_E6F6S.ON891083,-,,4.2517,4.2517: Mkhize2023
V703_2631_150_RE_E2F8S,,C,<12mo,,MALAWI,2019,ON891084,,Yes,V703_2631,panel,HIV-1,C.MW.2019.V703_2631_150_RE_E2F8S.ON891084,-,,1.8281,1.8281: Mkhize2023
V703_2769_050_RE_P01S,,C,<12mo,,SOUTH AFRICA,2018,ON891085,,Yes,V703_2769,panel,HIV-1,C.ZA.2018.V703_2769_050_RE_P01S.ON891085,-,,UD,>25: Mkhize2023
V703_2769_050_RE_PBLIB002_S,,C,<12mo,,SOUTH AFRICA,2018,ON891086,,Yes,V703_2769,panel,HIV-1,C.ZA.2018.V703_2769_050_RE_PBLIB002_S.ON891086,-,,0.4097,0.4097: Mkhize2023
V703_2788_030ES_B1,,C,<12mo,,MALAWI,2018,ON891087,,Yes,V703_2788,panel,HIV-1,C.MW.2018.V703_2788_030ES_B1.ON891087,-,,2.7234,2.7234: Mkhize2023
V703_2805_080ES,,C,<12mo,,MOZAMBIQUE,2018,ON891088,,Yes,V703_2805,panel,HIV-1,C.MZ.2018.V703_2805_080ES.ON891088,-,,1.2914,1.2914: Mkhize2023
V703_2805_080_RE_PBLIB002_S,,C,<12mo,,MOZAMBIQUE,2018,ON891089,,Yes,V703_2805,panel,HIV-1,C.MZ.2018.V703_2805_080_RE_PBLIB002_S.ON891089,-,,UD,>25: Mkhize2023
V703_2934_110_RE_CS,,C,<12mo,,SOUTH AFRICA,2019,ON891090,,Yes,V703_2934,panel,HIV-1,C.ZA.2019.V703_2934_110_RE_CS.ON891090,-,,23.9621,23.9621: Mkhize2023
V703_3000_090_RE_PBLIB001_S,,C,<12mo,,SOUTH AFRICA,2018,ON891091,,Yes,V703_3000,panel,HIV-1,C.ZA.2018.V703_3000_090_RE_PBLIB001_S.ON891091,-,,0.2493,0.2493: Mkhize2023
V703_3000_090_RE_PBLIB002_S,,C,<12mo,,SOUTH AFRICA,2018,ON891092,,Yes,V703_3000,panel,HIV-1,C.ZA.2018.V703_3000_090_RE_PBLIB002_S.ON891092,-,,3.0422,3.0422: Mkhize2023
V704_0011_240_RE_PB001_S,,B,<12mo,,PERU,2019,OR508950,"AMP231, H704_0011_240_RE_pb001_s",Yes,V704_0011,panel,HIV-1,B.PE.2019.V704_0011_240_RE_PB001_S.OR508950,0.122,0.122: Montefiori_HVTN,0.346,0.346: Mkhize2023;0.346: Montefiori_HVTN
V704_0011_240_RE_PB002_S,,B,<12mo,,PERU,2019,OR508948,"AMP226, H704_0011_240_RE_pb002_s",Yes,V704_0011,panel,HIV-1,B.PE.2019.V704_0011_240_RE_PB002_S.OR508948,0.086,0.086: Montefiori_HVTN,0.321,0.321: Mkhize2023;0.321: Montefiori_HVTN
V704_0011_240_RE_PB003_S,,B,<12mo,,PERU,2019,OR508949,"AMP227, H704_0011_240_RE_pb003_s",Yes,V704_0011,panel,HIV-1,B.PE.2019.V704_0011_240_RE_PB003_S.OR508949,0.097,0.097: Montefiori_HVTN,0.345,0.345: Mkhize2023;0.345: Montefiori_HVTN
V704_0026_231_RE_PBSGA001_S,,B,<12mo,,PERU,2019,OQ912888,"AMP245, H704_0026_231_RE_pbsga001_s",Yes,V704_0026,panel,HIV-1,B.PE.2019.V704_0026_231_RE_PBSGA001_S.OQ912888,0.46,0.46: Montefiori_HVTN,1.16722,1.048: Mkhize2023;1.3: Montefiori_HVTN
V704_0029_170_RE_P001S,,B,<12mo,,PERU,2019,ON980814,AMP216,Yes,V704_0029,panel,HIV-1,B.PE.2019.V704_0029_170_RE_P001S.ON980814,1.19,1.19: Montefiori_HVTN,3.193,3.193: Mkhize2023;3.193: Montefiori_HVTN
V704_0029_170_RE_P002S,,B,<12mo,,PERU,2019,ON980815,AMP233,Yes,V704_0029,panel,HIV-1,B.PE.2019.V704_0029_170_RE_P002S.ON980815,1.339,1.339: Montefiori_HVTN,3.636,3.636: Mkhize2023;3.636: Montefiori_HVTN
V704_0029_170_RE_P003S,,B,<12mo,,PERU,2019,ON980816,AMP234,Yes,V704_0029,panel,HIV-1,B.PE.2019.V704_0029_170_RE_P003S.ON980816,0.29,0.29: Montefiori_HVTN,0.809,0.809: Mkhize2023;0.809: Montefiori_HVTN
V704_0128_220_RE_PB001_S,,BF1,<12mo,,PERU,2019,ON980817,AMP228,Yes,V704_0128,panel,HIV-1,BF1.PE.2019.V704_0128_220_RE_PB001_S.ON980817,0.04,0.04: Montefiori_HVTN,1.50591,0.965: Mkhize2023;2.35: Montefiori_HVTN
V704_0128_220_RE_PBLIB002_S,,BF1,<12mo,,PERU,2019,ON980818,AMP281,Yes,V704_0128,panel,HIV-1,BF1.PE.2019.V704_0128_220_RE_PBLIB002_S.ON980818,0.16,0.16: Montefiori_HVTN,0.37,0.37: Montefiori_HVTN
V704_0175_100SN,,B,<12mo,,PERU,2018,ON980819,AMP56,Yes,V704_0175,panel,HIV-1,B.PE.2018.V704_0175_100SN.ON980819,0.817,0.817: Montefiori_HVTN,3.553,3.553: Mkhize2023;3.553: Montefiori_HVTN
V704_0218_030CN,,B,<12mo,,UNITED STATES,2017,ON980820,AMP22,Yes,V704_0218,panel,HIV-1,B.US.2017.V704_0218_030CN.ON980820,2.467,2.467: Montefiori_HVTN,6.931,6.931: Mkhize2023;6.931: Montefiori_HVTN
V704_0279_080_RE_PBSGA001_S,,BF1,<12mo,,PERU,2018,OR508961,AMP274,Yes,V704_0279,panel,HIV-1,BF1.PE.2018.V704_0279_080_RE_PBSGA001_S.OR508961,0.582,0.582: Montefiori_HVTN,1.982,1.982: Montefiori_HVTN
V704_0298_180_RE_CS,,B,<12mo,,PERU,2019,ON980821,AMP176,Yes,V704_0298,panel,HIV-1,B.PE.2019.V704_0298_180_RE_CS.ON980821,1.672,1.672: Montefiori_HVTN,4.564,4.564: Mkhize2023;4.564: Montefiori_HVTN
V704_0340_150ESN,,B,<12mo,,PERU,2018,ON980822,AMP145,Yes,V704_0340,panel,HIV-1,B.PE.2018.V704_0340_150ESN.ON980822,2.159,2.159: Montefiori_HVTN,10.448,10.448: Mkhize2023;10.448: Montefiori_HVTN
V704_0372_250_RE_PBLIB001_S,,B,<12mo,,PERU,2019,OQ912889,"AMP268, H704_0372_250_RE_pblib001_s",Yes,V704_0372,panel,HIV-1,B.PE.2019.V704_0372_250_RE_PBLIB001_S.OQ912889,0.415,0.415: Montefiori_HVTN,1.19675,1.085: Mkhize2023;1.32: Montefiori_HVTN
V704_0372_250_RE_PBLIB002_S,,B,<12mo,,PERU,2019,OQ912890,AMP278,Yes,V704_0372,panel,HIV-1,B.PE.2019.V704_0372_250_RE_PBLIB002_S.OQ912890,0.326,0.326: Montefiori_HVTN,0.868,0.868: Mkhize2023;0.868: Montefiori_HVTN
V704_0445_180_RE_CON_S,,B,<12mo,,PERU,2019,ON980823,"AMP218, H704_0445_180_RE_con_s",Yes,V704_0445,panel,HIV-1,B.PE.2019.V704_0445_180_RE_CON_S.ON980823,82.985,82.985: Montefiori_HVTN,UD,>100: Montefiori_HVTN;>25: Mkhize2023
V704_0478_160ESN,,B,<12mo,,PERU,2018,ON980825,AMP131,Yes,V704_0478,panel,HIV-1,B.PE.2018.V704_0478_160ESN.ON980825,9.41,9.41: Montefiori_HVTN,UD,>25: Mkhize2023;>25: Montefiori_HVTN
V704_0478_160_RE_PBLIB002_S,,B,<12mo,,PERU,2018,ON980824,AMP246,Yes,V704_0478,panel,HIV-1,B.PE.2018.V704_0478_160_RE_PBLIB002_S.ON980824,5.61,5.61: Montefiori_HVTN,17.902,17.902: Mkhize2023;17.902: Montefiori_HVTN
V704_0496_040SN,,F1,<12mo,,BRAZIL,2017,ON980826,AMP41,Yes,V704_0496,panel,HIV-1,F1.BR.2017.V704_0496_040SN.ON980826,4.94,4.94: Montefiori_HVTN,11.3415,10.233: Mkhize2023;12.57: Montefiori_HVTN
V704_0503_250_RE_CS,,B,<12mo,,PERU,2019,OR508940,AMP169,Yes,V704_0503,panel,HIV-1,B.PE.2019.V704_0503_250_RE_CS.OR508940,0.831,0.831: Montefiori_HVTN,2.136,2.136: Mkhize2023;2.136: Montefiori_HVTN
V704_0513_150_EN01T,,B,<12mo,,PERU,2018,ON980827,AMP143,Yes,V704_0513,panel,HIV-1,B.PE.2018.V704_0513_150_EN01T.ON980827,1.49,1.49: Montefiori_HVTN,3.3476,3.2: Montefiori_HVTN;3.502: Mkhize2023
V704_0513_150_EN02C,,B,<12mo,,PERU,2018,ON980828,AMP139,Yes,V704_0513,panel,HIV-1,B.PE.2018.V704_0513_150_EN02C.ON980828,1.445,1.445: Montefiori_HVTN,3.65646,3.64: Montefiori_HVTN;3.673: Mkhize2023
V704_0513_150_RE_PBLIB003_S,,B,<12mo,,PERU,2018,ON980829,AMP247,Yes,V704_0513,panel,HIV-1,B.PE.2018.V704_0513_150_RE_PBLIB003_S.ON980829,1.08,1.08: Montefiori_HVTN,2.81711,2.47: Montefiori_HVTN;3.213: Mkhize2023
V704_0562_160EN01,,B,<12mo,,PERU,2017,ON980831,AMP141,Yes,V704_0562,panel,HIV-1,B.PE.2017.V704_0562_160EN01.ON980831,3.805,3.805: Montefiori_HVTN,12.889,12.889: Mkhize2023;12.889: Montefiori_HVTN
V704_0562_160EN02,,B,<12mo,,PERU,2017,ON980832,AMP66,Yes,V704_0562,panel,HIV-1,B.PE.2017.V704_0562_160EN02.ON980832,6.429,6.429: Montefiori_HVTN,17.379,17.379: Mkhize2023;17.379: Montefiori_HVTN
V704_0562_160EN04,,B,<12mo,,PERU,2017,ON980833,AMP62,Yes,V704_0562,panel,HIV-1,B.PE.2017.V704_0562_160EN04.ON980833,5.617,5.617: Montefiori_HVTN,14.099,14.099: Mkhize2023;14.099: Montefiori_HVTN
V704_0562_160_RE_PBLIB003_S,,B,<12mo,,PERU,2017,ON980830,AMP248,Yes,V704_0562,panel,HIV-1,B.PE.2017.V704_0562_160_RE_PBLIB003_S.ON980830,2.582,2.582: Montefiori_HVTN,9.206,9.206: Mkhize2023;9.206: Montefiori_HVTN
V704_0575_060_ESN1A,,B,<12mo,,PERU,2018,ON980834,AMP114,Yes,V704_0575,panel,HIV-1,B.PE.2018.V704_0575_060_ESN1A.ON980834,2.195,2.195: Montefiori_HVTN,6.45016,6.193: Mkhize2023;6.718: Montefiori_HVTN
V704_0575_060_ESN2T,,B,<12mo,,PERU,2018,ON980835,AMP116,Yes,V704_0575,panel,HIV-1,B.PE.2018.V704_0575_060_ESN2T.ON980835,2.118,2.118: Montefiori_HVTN,6.6817,6.46: Montefiori_HVTN;6.911: Mkhize2023
V704_0575_060_RE_P002S,,B,<12mo,,PERU,2018,ON980836,"AMP181, H704_0575_060_RE_p002s",Yes,V704_0575,panel,HIV-1,B.PE.2018.V704_0575_060_RE_P002S.ON980836,1.934,1.934: Montefiori_HVTN,6.72509,6.12: Montefiori_HVTN;7.39: Mkhize2023
V704_0578_190_RE_PBSGA001_S,,B,<12mo,,PERU,2019,OR508962,AMP279,Yes,V704_0578,panel,HIV-1,B.PE.2019.V704_0578_190_RE_PBSGA001_S.OR508962,2.345,2.345: Montefiori_HVTN,6.312,6.312: Montefiori_HVTN
V704_0592_060SN,,BF1,<12mo,,PERU,2017,ON980837,AMP78,Yes,V704_0592,panel,HIV-1,BF1.PE.2017.V704_0592_060SN.ON980837,0.255,0.255: Montefiori_HVTN,0.833,0.833: Mkhize2023;0.833: Montefiori_HVTN
V704_0601_170_RE_CS,,B,<12mo,,PERU,2019,ON980838,AMP172,Yes,V704_0601,panel,HIV-1,B.PE.2019.V704_0601_170_RE_CS.ON980838,0.603,0.603: Montefiori_HVTN,1.543,1.543: Mkhize2023;1.543: Montefiori_HVTN
V704_0622_250_RE_PBLIB001_S,,B,<12mo,,PERU,2020,OR508958,AMP269,Yes,V704_0622,panel,HIV-1,B.PE.2020.V704_0622_250_RE_PBLIB001_S.OR508958,0.383,0.383: Montefiori_HVTN,1.022,1.022: Mkhize2023;1.022: Montefiori_HVTN
V704_0644_060SN_PRELIMSEQ,,B,<12mo,,PERU,2018,ON980839,"AMP105, H704_0644_060sN_prelimSeq",Yes,V704_0644,panel,HIV-1,B.PE.2018.V704_0644_060SN_PRELIMSEQ.ON980839,1.02,1.02: Montefiori_HVTN,2.51686,2.49: Montefiori_HVTN;2.544: Mkhize2023
V704_0651_200_RE_PBLIB001_S,,B,<12mo,,PERU,2019,OR508959,AMP270,Yes,V704_0651,panel,HIV-1,B.PE.2019.V704_0651_200_RE_PBLIB001_S.OR508959,0.128,0.128: Montefiori_HVTN,1.268,1.268: Montefiori_HVTN
V704_0651_200_RE_PBLIB002_S,,B,<12mo,,PERU,2019,OR508960,AMP271,Yes,V704_0651,panel,HIV-1,B.PE.2019.V704_0651_200_RE_PBLIB002_S.OR508960,0.64,0.64: Montefiori_HVTN,2.087,2.087: Montefiori_HVTN
V704_0652_110_ESN_2472A,,B,<12mo,,PERU,2018,ON980840,AMP129,Yes,V704_0652,panel,HIV-1,B.PE.2018.V704_0652_110_ESN_2472A.ON980840,0.932,0.932: Montefiori_HVTN,3.244,3.244: Mkhize2023;3.244: Montefiori_HVTN
V704_0662_190SN,,A1CD,<12mo,,UNITED STATES,2017,ON980841,AMP32,Yes,V704_0662,panel,HIV-1,A1CD.US.2017.V704_0662_190SN.ON980841,2.982,2.982: Montefiori_HVTN,8.989,8.989: Mkhize2023;8.989: Montefiori_HVTN
V704_0714_720_RE_P001S,,B,<12mo,,PERU,2019,ON980842,AMP235,Yes,V704_0714,panel,HIV-1,B.PE.2019.V704_0714_720_RE_P001S.ON980842,0.455,0.455: Montefiori_HVTN,1.262,1.262: Mkhize2023;1.262: Montefiori_HVTN
V704_0714_720_RE_P003S,,B,<12mo,,PERU,2019,ON980843,AMP236,Yes,V704_0714,panel,HIV-1,B.PE.2019.V704_0714_720_RE_P003S.ON980843,0.798,0.798: Montefiori_HVTN,2.585,2.585: Mkhize2023;2.585: Montefiori_HVTN
V704_0726_080SN,,B,<12mo,,UNITED STATES,2017,ON980844,"AMP12, H704-0726_080sN",Yes,V704_0726,panel,HIV-1,B.US.2017.V704_0726_080SN.ON980844,5.636,5.636: Montefiori_HVTN,18.2415,17.843: Mkhize2023;18.649: Montefiori_HVTN
V704_0746_760_RE_P001S,,B,<12mo,,PERU,2018,ON980846,AMP182,Yes,V704_0746,panel,HIV-1,B.PE.2018.V704_0746_760_RE_P001S.ON980846,1.07,1.07: Montefiori_HVTN,2.64031,2.429: Mkhize2023;2.87: Montefiori_HVTN
V704_0746_760_RE_P002S,,B,<12mo,,PERU,2018,ON980847,AMP183,Yes,V704_0746,panel,HIV-1,B.PE.2018.V704_0746_760_RE_P002S.ON980847,0.87,0.87: Montefiori_HVTN,2.17658,2.087: Mkhize2023;2.27: Montefiori_HVTN
V704_0746_760_RE_P003S,,B,<12mo,,PERU,2018,ON980845,AMP184,Yes,V704_0746,panel,HIV-1,B.PE.2018.V704_0746_760_RE_P003S.ON980845,1.25,1.25: Montefiori_HVTN,3.13009,3.08: Montefiori_HVTN;3.181: Mkhize2023
V704_0751_190_RE_P001S,,B,<12mo,,PERU,2018,ON980848,AMP185,Yes,V704_0751,panel,HIV-1,B.PE.2018.V704_0751_190_RE_P001S.ON980848,0.451,0.451: Montefiori_HVTN,1.194,1.194: Mkhize2023;1.194: Montefiori_HVTN
V704_0751_190_RE_P002S,,B,<12mo,,PERU,2018,ON980849,AMP186,Yes,V704_0751,panel,HIV-1,B.PE.2018.V704_0751_190_RE_P002S.ON980849,0.399,0.399: Montefiori_HVTN,1.313,1.313: Mkhize2023;1.313: Montefiori_HVTN
V704_0751_190_RE_P003S,,B,<12mo,,PERU,2018,ON980850,AMP187,Yes,V704_0751,panel,HIV-1,B.PE.2018.V704_0751_190_RE_P003S.ON980850,0.529,0.529: Montefiori_HVTN,1.395,1.395: Mkhize2023;1.395: Montefiori_HVTN
V704_0826_040SN,,BF1,<12mo,,PERU,2018,ON980851,AMP82,Yes,V704_0826,panel,HIV-1,BF1.PE.2018.V704_0826_040SN.ON980851,1.867,1.867: Montefiori_HVTN,4.843,4.843: Mkhize2023;4.843: Montefiori_HVTN
V704_0831_250_RE_CS,,BF1,<12mo,,PERU,2019,OR508944,AMP209,Yes,V704_0831,panel,HIV-1,BF1.PE.2019.V704_0831_250_RE_CS.OR508944,2.037,2.037: Montefiori_HVTN,5.58,5.58: Mkhize2023;5.58: Montefiori_HVTN
V704_0847_030_ESN_01T,,B,<12mo,,PERU,2018,ON980852,"AMP102, H704_0847_030_EsN_01T",Yes,V704_0847,panel,HIV-1,B.PE.2018.V704_0847_030_ESN_01T.ON980852,2.048,2.048: Montefiori_HVTN,7.47255,6.537: Montefiori_HVTN;8.542: Mkhize2023
V704_0847_030_ESN_02C,,B,<12mo,,PERU,2018,ON980853,AMP88,Yes,V704_0847,panel,HIV-1,B.PE.2018.V704_0847_030_ESN_02C.ON980853,3.118,3.118: Montefiori_HVTN,7.89051,7.323: Mkhize2023;8.502: Montefiori_HVTN
V704_0855_080_ESN,,B,<12mo,,PERU,2018,ON980854,"AMP98, H704_0855_080_EsN",Yes,V704_0855,panel,HIV-1,B.PE.2018.V704_0855_080_ESN.ON980854,0.013,0.013: Montefiori_HVTN,0.044,0.044: Mkhize2023;0.044: Montefiori_HVTN
V704_0856_240_RE_PB001_S,,B,<12mo,,UNITED STATES,2019,OQ912891,AMP229,Yes,V704_0856,panel,HIV-1,B.US.2019.V704_0856_240_RE_PB001_S.OQ912891,0.524,0.524: Montefiori_HVTN,1.2017,1.094: Mkhize2023;1.32: Montefiori_HVTN
V704_0886_250_RE_P001S,,B,<12mo,,PERU,2019,OQ912892,AMP237,Yes,V704_0886,panel,HIV-1,B.PE.2019.V704_0886_250_RE_P001S.OQ912892,1.745,1.745: Montefiori_HVTN,5.15602,4.601: Montefiori_HVTN;5.778: Mkhize2023
V704_0892_090ESN_293A,,F1,<12mo,,PERU,2018,ON980856,AMP125,Yes,V704_0892,panel,HIV-1,F1.PE.2018.V704_0892_090ESN_293A.ON980856,0.383,0.383: Montefiori_HVTN,1.03,1.03: Mkhize2023;1.03: Montefiori_HVTN
V704_0892_090ESN_293G,,F1,<12mo,,PERU,2018,ON980855,AMP128,Yes,V704_0892,panel,HIV-1,F1.PE.2018.V704_0892_090ESN_293G.ON980855,0.34,0.34: Montefiori_HVTN,1.498,1.498: Mkhize2023;1.498: Montefiori_HVTN
V704_0892_090_RE_P002S,,F1,<12mo,,PERU,2018,ON980857,AMP188,Yes,V704_0892,panel,HIV-1,F1.PE.2018.V704_0892_090_RE_P002S.ON980857,0.313,0.313: Montefiori_HVTN,0.838,0.838: Mkhize2023;0.838: Montefiori_HVTN
V704_0892_090_RE_P003S,,F1,<12mo,,PERU,2018,ON980858,AMP238,Yes,V704_0892,panel,HIV-1,F1.PE.2018.V704_0892_090_RE_P003S.ON980858,1.575,1.575: Montefiori_HVTN,4.333,4.333: Mkhize2023;4.333: Montefiori_HVTN
V704_0893_180_RE_P002S,,B,<12mo,,PERU,2019,ON980860,AMP239,Yes,V704_0893,panel,HIV-1,B.PE.2019.V704_0893_180_RE_P002S.ON980860,0.18,0.18: Montefiori_HVTN,0.606,0.606: Mkhize2023;0.606: Montefiori_HVTN
V704_0893_180_RE_PB001_S,,B,<12mo,,PERU,2019,ON980859,AMP221,Yes,V704_0893,panel,HIV-1,B.PE.2019.V704_0893_180_RE_PB001_S.ON980859,0.918,0.918: Montefiori_HVTN,3.032,3.032: Mkhize2023;3.032: Montefiori_HVTN
V704_0893_180_RE_PBLIB002_S,,B,<12mo,,PERU,2019,ON980861,AMP249,Yes,V704_0893,panel,HIV-1,B.PE.2019.V704_0893_180_RE_PBLIB002_S.ON980861,0.217,0.217: Montefiori_HVTN,0.723,0.723: Mkhize2023;0.723: Montefiori_HVTN
V704_0904_250_RE_PBLIB001_S,,BF1,<12mo,,PERU,2019,OR508952,AMP250,Yes,V704_0904,panel,HIV-1,BF1.PE.2019.V704_0904_250_RE_PBLIB001_S.OR508952,0.369,0.369: Montefiori_HVTN,1.012,1.012: Mkhize2023;1.012: Montefiori_HVTN
V704_0907_130SN,,B,<12mo,,UNITED STATES,2017,ON980862,"AMP18, H704_0907_130sN",Yes,V704_0907,panel,HIV-1,B.US.2017.V704_0907_130SN.ON980862,0.364,0.364: Montefiori_HVTN,0.78543,0.756: Mkhize2023;0.816: Montefiori_HVTN
V704_0911_150SN,,B,<12mo,,UNITED STATES,2017,ON980863,"AMP16, H704_0911_150sN",Yes,V704_0911,panel,HIV-1,B.US.2017.V704_0911_150SN.ON980863,1.391,1.391: Montefiori_HVTN,4.00371,3.503: Montefiori_HVTN;4.576: Mkhize2023
V704_0925_110_RE_CS,,F1,<12mo,,PERU,2019,ON980864,AMP168,Yes,V704_0925,panel,HIV-1,F1.PE.2019.V704_0925_110_RE_CS.ON980864,1.051,1.051: Montefiori_HVTN,2.245,2.245: Mkhize2023;2.245: Montefiori_HVTN
V704_0941_120SN,,B,<12mo,,UNITED STATES,2017,ON980865,AMP10,Yes,V704_0941,panel,HIV-1,B.US.2017.V704_0941_120SN.ON980865,1.6,1.6: Montefiori_HVTN,4.241,4.241: Mkhize2023;4.241: Montefiori_HVTN
V704_0944_180_RE_CS,,B,<12mo,,PERU,2019,ON980866,AMP175,Yes,V704_0944,panel,HIV-1,B.PE.2019.V704_0944_180_RE_CS.ON980866,0.074,0.074: Montefiori_HVTN,0.21964,0.201: Mkhize2023;0.24: Montefiori_HVTN
V704_0985_100SN,,B,<12mo,,PERU,2018,ON980867,AMP79,Yes,V704_0985,panel,HIV-1,B.PE.2018.V704_0985_100SN.ON980867,UD,>25: Montefiori_HVTN,UD,>25: Mkhize2023;>25: Montefiori_HVTN
V704_1109_140_RE_CS,,BF1,<12mo,,PERU,2019,ON980868,AMP179,Yes,V704_1109,panel,HIV-1,BF1.PE.2019.V704_1109_140_RE_CS.ON980868,3.36,3.36: Montefiori_HVTN,8.14959,7.634: Mkhize2023;8.7: Montefiori_HVTN
V704_1168_080SN,,F1,<12mo,,PERU,2017,ON980869,AMP48,Yes,V704_1168,panel,HIV-1,F1.PE.2017.V704_1168_080SN.ON980869,18.136,18.136: Montefiori_HVTN,UD,>25: Mkhize2023;>25: Montefiori_HVTN
V704_1168_080_RE_P002S,,F1,<12mo,,PERU,2017,ON980870,AMP189,Yes,V704_1168,panel,HIV-1,F1.PE.2017.V704_1168_080_RE_P002S.ON980870,6.986,6.986: Montefiori_HVTN,UD,>25: Montefiori_HVTN
V704_1183_220ESN,,B,<12mo,,UNITED STATES,2018,ON980873,AMP148,Yes,V704_1183,panel,HIV-1,B.US.2018.V704_1183_220ESN.ON980873,0.39,0.39: Montefiori_HVTN,1.04803,0.91: Montefiori_HVTN;1.207: Mkhize2023
V704_1225_310EN14,,B,<12mo,,UNITED STATES,2016,ON980875,AMP73,Yes,V704_1225,panel,HIV-1,B.US.2016.V704_1225_310EN14.ON980875,3.027,3.027: Montefiori_HVTN,8.412,8.412: Mkhize2023;8.412: Montefiori_HVTN
V704_1225_310EN28,,B,<12mo,,UNITED STATES,2016,ON980876,AMP70,Yes,V704_1225,panel,HIV-1,B.US.2016.V704_1225_310EN28.ON980876,2.451,2.451: Montefiori_HVTN,6.538,6.538: Mkhize2023;6.538: Montefiori_HVTN
V704_1236_060_ESN1,,B,<12mo,,PERU,2017,ON980879,AMP110,Yes,V704_1236,panel,HIV-1,B.PE.2017.V704_1236_060_ESN1.ON980879,0.689,0.689: Montefiori_HVTN,1.845,1.845: Mkhize2023;1.845: Montefiori_HVTN
V704_1236_070ESN,,B,<12mo,,PERU,2018,ON980880,AMP120,Yes,V704_1236,panel,HIV-1,B.PE.2018.V704_1236_070ESN.ON980880,1.252,1.252: Montefiori_HVTN,4.388,4.388: Mkhize2023;4.388: Montefiori_HVTN
V704_1262_250_RE_CS_2448A,,B,<12mo,,PERU,2019,OR508945,AMP210,Yes,V704_1262,panel,HIV-1,B.PE.2019.V704_1262_250_RE_CS_2448A.OR508945,0.356,0.356: Montefiori_HVTN,0.984,0.984: Mkhize2023;0.984: Montefiori_HVTN
V704_1328_040_ESN,,F1,<12mo,,PERU,2018,ON980881,AMP123,Yes,V704_1328,panel,HIV-1,F1.PE.2018.V704_1328_040_ESN.ON980881,1.443,1.443: Montefiori_HVTN,8.299,8.299: Mkhize2023;8.299: Montefiori_HVTN
V704_1332_120_RE_PB001_S,,B,<12mo,,PERU,2018,ON980882,AMP230,Yes,V704_1332,panel,HIV-1,B.PE.2018.V704_1332_120_RE_PB001_S.ON980882,0.52,0.52: Montefiori_HVTN,1.998,1.998: Mkhize2023;1.998: Montefiori_HVTN
V704_1350_750_RE_PBSGA001_S,,B,<12mo,,PERU,2019,ON980883,AMP252,Yes,V704_1350,panel,HIV-1,B.PE.2019.V704_1350_750_RE_PBSGA001_S.ON980883,0.225,0.225: Montefiori_HVTN,0.758,0.758: Mkhize2023;0.758: Montefiori_HVTN
V704_1429_090_EN1A,,F2,<12mo,,SWITZERLAND,2017,ON980884,AMP28,Yes,V704_1429,panel,HIV-1,F2.CH.2017.V704_1429_090_EN1A.ON980884,0.235,0.235: Montefiori_HVTN,0.59767,0.578: Mkhize2023;0.618: Montefiori_HVTN
V704_1429_090_EN2G,,F2,<12mo,,SWITZERLAND,2017,ON980885,AMP30,Yes,V704_1429,panel,HIV-1,F2.CH.2017.V704_1429_090_EN2G.ON980885,0.307,0.307: Montefiori_HVTN,0.75592,0.727: Montefiori_HVTN;0.786: Mkhize2023
V704_1481_220_EN01G,,F1,<12mo,,PERU,2018,ON980886,AMP136,Yes,V704_1481,panel,HIV-1,F1.PE.2018.V704_1481_220_EN01G.ON980886,0.182,0.182: Montefiori_HVTN,0.506,0.506: Mkhize2023;0.506: Montefiori_HVTN
V704_1481_220_EN02A,,F1,<12mo,,PERU,2018,ON980887,AMP137,Yes,V704_1481,panel,HIV-1,F1.PE.2018.V704_1481_220_EN02A.ON980887,0.164,0.164: Montefiori_HVTN,0.45,0.45: Mkhize2023;0.45: Montefiori_HVTN
V704_1481_220_RE_P002S,,F1,<12mo,,PERU,2018,ON980888,"AMP190, H704_1481_220_RE_p002s",Yes,V704_1481,panel,HIV-1,F1.PE.2018.V704_1481_220_RE_P002S.ON980888,UD,>25: Montefiori_HVTN,UD,>25: Mkhize2023;>25: Montefiori_HVTN
V704_1528_240_RE_PBLIB_001_S,,B,<12mo,,PERU,2019,OQ912893,"AMP253, H704_1528_240_RE_pblib_001_s",Yes,V704_1528,panel,HIV-1,B.PE.2019.V704_1528_240_RE_PBLIB_001_S.OQ912893,2.39,2.39: Montefiori_HVTN,7.03942,6.95: Mkhize2023;7.13: Montefiori_HVTN
V704_1535_030SN,,B,<12mo,,UNITED STATES,2017,ON980889,"AMP14, H704_1535_030sN",Yes,V704_1535,panel,HIV-1,B.US.2017.V704_1535_030SN.ON980889,0.088,0.088: Montefiori_HVTN,0.30498,0.281: Montefiori_HVTN;0.331: Mkhize2023
V704_1551_150_ESN,,B,<12mo,,PERU,2018,ON980890,AMP140,Yes,V704_1551,panel,HIV-1,B.PE.2018.V704_1551_150_ESN.ON980890,0.413,0.413: Montefiori_HVTN,1.423,1.423: Mkhize2023;1.423: Montefiori_HVTN
V704_1551_150_RE_P002S,,B,<12mo,,PERU,2018,ON980891,AMP191,Yes,V704_1551,panel,HIV-1,B.PE.2018.V704_1551_150_RE_P002S.ON980891,0.582,0.582: Montefiori_HVTN,1.928,1.928: Mkhize2023;1.928: Montefiori_HVTN
V704_1651_150_ESN,,BF1,<12mo,,PERU,2018,ON980892,AMP97,Yes,V704_1651,panel,HIV-1,BF1.PE.2018.V704_1651_150_ESN.ON980892,0.881,0.881: Montefiori_HVTN,3.021,3.021: Mkhize2023;3.021: Montefiori_HVTN
V704_1651_150_RE_P002S,,BF1,<12mo,,PERU,2018,ON980893,AMP240,Yes,V704_1651,panel,HIV-1,BF1.PE.2018.V704_1651_150_RE_P002S.ON980893,0.996,0.996: Montefiori_HVTN,2.716,2.716: Mkhize2023;2.716: Montefiori_HVTN
V704_1654_760_RE_P002S,,C,<12mo,,BRAZIL,2019,ON980895,AMP244,Yes,V704_1654,panel,HIV-1,C.BR.2019.V704_1654_760_RE_P002S.ON980895,16.613,16.613: Montefiori_HVTN,UD,>25: Mkhize2023;>25: Montefiori_HVTN
V704_1654_760_RE_PBLIB001_S,,C,<12mo,,BRAZIL,2019,ON980894,AMP282,Yes,V704_1654,panel,HIV-1,C.BR.2019.V704_1654_760_RE_PBLIB001_S.ON980894,0.822,0.822: Montefiori_HVTN,2.141,2.141: Montefiori_HVTN
V704_1654_760_RE_PBLIB006_S,,C,<12mo,,BRAZIL,2019,ON980896,AMP254,Yes,V704_1654,panel,HIV-1,C.BR.2019.V704_1654_760_RE_PBLIB006_S.ON980896,0.868,0.868: Montefiori_HVTN,2.327,2.327: Mkhize2023;2.327: Montefiori_HVTN
V704_1706_050SN,,B,<12mo,,PERU,2018,ON980897,"AMP285, AMP72, H704_1706_050sN",Yes,V704_1706,panel,HIV-1,B.PE.2018.V704_1706_050SN.ON980897,0.489,0.489: Montefiori_HVTN,0.88671,0.629: Mkhize2023;1.25: Montefiori_HVTN
V704_1712_090SN,,B,<12mo,,UNITED STATES,2016,ON980898,AMP2,Yes,V704_1712,panel,HIV-1,B.US.2016.V704_1712_090SN.ON980898,9.352,9.352: Montefiori_HVTN,UD,>25: Mkhize2023;>25: Montefiori_HVTN
V704_1716_090SN,,B,<12mo,,PERU,2017,ON980899,AMP50,Yes,V704_1716,panel,HIV-1,B.PE.2017.V704_1716_090SN.ON980899,1.53,1.53: Montefiori_HVTN,4.285,4.285: Mkhize2023;4.285: Montefiori_HVTN
V704_1731_070EN_04,,B,<12mo,,UNITED STATES,2017,ON980900,AMP4,Yes,V704_1731,panel,HIV-1,B.US.2017.V704_1731_070EN_04.ON980900,0.293,0.293: Montefiori_HVTN,0.767,0.767: Mkhize2023;0.767: Montefiori_HVTN
V704_1731_070EN_12,,B,<12mo,,UNITED STATES,2017,ON980901,AMP5,Yes,V704_1731,panel,HIV-1,B.US.2017.V704_1731_070EN_12.ON980901,0.284,0.284: Montefiori_HVTN,0.729,0.729: Mkhize2023;0.729: Montefiori_HVTN
V704_1739_210_RE_P002S_CTOTAT8,,F1,<12mo,,PERU,2018,ON980902,AMP177,Yes,V704_1739,panel,HIV-1,F1.PE.2018.V704_1739_210_RE_P002S_CTOTAT8.ON980902,0.369,0.369: Montefiori_HVTN,UD,>25: Mkhize2023;>25: Montefiori_HVTN
V704_1739_220_ESN_816T,,F1,<12mo,,PERU,2018,ON980904,AMP122,Yes,V704_1739,panel,HIV-1,F1.PE.2018.V704_1739_220_ESN_816T.ON980904,0.119,0.119: Montefiori_HVTN,UD,>25: Mkhize2023;>25: Montefiori_HVTN
V704_1747_170_RE_CON_S,,B,<12mo,,PERU,2019,ON980905,"AMP219, H704_1747_170_RE_con_s",Yes,V704_1747,panel,HIV-1,B.PE.2019.V704_1747_170_RE_CON_S.ON980905,0.079,0.079: Montefiori_HVTN,0.233,0.233: Mkhize2023;0.233: Montefiori_HVTN
V704_1775_030CN_SYNGTOA_567,,F1,<12mo,,PERU,2018,ON980906,AMP93,Yes,V704_1775,panel,HIV-1,F1.PE.2018.V704_1775_030CN_SYNGTOA_567.ON980906,0.09,0.09: Montefiori_HVTN,0.32732,0.22: Mkhize2023;0.487: Montefiori_HVTN
V704_1783_150_RE_CS,,B,<12mo,,PERU,2019,ON980907,AMP167,Yes,V704_1783,panel,HIV-1,B.PE.2019.V704_1783_150_RE_CS.ON980907,0.135,0.135: Montefiori_HVTN,0.1994,0.142: Mkhize2023;0.28: Montefiori_HVTN
V704_1802_080SN_01,,B,<12mo,,PERU,2017,ON980908,AMP64,Yes,V704_1802,panel,HIV-1,B.PE.2017.V704_1802_080SN_01.ON980908,0.614,0.614: Montefiori_HVTN,1.926,1.926: Mkhize2023;1.926: Montefiori_HVTN
V704_1802_080SN_02,,B,<12mo,,PERU,2017,ON980909,AMP52,Yes,V704_1802,panel,HIV-1,B.PE.2017.V704_1802_080SN_02.ON980909,0.816,0.816: Montefiori_HVTN,2.194,2.194: Mkhize2023;2.194: Montefiori_HVTN
V704_1835_150_RE_P001S_2484A,,B,<12mo,,PERU,2018,ON980910,"AMP192, H704_1835_150_RE_p001s_2484A",Yes,V704_1835,panel,HIV-1,B.PE.2018.V704_1835_150_RE_P001S_2484A.ON980910,99,99: Montefiori_HVTN,UD,>100: Montefiori_HVTN;>25: Mkhize2023
V704_1835_150_RE_P002S_2484A,,B,<12mo,,PERU,2018,ON980911,"AMP193, H704_1835_150_RE_p002s_2484A",Yes,V704_1835,panel,HIV-1,B.PE.2018.V704_1835_150_RE_P002S_2484A.ON980911,UD,>100: Montefiori_HVTN,UD,>100: Montefiori_HVTN;>25: Mkhize2023
V704_1907_251_RE_CS,,B,<12mo,,PERU,2019,OR508946,AMP211,Yes,V704_1907,panel,HIV-1,B.PE.2019.V704_1907_251_RE_CS.OR508946,0.886,0.886: Montefiori_HVTN,3.902,3.902: Mkhize2023;3.902: Montefiori_HVTN
V704_1911_240_RE_PBLIB001_S,,BF1,<12mo,,PERU,2019,OR508953,AMP257,Yes,V704_1911,panel,HIV-1,BF1.PE.2019.V704_1911_240_RE_PBLIB001_S.OR508953,1.288,1.288: Montefiori_HVTN,4.304,4.304: Mkhize2023;4.304: Montefiori_HVTN
V704_1930_170_RE_C01S_1523A,,BF1,<12mo,,PERU,2019,ON980912,AMP212,Yes,V704_1930,panel,HIV-1,BF1.PE.2019.V704_1930_170_RE_C01S_1523A.ON980912,0.11,0.11: Montefiori_HVTN,0.27358,0.252: Mkhize2023;0.297: Montefiori_HVTN
V704_1930_170_RE_C02S_1523G,,BF1,<12mo,,PERU,2019,ON980913,AMP213,Yes,V704_1930,panel,HIV-1,BF1.PE.2019.V704_1930_170_RE_C02S_1523G.ON980913,0.134,0.134: Montefiori_HVTN,0.33135,0.292: Mkhize2023;0.376: Montefiori_HVTN
V704_1941_120SN,,B,<12mo,,UNITED STATES,2017,ON980914,AMP8,Yes,V704_1941,panel,HIV-1,B.US.2017.V704_1941_120SN.ON980914,2.554,2.554: Montefiori_HVTN,8.912,8.912: Mkhize2023;8.912: Montefiori_HVTN
V704_1969_210ESN,,B,<12mo,,UNITED STATES,2018,ON980916,AMP149,Yes,V704_1969,panel,HIV-1,B.US.2018.V704_1969_210ESN.ON980916,0.177,0.177: Montefiori_HVTN,0.456,0.456: Montefiori_HVTN
V704_1969_210_RE_PBSGA002_S,,B,<12mo,,UNITED STATES,2018,ON980915,"AMP256, H704_1969_210_RE_pbsga002_s",Yes,V704_1969,panel,HIV-1,B.US.2018.V704_1969_210_RE_PBSGA002_S.ON980915,0.126,0.126: Montefiori_HVTN,0.343,0.343: Mkhize2023;0.343: Montefiori_HVTN
V704_1991_230_RE_P001S_1194T,,B,<12mo,,PERU,2018,ON980917,"AMP194, H704_1991_230_RE_p001s_1194T",Yes,V704_1991,panel,HIV-1,B.PE.2018.V704_1991_230_RE_P001S_1194T.ON980917,1.51,1.51: Montefiori_HVTN,4.01187,3.814: Mkhize2023;4.22: Montefiori_HVTN
V704_1991_230_RE_P002S_1194T,,B,<12mo,,PERU,2018,ON980918,AMP195,Yes,V704_1991,panel,HIV-1,B.PE.2018.V704_1991_230_RE_P002S_1194T.ON980918,1.488,1.488: Montefiori_HVTN,3.75882,3.356: Mkhize2023;4.21: Montefiori_HVTN
V704_2061_140_RE_CS,,B,<12mo,,PERU,2019,ON980919,AMP214,Yes,V704_2061,panel,HIV-1,B.PE.2019.V704_2061_140_RE_CS.ON980919,0.28,0.28: Montefiori_HVTN,0.983,0.983: Mkhize2023;0.983: Montefiori_HVTN
V704_2065_060_RE_P001S,,B,<12mo,,PERU,2018,ON980920,"AMP196, AMP310",Yes,V704_2065,panel,HIV-1,B.PE.2018.V704_2065_060_RE_P001S.ON980920,0.22,0.22: Montefiori_HVTN,0.71971,0.603: Montefiori_HVTN;0.859: Mkhize2023
V704_2065_060_RE_P002S,,B,<12mo,,PERU,2018,ON980921,AMP197,Yes,V704_2065,panel,HIV-1,B.PE.2018.V704_2065_060_RE_P002S.ON980921,0.22,0.22: Montefiori_HVTN,0.72291,0.67: Montefiori_HVTN;0.78: Mkhize2023
V704_2080_250_RE_CS,,B,<12mo,,PERU,2019,OR508941,AMP174,Yes,V704_2080,panel,HIV-1,B.PE.2019.V704_2080_250_RE_CS.OR508941,1.229,1.229: Montefiori_HVTN,4.462,4.462: Mkhize2023;4.462: Montefiori_HVTN
V704_2095_130_RE_CS,,B,<12mo,,PERU,2019,ON980922,"AMP173, H704_2095_130_RE_cs",Yes,V704_2095,panel,HIV-1,B.PE.2019.V704_2095_130_RE_CS.ON980922,0.312,0.312: Montefiori_HVTN,0.76624,0.716: Mkhize2023;0.82: Montefiori_HVTN
V704_2148_260ESN,,B,<12mo,,UNITED STATES,2018,OR508937,AMP138,Yes,V704_2148,panel,HIV-1,B.US.2018.V704_2148_260ESN.OR508937,3.324,3.324: Montefiori_HVTN,16.008,16.008: Mkhize2023;16.008: Montefiori_HVTN
V704_2150_230_RE_E05S,,B,<12mo,,PERU,2018,ON980923,AMP165,Yes,V704_2150,panel,HIV-1,B.PE.2018.V704_2150_230_RE_E05S.ON980923,2.093,2.093: Montefiori_HVTN,15.144,15.144: Mkhize2023;15.144: Montefiori_HVTN
V704_2164_030_ESN,,B,<12mo,,PERU,2018,ON980924,AMP126,Yes,V704_2164,panel,HIV-1,B.PE.2018.V704_2164_030_ESN.ON980924,3.8,3.8: Montefiori_HVTN,10.252,10.252: Mkhize2023;10.252: Montefiori_HVTN
V704_2164_030_RE_P002S,,B,<12mo,,PERU,2018,ON980925,AMP198,Yes,V704_2164,panel,HIV-1,B.PE.2018.V704_2164_030_RE_P002S.ON980925,4.28,4.28: Montefiori_HVTN,11.898,11.898: Mkhize2023;11.898: Montefiori_HVTN
V704_2165_231_ESN,,B,<12mo,,UNITED STATES,2018,OR508936,AMP101,Yes,V704_2165,panel,HIV-1,B.US.2018.V704_2165_231_ESN.OR508936,0.183,0.183: Montefiori_HVTN,1.877,1.877: Mkhize2023;1.877: Montefiori_HVTN
V704_2171_250_RE_CON_S,,B,<12mo,,UNITED STATES,2019,OR508947,AMP220,Yes,V704_2171,panel,HIV-1,B.US.2019.V704_2171_250_RE_CON_S.OR508947,0.13,0.13: Montefiori_HVTN,0.487,0.487: Mkhize2023;0.487: Montefiori_HVTN
V704_2189_030SN,,B,<12mo,,UNITED STATES,2017,ON980926,AMP24,Yes,V704_2189,panel,HIV-1,B.US.2017.V704_2189_030SN.ON980926,0.42,0.42: Montefiori_HVTN,1.232,1.232: Mkhize2023;1.232: Montefiori_HVTN
V704_2315_160SN,,F1,<12mo,,PERU,2017,ON980927,AMP75,Yes,V704_2315,panel,HIV-1,F1.PE.2017.V704_2315_160SN.ON980927,0.971,0.971: Montefiori_HVTN,4.283,4.283: Mkhize2023;4.283: Montefiori_HVTN
V704_2407_150SN,,B,<12mo,,UNITED STATES,2017,ON980930,AMP26,Yes,V704_2407,panel,HIV-1,B.US.2017.V704_2407_150SN.ON980930,0.471,0.471: Montefiori_HVTN,1.342,1.342: Mkhize2023;1.342: Montefiori_HVTN
V704_2407_150_RE_P002S,,B,<12mo,,UNITED STATES,2017,ON980928,AMP241,Yes,V704_2407,panel,HIV-1,B.US.2017.V704_2407_150_RE_P002S.ON980928,0.218,0.218: Montefiori_HVTN,0.719,0.719: Mkhize2023;0.719: Montefiori_HVTN
V704_2407_150_RE_P003S,,B,<12mo,,UNITED STATES,2017,ON980929,AMP242,Yes,V704_2407,panel,HIV-1,B.US.2017.V704_2407_150_RE_P003S.ON980929,0.359,0.359: Montefiori_HVTN,0.976,0.976: Mkhize2023;0.976: Montefiori_HVTN
V704_2408_040_ESN,,B,<12mo,,PERU,2018,ON980931,AMP127,Yes,V704_2408,panel,HIV-1,B.PE.2018.V704_2408_040_ESN.ON980931,0.366,0.366: Montefiori_HVTN,0.975,0.975: Mkhize2023;0.975: Montefiori_HVTN
V704_2448_240_RE_CS,,B,<12mo,,PERU,2018,OQ912894,"AMP166, H704_2448_240_RE_cs",Yes,V704_2448,panel,HIV-1,B.PE.2018.V704_2448_240_RE_CS.OQ912894,0.14,0.14: Montefiori_HVTN,0.44885,0.412: Montefiori_HVTN;0.489: Mkhize2023
V704_2495_180_RE_CS,,B,<12mo,,PERU,2019,ON980932,AMP215,Yes,V704_2495,panel,HIV-1,B.PE.2019.V704_2495_180_RE_CS.ON980932,1.751,1.751: Montefiori_HVTN,5.023,5.023: Mkhize2023;5.023: Montefiori_HVTN
V704_2524_240ESN_A,,B,<12mo,,PERU,2018,OR508938,AMP146,Yes,V704_2524,panel,HIV-1,B.PE.2018.V704_2524_240ESN_A.OR508938,0.334,0.334: Montefiori_HVTN,0.931,0.931: Mkhize2023;0.931: Montefiori_HVTN
V704_2524_240ESN_G,,B,<12mo,,PERU,2018,OR508939,AMP147,Yes,V704_2524,panel,HIV-1,B.PE.2018.V704_2524_240ESN_G.OR508939,0.324,0.324: Montefiori_HVTN,1.051,1.051: Mkhize2023;1.051: Montefiori_HVTN
V704_2531_140SN,,B,<12mo,,UNITED STATES,2017,ON980933,AMP19,Yes,V704_2531,panel,HIV-1,B.US.2017.V704_2531_140SN.ON980933,1.597,1.597: Montefiori_HVTN,4.431,4.431: Mkhize2023;4.431: Montefiori_HVTN
V704_2536_030_RE_P002S,,B,<12mo,,PERU,2018,ON980935,AMP199,Yes,V704_2536,panel,HIV-1,B.PE.2018.V704_2536_030_RE_P002S.ON980935,0.143,0.143: Montefiori_HVTN,0.682,0.682: Mkhize2023;0.682: Montefiori_HVTN
V704_2536_030_RE_P003S,,B,<12mo,,PERU,2018,ON980936,"AMP200, H704_2536_030_RE_p003s",Yes,V704_2536,panel,HIV-1,B.PE.2018.V704_2536_030_RE_P003S.ON980936,0.113,0.113: Montefiori_HVTN,0.375,0.375: Mkhize2023;0.375: Montefiori_HVTN
V704_2544_140EN01,,B,<12mo,,UNITED STATES,2018,ON980940,AMP118,Yes,V704_2544,panel,HIV-1,B.US.2018.V704_2544_140EN01.ON980940,0.922,0.922: Montefiori_HVTN,2.07707,1.926: Mkhize2023;2.24: Montefiori_HVTN
V704_2544_140EN02,,B,<12mo,,UNITED STATES,2018,ON980941,AMP95,Yes,V704_2544,panel,HIV-1,B.US.2018.V704_2544_140EN02.ON980941,5.76,5.76: Montefiori_HVTN,16.0875,14.88: Montefiori_HVTN;17.393: Mkhize2023
V704_2544_150_RE_P001S,,B,<12mo,,UNITED STATES,2018,ON980942,AMP208,Yes,V704_2544,panel,HIV-1,B.US.2018.V704_2544_150_RE_P001S.ON980942,1.84,1.84: Montefiori_HVTN,4.88282,4.49: Mkhize2023;5.31: Montefiori_HVTN
V704_2555_240_RE_CON_S_VPUG,,B,<12mo,,PERU,2019,OQ912895,AMP222,Yes,V704_2555,panel,HIV-1,B.PE.2019.V704_2555_240_RE_CON_S_VPUG.OQ912895,0.424,0.424: Montefiori_HVTN,0.87645,0.724: Mkhize2023;1.061: Montefiori_HVTN
V704_2560_250_RE_P001S_1602A,,B,<12mo,,UNITED STATES,2018,OR508942,AMP202,Yes,V704_2560,panel,HIV-1,B.US.2018.V704_2560_250_RE_P001S_1602A.OR508942,5.832,5.832: Montefiori_HVTN,17.395,17.395: Mkhize2023;17.395: Montefiori_HVTN
V704_2560_250_RE_P002S_1602A,,B,<12mo,,UNITED STATES,2018,OR508943,AMP203,Yes,V704_2560,panel,HIV-1,B.US.2018.V704_2560_250_RE_P002S_1602A.OR508943,0.716,0.716: Montefiori_HVTN,2.345,2.345: Mkhize2023;2.345: Montefiori_HVTN
V704_2624_200_RE_CON_S,,B,<12mo,,PERU,2019,ON980943,AMP217,Yes,V704_2624,panel,HIV-1,B.PE.2019.V704_2624_200_RE_CON_S.ON980943,4.419,4.419: Montefiori_HVTN,UD,>25: Mkhize2023;>25: Montefiori_HVTN
V704_2625_090ESN,,B,<12mo,,PERU,2018,ON980944,"AMP154, H704_2625_090EsN",Yes,V704_2625,panel,HIV-1,B.PE.2018.V704_2625_090ESN.ON980944,UD,>25: Montefiori_HVTN,UD,>25: Mkhize2023;>25: Montefiori_HVTN
V704_2643_210_RE_P001S,,B,<12mo,,PERU,2018,ON980945,"AMP204, H704_2643_210_RE_p001s",Yes,V704_2643,panel,HIV-1,B.PE.2018.V704_2643_210_RE_P001S.ON980945,UD,>25: Montefiori_HVTN,UD,>25: Montefiori_HVTN
V704_2684_181_RE_P001S,,B,<12mo,,PERU,2018,ON980946,"AMP205, H704_2684_181_RE_p0001s",Yes,V704_2684,panel,HIV-1,B.PE.2018.V704_2684_181_RE_P001S.ON980946,0.09,0.09: Montefiori_HVTN,0.25575,0.211: Mkhize2023;0.31: Montefiori_HVTN
V704_2684_181_RE_PBLIB006_S,,B,<12mo,,PERU,2018,ON980947,AMP258,Yes,V704_2684,panel,HIV-1,B.PE.2018.V704_2684_181_RE_PBLIB006_S.ON980947,0.092,0.092: Montefiori_HVTN,0.26481,0.255: Mkhize2023;0.275: Montefiori_HVTN
V704_2685_080SN,,B,<12mo,,PERU,2017,ON980948,AMP44,Yes,V704_2685,panel,HIV-1,B.PE.2017.V704_2685_080SN.ON980948,2.47,2.47: Montefiori_HVTN,7.025,7.025: Mkhize2023;7.025: Montefiori_HVTN
V704_2767_070SN,,B,<12mo,,PERU,2017,ON980949,"AMP58, H704_2767_070sN",Yes,V704_2767,panel,HIV-1,B.PE.2017.V704_2767_070SN.ON980949,2.06,2.06: Montefiori_HVTN,6.18442,4.597: Mkhize2023;8.32: Montefiori_HVTN
V704_2777_210_SN_01G,,B,<12mo,,UNITED STATES,2017,ON980950,AMP54,Yes,V704_2777,panel,HIV-1,B.US.2017.V704_2777_210_SN_01G.ON980950,6.325,6.325: Montefiori_HVTN,21.878,21.878: Mkhize2023;21.878: Montefiori_HVTN
V704_2777_210_SN_02A,,B,<12mo,,UNITED STATES,2017,ON980951,AMP60,Yes,V704_2777,panel,HIV-1,B.US.2017.V704_2777_210_SN_02A.ON980951,5.57,5.57: Montefiori_HVTN,20.569,20.569: Mkhize2023;20.569: Montefiori_HVTN
V704_2788_060EN_04,,BF1,<12mo,,PERU,2017,ON980952,AMP68,Yes,V704_2788,panel,HIV-1,BF1.PE.2017.V704_2788_060EN_04.ON980952,1.36,1.36: Montefiori_HVTN,3.08123,2.994: Mkhize2023;3.171: Montefiori_HVTN
V704_2788_060EN_12,,BF1,<12mo,,PERU,2017,ON980953,AMP46,Yes,V704_2788,panel,HIV-1,BF1.PE.2017.V704_2788_060EN_12.ON980953,1.409,1.409: Montefiori_HVTN,3.52392,3.5: Montefiori_HVTN;3.548: Mkhize2023
V704_2834_210_RE_PB001_S,,B,<12mo,,BRAZIL,2019,ON980954,AMP223,Yes,V704_2834,panel,HIV-1,B.BR.2019.V704_2834_210_RE_PB001_S.ON980954,2.19,2.19: Montefiori_HVTN,6.11335,5.62: Montefiori_HVTN;6.65: Mkhize2023
V704_2834_210_RE_PB002_S,,B,<12mo,,BRAZIL,2019,ON980955,AMP224,Yes,V704_2834,panel,HIV-1,B.BR.2019.V704_2834_210_RE_PB002_S.ON980955,2.039,2.039: Montefiori_HVTN,5.59108,5.399: Mkhize2023;5.79: Montefiori_HVTN
V704_2838_260_RE_PBLIB001_S,,B,<12mo,,UNITED STATES,2019,OR508954,AMP259,Yes,V704_2838,panel,HIV-1,B.US.2019.V704_2838_260_RE_PBLIB001_S.OR508954,2.103,2.103: Montefiori_HVTN,6.729,6.729: Mkhize2023;6.729: Montefiori_HVTN
V704_2838_260_RE_PBLIB002_S,,B,<12mo,,UNITED STATES,2019,OR508955,AMP260,Yes,V704_2838,panel,HIV-1,B.US.2019.V704_2838_260_RE_PBLIB002_S.OR508955,2.243,2.243: Montefiori_HVTN,9.626,9.626: Mkhize2023;9.626: Montefiori_HVTN
V704_2839_140_RE_CS,,B,<12mo,,PERU,2019,ON980956,AMP171,Yes,V704_2839,panel,HIV-1,B.PE.2019.V704_2839_140_RE_CS.ON980956,1.58,1.58: Montefiori_HVTN,4.06413,3.96: Montefiori_HVTN;4.171: Mkhize2023
V704_2901_170_RE_SGA01_S,,B,<12mo,,UNITED STATES,2018,ON980957,AMP225,Yes,V704_2901,panel,HIV-1,B.US.2018.V704_2901_170_RE_SGA01_S.ON980957,2.424,2.424: Montefiori_HVTN,11.136,11.136: Mkhize2023;11.136: Montefiori_HVTN
V704_2901_190ESN_01T,,B,<12mo,,UNITED STATES,2018,ON980958,AMP91,Yes,V704_2901,panel,HIV-1,B.US.2018.V704_2901_190ESN_01T.ON980958,4.488,4.488: Montefiori_HVTN,13.508,13.508: Mkhize2023;13.508: Montefiori_HVTN
V704_2901_190ESN_02C,,B,<12mo,,UNITED STATES,2018,ON980959,AMP87,Yes,V704_2901,panel,HIV-1,B.US.2018.V704_2901_190ESN_02C.ON980959,2.749,2.749: Montefiori_HVTN,17.71,17.71: Mkhize2023;17.71: Montefiori_HVTN
V704_2901_190_RE_PBLIB002_S,,B,<12mo,,UNITED STATES,2018,ON980960,AMP261,Yes,V704_2901,panel,HIV-1,B.US.2018.V704_2901_190_RE_PBLIB002_S.ON980960,2.309,2.309: Montefiori_HVTN,9.485,9.485: Mkhize2023;9.485: Montefiori_HVTN
V704_2981_150_RE_P001S_2559A,,B,<12mo,,UNITED STATES,2018,ON980961,AMP206,Yes,V704_2981,panel,HIV-1,B.US.2018.V704_2981_150_RE_P001S_2559A.ON980961,6.07,6.07: Montefiori_HVTN,13.2081,10.573: Mkhize2023;16.5: Montefiori_HVTN
V704_2981_150_RE_P002S_2559A,,B,<12mo,,UNITED STATES,2018,ON980962,AMP207,Yes,V704_2981,panel,HIV-1,B.US.2018.V704_2981_150_RE_P002S_2559A.ON980962,1.89,1.89: Montefiori_HVTN,4.66695,4.409: Mkhize2023;4.94: Montefiori_HVTN
V704_2981_150_RE_PBLIB003_S,,B,<12mo,,UNITED STATES,2018,ON980963,AMP262,Yes,V704_2981,panel,HIV-1,B.US.2018.V704_2981_150_RE_PBLIB003_S.ON980963,1.84,1.84: Montefiori_HVTN,4.26245,3.256: Mkhize2023;5.58: Montefiori_HVTN
V704_2981_150_RE_PBLIB005_S,,B,<12mo,,UNITED STATES,2018,ON980964,AMP263,Yes,V704_2981,panel,HIV-1,B.US.2018.V704_2981_150_RE_PBLIB005_S.ON980964,2.43,2.43: Montefiori_HVTN,4.84376,3.689: Mkhize2023;6.36: Montefiori_HVTN
V704_3000_240_RE_PBSGA001_S,,B,<12mo,,PERU,2018,OQ912896,AMP277,Yes,V704_3000,panel,HIV-1,B.PE.2018.V704_3000_240_RE_PBSGA001_S.OQ912896,0.523,0.523: Montefiori_HVTN,1.79,1.79: Mkhize2023;1.79: Montefiori_HVTN
V704_3000_240_RE_PBSGA002_S,,B,<12mo,,PERU,2018,OQ912897,AMP264,Yes,V704_3000,panel,HIV-1,B.PE.2018.V704_3000_240_RE_PBSGA002_S.OQ912897,1.92,1.92: Montefiori_HVTN,4.74213,4.308: Mkhize2023;5.22: Montefiori_HVTN
V704_3008_040ESN,,B,<12mo,,PERU,2018,ON980965,"AMP124, H704_3008_040EsN",Yes,V704_3008,panel,HIV-1,B.PE.2018.V704_3008_040ESN.ON980965,3.02,3.02: Montefiori_HVTN,8.20061,6.769: Mkhize2023;9.935: Montefiori_HVTN
V704_3023_260_RE_PBLIB001_S,,B,<12mo,,PERU,2019,OR508956,AMP266,Yes,V704_3023,panel,HIV-1,B.PE.2019.V704_3023_260_RE_PBLIB001_S.OR508956,0.337,0.337: Montefiori_HVTN,0.925,0.925: Mkhize2023;0.925: Montefiori_HVTN
V704_3023_260_RE_PBLIB002_S,,B,<12mo,,PERU,2019,OR508957,AMP267,Yes,V704_3023,panel,HIV-1,B.PE.2019.V704_3023_260_RE_PBLIB002_S.OR508957,0.208,0.208: Montefiori_HVTN,0.573,0.573: Mkhize2023;0.573: Montefiori_HVTN
V704_3039_140ESN,,B,<12mo,,PERU,2018,ON980966,AMP144,Yes,V704_3039,panel,HIV-1,B.PE.2018.V704_3039_140ESN.ON980966,1.274,1.274: Montefiori_HVTN,1.274,1.274: Mkhize2023;1.274: Montefiori_HVTN
V704_3083_040_ESN,,B,<12mo,,PERU,2018,ON980967,"AMP130, H704_3083_040_EsN",Yes,V704_3083,panel,HIV-1,B.PE.2018.V704_3083_040_ESN.ON980967,UD,>25: Montefiori_HVTN,UD,>25: Mkhize2023;>25: Montefiori_HVTN
VA40774,,B,chronic,CXCR4,UNITED STATES,2016,MK499378,,Yes,VA40774 ,non-panel,HIV-1,B.US.2016.VA40774.MK499378,0.47,0.47: Silver2019,-,
VB105_J10,,C,chronic,CCR5 CXCR4,INDIA,2000,EU521729,,Yes,VB105,non-panel,HIV-1,C.IN.2000.VB105_J10.EU521729,0.2,0.2: Mullick2021,-,
VB106_J38,,C,chronic,,INDIA,,EU622015,,Yes,VB106,non-panel,HIV-1,C.IN..VB106_J38.EU622015,0.06,0.06: Mullick2021,-,
VB51_J22,,C,chronic,CCR5,INDIA,,EU622001,,Yes,VB51,non-panel,HIV-1,C.IN..VB51_J22.EU622001,0.08,0.08: Mullick2021,-,
VB52_J29,,C,chronic,CCR5,INDIA,2007,EU760889,,Yes,VB52,non-panel,HIV-1,C.IN.2007.VB52_J29.EU760889,1.3,1.3: Mullick2021,-,
VB52_J30,,C,chronic,CCR5,INDIA,2007,EU760890,,Yes,VB52,non-panel,HIV-1,C.IN.2007.VB52_J30.EU760890,0.39,0.39: Mullick2021,-,
VB52_J9,,C,chronic,CCR5,INDIA,2007,EU760888,,Yes,VB52,non-panel,HIV-1,C.IN.2007.VB52_J9.EU760888,0.77,0.77: Mullick2021,-,
VB95_J22,,C,chronic,CCR5,INDIA,,EU622004,,Yes,VB95,non-panel,HIV-1,C.IN..VB95_J22.EU622004,1.3,1.3: Mullick2021,-,
VB96_J21,,C,chronic,CCR5,INDIA,,EU521728,,Yes,VB96,non-panel,HIV-1,C.IN..VB96_J21.EU521728,0.33,0.33: Mullick2021,-,
VB96_J44,,C,chronic,CCR5,INDIA,,EU622005,,Yes,VB96,non-panel,HIV-1,C.IN..VB96_J44.EU622005,0.9,0.9: Mullick2021,-,
VB97_J10,,C,chronic,CCR5,INDIA,,EU622007,,Yes,VB97,non-panel,HIV-1,C.IN..VB97_J10.EU622007,0.52,0.52: Mullick2021,-,
VB97_J15,,C,chronic,CCR5,INDIA,,EU622008,,Yes,VB97,non-panel,HIV-1,C.IN..VB97_J15.EU622008,0.22,0.22: Mullick2021,-,
VB98_J1,,C,chronic,CCR5,INDIA,,EU622009,,Yes,VB98,non-panel,HIV-1,C.IN..VB98_J1.EU622009,0.88,0.88: Mullick2021,-,
VC10014_041504_F8,,B,chronic,,UNITED STATES,2004,KJ698264,"041504_F8, F8",Yes,VC10014,non-panel,HIV-1,B.US.2004.VC10014_041504_F8.KJ698264,0.04,0.04: Spencer2021,-,
VI1090,,02_AG,,,BELGIUM,1993,HQ912710,,Yes,VI1090,panel,HIV-1,02_AG.BE.1993.VI1090.HQ912710,0.16,0.16: Balla-Jhagjhoorsingh2013,-,
VI1090_N276D,,02_AG,,,BELGIUM,1993,,,Yes,VI1090,mutant,HIV-1,02_AG.BE.1993.VI1090_N276D.,0.03,0.03: Balla-Jhagjhoorsingh2013,-,
VI829,,C,,,BELGIUM,,EU191613,,Yes,829-VI,panel,HIV-1,C.BE..VI829.EU191613,0.9,0.9: Balla-Jhagjhoorsingh2013,-,
VI829_N276D,,C,,,BELGIUM,,,,Yes,829-VI,mutant,HIV-1,C.BE..VI829_N276D.,0.07,0.07: Balla-Jhagjhoorsingh2013,-,
VLGC_A1,,A1,chronic,,BELGIUM,,AY669698,VLGCA1,Yes,A1-VLGC,panel,HIV-1,A1.BE..VLGC_A1.AY669698,0.163,0.163: Walker2011,-,
VLGC_B3,,B,<12mo,,BRAZIL,,AY669720,VLGCB3,Yes,B3-VLGC,panel,HIV-1,B.BR..VLGC_B3.AY669720,0.108,0.108: Walker2011,-,
WEAU_D15_410,2,B,acute T/F,CCR5 CXCR4,UNITED STATES,1990,EU289202,"pWEAUd15.410.5017, WEAU, WEAU_d15_410_5017, WEAUd15.410.5017, WEAU_D15_410_5017, WEAU_d15_410_5017B, WEAU-d15.410.787, WEAU.d15.410.787, WEAU_d15_410_787, WEAU_D15_410_787",Yes,WEAU0575,panel,HIV-1,B.US.1990.WEAU_D15_410.EU289202,0.10533,0.046: Umotoy2019_dataset2;0.076: Zhang2019a;0.098: Bricault2019_dataset3;0.098: Hraber2014;0.12: McCoy2012;0.12: Scheid2011;0.12: Wu2010;0.125: Jardine2016a;0.22: Sun2017,0.27734,0.26: Scheid2011;0.26: Wu2010;0.286: Hraber2014;0.306: Zhang2019a
WITO4160_33,2,B,acute T/F,CCR5,UNITED STATES,2000,AY835451,"NIH-ARP-11033, pWITO4160, SVPB18, WIT04160.33, WITO, WITO.33, WITO_33, WITO.33.SG3, WITO41600.33, WITO4160.33, WITO4160 clone 33",Yes,WITO4160,panel,HIV-1,B.US.2000.WITO4160_33.AY835451,0.13762,0.038: Crooks2015;0.055: Zhang2019a;0.0857: Rusert2016;0.102: Steinhardt2018;0.11: Bricault2019;0.11: Chuang2013;0.11: Doria-Rose2014;0.11: Georgiev2013_dataset2;0.11: Liao2013;0.11: Rudicell2014;0.112: Doria-Rose2012;0.112: Georgiev2013_dataset1;0.112: Georgiev2013_dataset4;0.112: Huang2012a;0.112: Huang2016a_dataset1;0.112: McLellan2011;0.129: Jardine2016a;0.14: Bonsignori2016;0.14: Bricault2019_dataset2;0.1402: Zhang2022_dataset1;0.148: Falkowska2012;0.148: Georgiev2013_dataset3;0.148: McCoy2012;0.148: Wu2010;0.148: Wu2011;0.149: Kong2016a-dataset1;0.149: Kwon2018;0.15: Scheid2011;0.15: Xu2017;0.15700: Doria-Rose2016;0.157: Kwon2021_dataset1;0.159: Bricault2019_dataset3;0.159: Hraber2014;0.16: Kwon2015;0.17: Umotoy2019_dataset1;0.19: Andrabi2015;0.2: Qiao2016;0.2: Sun2017;0.2010: Liu2019;0.225: Yin2021;0.23: Webb2015;0.62: LaBranche2018,0.38097,0.228: Zhang2019a;0.267: Doria-Rose2012;0.267: Georgiev2013_dataset4;0.267: Huang2012a;0.267: McLellan2011;0.27: Liao2013;0.295: Steinhardt2018;0.371: Kwon2018;0.412: Scheid2011;0.412: Wu2010;0.412: Wu2011;0.42: Xu2017;0.435: Kong2016a-dataset1;0.44: Kwon2021_dataset1;0.44: Zhang2022_dataset1;0.4490: Liu2019;0.45800: Doria-Rose2016;0.477: Hraber2014;0.64: Webb2015;0.78: Rudicell2014
X1100_C7,,BG,chronic,,SPAIN,2002,EU885760,X1100_c7,Yes,X1100,panel,HIV-1,BG.ES.2002.X1100_C7.EU885760,1.3,1.3: Wu2010,UD,>50: Wu2010
X1193_C1,2,G,chronic,CCR5,SPAIN,2002,EU885761,"1193_C1, X1193, X1193.c1, X1193_c1",Yes,X1193,panel,HIV-1,G.ES.2002.X1193_C1.EU885761,0.10732,0.0013: Umotoy2019_dataset2;0.098: Zhang2019a;0.11: Doria-Rose2012;0.11: McCoy2012;0.11: Scheid2011;0.11: Wu2010;0.124: Steinhardt2018;0.126: Kwon2021_dataset1;0.131: Xu2017;0.149: Bricault2019_dataset3;0.149: Hraber2014;0.151: Kwon2018;0.154: Bonsignori2016;0.154: Bricault2019_dataset2;0.1672: Zhang2022_dataset1;0.1750: Liu2019;0.19400: Doria-Rose2016;0.207: Kong2016a-dataset1,0.40722,0.32: Doria-Rose2012;0.32: Scheid2011;0.32: Wu2010;0.35: Steinhardt2018;0.388: Xu2017;0.408: Zhang2019a;0.414: Kwon2018;0.42600: Doria-Rose2016;0.464: Hraber2014;0.466: Kong2016a-dataset1;0.4670: Liu2019;0.5118: Kwon2021_dataset1;0.5118: Zhang2022_dataset1
X1254_C3,2,G,chronic,CCR5,SPAIN,2003,EU885762,"1254_C3, X1254, X1254.c3, X1254_c3",Yes,X1254,panel,HIV-1,G.ES.2003.X1254_C3.EU885762,0.052397,0.023: Bricault2019_dataset3;0.023: Hraber2014;0.024: Umotoy2019_dataset2;0.039: Zhang2019a;0.048: Xu2017;0.05100: Doria-Rose2016;0.0544: Zhang2022_dataset1;0.055: Steinhardt2018;0.059: Bonsignori2016;0.059: Bricault2019_dataset2;0.066: Kong2016a-dataset1;0.07: Doria-Rose2012;0.07: McCoy2012;0.07: Scheid2011;0.07: Wu2010;0.073: Kwon2018;0.074: Kwon2021_dataset1;0.0820: Liu2019,0.15703,0.115: Hraber2014;0.126: Xu2017;0.132: Steinhardt2018;0.14700: Doria-Rose2016;0.149: Zhang2019a;0.151: Kwon2021_dataset1;0.151: Zhang2022_dataset1;0.173: Kong2016a-dataset1;0.1730: Liu2019;0.18: Kwon2018;0.19: Doria-Rose2012;0.19: Scheid2011;0.19: Wu2010
X1632_S2_B10,2,G,chronic,CCR5,SPAIN,2004,FJ817370,"1632_S2_B10, X1632, X1632-S2-B10, X1632.S2.B10",Yes,X1632,panel,HIV-1,G.ES.2004.X1632_S2_B10.FJ817370,0.10361,0.0047: Umotoy2019_dataset2;0.023: Williams2017_dataset3;0.035: Bonsignori2018_dataset1;0.04: Bricault2019_dataset3;0.04: Hraber2014;0.055: Jardine2016a;0.068: Richardson2021;0.088: Xu2017;0.1: Bonsignori2018_dataset2;0.1063: Wu2018_dataset1;0.1063: Wu2018_dataset3;0.11: Martinez2020;0.118: Kwon2021_dataset1;0.12: Decamp2014;0.12: Doria-Rose2012;0.12: McCoy2012;0.12: Scheid2011;0.12: Wu2010;0.13: Bonsignori2016;0.13: Bricault2019_dataset2;0.131: Steinhardt2018;0.13300: Doria-Rose2016;0.15: Webb2015;0.15: Yin2021;0.1540: Liu2019;0.1608: Zhang2022_dataset1;0.166: Kong2016a-dataset1;0.178: Kwon2018;0.29: Qiao2016;0.29: Sun2017;0.31: Kong2016;0.338: Zhang2019a,0.6792,0.246: Bonsignori2018_dataset1;0.344: Williams2017_dataset3;0.397: Hraber2014;0.442: Xu2017;0.526: Steinhardt2018;0.59700: Doria-Rose2016;0.663: Kong2016a-dataset1;0.74: Doria-Rose2012;0.74: Scheid2011;0.74: Wu2010;0.9588: Kwon2021_dataset1;0.9588: Zhang2022_dataset1;1.02: Kwon2018;1.06: Webb2015;1.2200: Liu2019;1.35: Zhang2019a
X1854_C2_10,,G,<12mo,CCR5,SPAIN,2005,EU885763,"X1854_2_C10, X1854_c2_10",Yes,X1854,panel,HIV-1,G.ES.2005.X1854_C2_10.EU885763,0.14,0.14: McCoy2012;0.14: Wu2010,0.45,0.45: Wu2010
X2088_C9,2,G,chronic,CCR5,SPAIN,2006,EU885764,"2088_C9, X2088, X2088_9, X2088.c9, X2088_c9",Yes,X2088,panel,HIV-1,G.ES.2006.X2088_C9.EU885764,UD,>100: Umotoy2019_dataset2;>50: Acharya2013;>50: Bonsignori2016;>50: Bricault2019;>50: Bricault2019_dataset2;>50: Bricault2019_dataset3;>50: Chuang2013;>50: Doria-Rose2012;>50: Doria-Rose2016;>50: Gardner2015;>50: Hraber2014;>50: Huang2012a;>50: Huang2016a_dataset1;>50: Huang2016a_dataset2;>50: Kong2016;>50: Kong2016a-dataset1;>50: Kwon2015;>50: Kwon2018;>50: Kwon2021_dataset1;>50: Liu2019;>50: McCoy2012;>50: McLellan2011;>50: Rudicell2014;>50: Rusert2016;>50: Scheid2011;>50: Steinhardt2018;>50: Wu2010;>50: Wu2011;>50: Xu2017;>50: Zhang2019a;>50: Zhang2022_dataset1,UD,>50: Doria-Rose2012;>50: Doria-Rose2016;>50: Gardner2015;>50: Hraber2014;>50: Huang2012a;>50: Kong2016a-dataset1;>50: Kwon2018;>50: Kwon2021_dataset1;>50: Liu2019;>50: McLellan2011;>50: Rudicell2014;>50: Scheid2011;>50: Steinhardt2018;>50: Wu2010;>50: Wu2011;>50: Xu2017;>50: Zhang2019a;>50: Zhang2022_dataset1
X2131_C1_B5,2,G,,CCR5,SPAIN,2005,FJ817368,"2131_C1_B5, X2131, X2131.C1.B5",Yes,X2131,panel,HIV-1,G.ES.2005.X2131_C1_B5.FJ817368,0.3342,0.014: Umotoy2019_dataset2;0.073: Zhang2019a;0.274: Kong2016a-dataset1;0.339: Xu2017;0.42: Kwon2021_dataset1;0.431: Kwon2018;0.467: Steinhardt2018;0.477: Jardine2016a;0.51: Doria-Rose2012;0.51: McCoy2012;0.51: Scheid2011;0.51: Wu2010;0.537: Bonsignori2016;0.537: Bricault2019_dataset2;0.5458: Zhang2022_dataset1;0.5940: Liu2019,1.33534,0.284: Zhang2019a;1.14: Xu2017;1.41: Steinhardt2018;1.42: Kwon2018;1.5: Scheid2011;1.5: Wu2010;1.54: Doria-Rose2012;1.67: Kong2016a-dataset1;1.778: Kwon2021_dataset1;1.778: Zhang2022_dataset1;2.0300: Liu2019
X2160_C25,,G,chronic,CCR5,SPAIN,2007,EU885765,X2160_c25,Yes,X2160,panel,HIV-1,G.ES.2007.X2160_C25.EU885765,0.84,0.84: McCoy2012;0.84: Wu2010,4.6,4.6: Wu2010
X2252_C7,,14_BG,chronic,,SPAIN,2007,EU885766,X2252_c7,Yes,X2252,panel,HIV-1,14_BG.ES.2007.X2252_C7.EU885766,0.36,0.36: Wu2010,1.1,1.1: Wu2010
X2278_C2_B6,2,B,<12mo,,SPAIN,2007,FJ817366,"X2278, X2278.C2.B6",Yes,X2278,panel,HIV-1,B.ES.2007.X2278_C2_B6.FJ817366,0.13027,0.065: Richardson2021;0.066: Webb2015;0.069: Bonsignori2018_dataset1;0.1: Qiao2016;0.1: Sun2017;0.1110: Liu2019;0.1212: Zhang2022_dataset1;0.13: Kwon2018;0.132: Xu2017;0.133: Bonsignori2016;0.133: Bricault2019_dataset2;0.135: Kwon2021_dataset1;0.14: Bonsignori2018_dataset2;0.14: Decamp2014;0.151: Steinhardt2018;0.164: Kong2016a-dataset1;0.1691: Wu2018_dataset1;0.1691: Wu2018_dataset3;0.25: Yin2021;0.35: Kong2016,0.32879,0.211: Bonsignori2018_dataset1;0.25: Webb2015;0.3160: Liu2019;0.356: Steinhardt2018;0.36: Kwon2018;0.363: Xu2017;0.3632: Kwon2021_dataset1;0.3632: Zhang2022_dataset1;0.439: Kong2016a-dataset1
XJ16_6,1,07_BC,chronic,CCR5,CHINA,,HQ326133,XJ16-6,Yes,,panel,HIV-1,07_BC.CN..XJ16_6.HQ326133,2.24499,1.44: Nie2020;3.5: Sun2017,-,
XJ179_47,3,07_BC,,,CHINA,,MN617368,XJ179.47,Yes,,panel,HIV-1,07_BC.CN..XJ179_47.MN617368,1.22,1.22: Nie2020,-,
XJ180_16,3,07_BC,,,CHINA,,MN617369,XJ180.16,Yes,XJ180,panel,HIV-1,07_BC.CN..XJ180_16.MN617369,1.67,1.67: Nie2020,-,
XJ180_29,1,07_BC,,CCR5,CHINA,,HQ326136,XJ180-29,Yes,XJ180,panel,HIV-1,07_BC.CN..XJ180_29.HQ326136,0.1,0.1: Nie2020,-,
XJ47_5,1,07_BC,,CCR5,CHINA,,HQ326134,XJ47-5,Yes,,panel,HIV-1,07_BC.CN..XJ47_5.HQ326134,2.05,2.05: Nie2020,-,
XJ50_6,2,07_BC,,CCR5,CHINA,,HQ326135,XJ50-6,Yes,,panel,HIV-1,07_BC.CN..XJ50_6.HQ326135,2.2,2.2: Nie2020,-,
YN108R_4,3,07_BC,,CCR5,CHINA,,HQ326138,YN108r-4,Yes,YN108,panel,HIV-1,07_BC.CN..YN108R_4.HQ326138,1.15,1.15: Nie2020,-,
YN112R_8,3,07_BC,,,CHINA,,MN617365,YN112R.8,Yes,,panel,HIV-1,07_BC.CN..YN112R_8.MN617365,1.74,1.74: Nie2020,-,
YN148R_9,3,07_BC,chronic,CCR5,CHINA,,HQ326139,YN148r-9,Yes,YN148,panel,HIV-1,07_BC.CN..YN148R_9.HQ326139,1.55042,1.19: Nie2020;2.02: Sun2017,-,
YN177_1,3,08_BC,,CCR5,CHINA,,HQ326140,YN177-1,Yes,YN177,panel,HIV-1,08_BC.CN..YN177_1.HQ326140,0.81,0.81: Nie2020,-,
YN189_52,2,08_BC,,,CHINA,,MN617363,YN189-52,Yes,,panel,HIV-1,08_BC.CN..YN189_52.MN617363,1.39,1.39: Nie2020,-,
YN192_31,2,01_AE,<12mo,CCR5,CHINA,2006,GU475046,YN192.31,Yes,,panel,HIV-1,01_AE.CN.2006.YN192_31.GU475046,0.32,0.32: Qiao2016;0.32: Sun2017,-,
YN6_23,3,08_BC,,,CHINA,,MN617367,YN6.23,Yes,,panel,HIV-1,08_BC.CN..YN6_23.MN617367,0.59,0.59: Nie2020,-,
YU2,2,B,chronic,CCR5,UNITED STATES,1986,M93258,"YU-2, YU_2, YU2.DG, YU2_DG, YU2_WT",Yes,YU,panel,HIV-1,B.US.1986.YU2.M93258,0.090127,0.034: Williams2017_dataset3;0.046: Yin2021;0.055: Doria-Rose2012;0.055: Georgiev2013_dataset1;0.055: Huang2012a;0.055: Huang2016a_dataset1;0.055: McLellan2011;0.06: Kwon2018;0.06: Liao2013;0.061: Xu2017;0.0666: Zhang2022_dataset1;0.076: Kwon2021_dataset1;0.076: Steinhardt2018;0.077: Crooks2015;0.0770: Liu2019;0.081: Acharya2013;0.081: Georgiev2013_dataset4;0.09: Umotoy2019_dataset1;0.1: Kwon2015;0.101: Kong2016a-dataset2;0.113: Bonsignori2016;0.113: Bricault2019_dataset2;0.12: Bricault2019;0.12: Chuang2013;0.12: Georgiev2013_dataset2;0.12: Rudicell2014;0.12: Scheid2011;0.123: Zhang2019a;0.126: Falkowska2012;0.126: Georgiev2013_dataset3;0.126: McCoy2012;0.126: Wu2010;0.126: Wu2011;0.13: Barbian2015;0.131: Kong2016a-dataset1;0.132: Zhou2013a;0.134: Gardner2015;0.14000: Doria-Rose2016;0.141: Zhou2017,0.24104,0.145: Kwon2018;0.149: Doria-Rose2012;0.149: Huang2012a;0.149: McLellan2011;0.15: Liao2013;0.159: Xu2017;0.179: Williams2017_dataset3;0.188: Steinhardt2018;0.1948: Kwon2021_dataset1;0.1948: Zhang2022_dataset1;0.2230: Liu2019;0.228: Georgiev2013_dataset4;0.274: Kong2016a-dataset1;0.32400: Doria-Rose2016;0.372: Wu2010;0.372: Wu2011;0.385: Zhou2017;0.411: Zhou2013a;0.44: Rudicell2014;0.69: Zhang2019a
Z258_2012_SGA5,,B,chronic,,UNITED STATES,2012,KX595122,,Yes,Z258,panel,HIV-1,B.US.2012.Z258_2012_SGA5.KX595122,UD,>50: Huang2016a_dataset2,-,
ZA012_29,2,C,chronic,CCR5,SOUTH AFRICA,1997,EU855133,"97ZA012, C97ZA012, CZA97, CZA97.012, ZA012, ZA012.29, ZAO12.29",Yes,97ZA012,panel,HIV-1,C.ZA.1997.ZA012_29.EU855133,0.27117,0.088: Walker2011;0.219: Xu2017;0.232: Bricault2019;0.232: Chuang2013;0.232: Georgiev2013_dataset2;0.232: Rudicell2014;0.248: Kong2016a-dataset2;0.25: Doria-Rose2012;0.25: Georgiev2013_dataset1;0.25: Huang2012a;0.25: Huang2016a_dataset1;0.25: Liao2013;0.25: McLellan2011;0.26: Crooks2015;0.26: Kwon2018;0.2700: Liu2019;0.2972: Zhang2022_dataset1;0.30000: Doria-Rose2016;0.302: Kong2016a-dataset1;0.303: Kwon2021_dataset1;0.305: Falkowska2012;0.305: Georgiev2013_dataset3;0.305: Wu2010;0.305: Wu2011;0.322: Kwon2015;0.327: Steinhardt2018;0.384: Bonsignori2016;0.384: Bricault2019_dataset2;0.542: Williams2017_dataset3,0.85527,0.602: Steinhardt2018;0.644: Xu2017;0.654: Kwon2018;0.68000: Doria-Rose2016;0.77: Kwon2021_dataset1;0.77: Zhang2022_dataset1;0.791: Kong2016a-dataset1;0.8150: Liu2019;0.828: Doria-Rose2012;0.828: Huang2012a;0.828: McLellan2011;0.83: Liao2013;0.923: Rudicell2014;1: Wu2010;1: Wu2011;2.86: Williams2017_dataset3
ZENV07_0504_15,2,B,,,SWITZERLAND,,KU600814,,Yes,ZPHI07,panel,HIV-1,B.CH..ZENV07_0504_15.KU600814,1.01,1.01: Rusert2016,-,
ZENV16_1202_7,2,B,,,SWITZERLAND,,KU600818,,Yes,ZPHI16,panel,HIV-1,B.CH..ZENV16_1202_7.KU600818,1.17,1.17: Rusert2016,-,
ZENV32_0111_5,2,01_AE,,,SWITZERLAND,,KU600816,,Yes,ZPHI32,panel,HIV-1,01_AE.CH..ZENV32_0111_5.KU600816,UD,>50: Rusert2016,-,
ZENV91_0505_12,2,B,,,SWITZERLAND,,KU600815,,Yes,ZPHI91,panel,HIV-1,B.CH..ZENV91_0505_12.KU600815,1.05,1.05: Rusert2016,-,
ZENV92_1008_8,2,01_AE,,,SWITZERLAND,,KU600817,,Yes,ZPHI92,panel,HIV-1,01_AE.CH..ZENV92_1008_8.KU600817,0.998,0.998: Rusert2016,-,
ZM106_9,2,C,<3mo,,ZAMBIA,1998,AY424163,"106F9, SVPC14, ZM106, ZM106.9, ZM106F.PB9, ZM106F_PB9",Yes,106F,panel,HIV-1,C.ZM.1998.ZM106_9.AY424163,0.25842,0.16: Crooks2015;0.166: Acharya2013;0.173: Williams2017_dataset3;0.19: Bricault2019_dataset1;0.19: Wagh2016;0.193: Zhou2013a;0.202: Xu2017;0.221: Bricault2019;0.221: Chuang2013;0.221: Georgiev2013_dataset2;0.221: Rudicell2014;0.2386: Zhang2022_dataset1;0.24: Kong2016a-dataset1;0.24: Kwon2021_dataset1;0.248: Doria-Rose2012;0.248: Georgiev2013_dataset1;0.248: Huang2012a;0.248: Huang2016a_dataset1;0.248: McLellan2011;0.25: Liao2013;0.2500: Liu2019;0.253: Georgiev2013_dataset4;0.254: Kwon2018;0.25600: Doria-Rose2016;0.264: Steinhardt2018;0.277: Rusert2016;0.296: Kong2016a-dataset2;0.299: Kwon2015;0.311: Bonsignori2016;0.311: Bricault2019_dataset2;0.369: Zhou2017;0.489: Falkowska2012;0.489: Georgiev2013_dataset3;0.489: Wu2010;0.489: Wu2011,0.70781,0.513: Steinhardt2018;0.53500: Doria-Rose2016;0.566: Kwon2018;0.581: Xu2017;0.587: Kong2016a-dataset1;0.6308: Kwon2021_dataset1;0.6308: Zhang2022_dataset1;0.6310: Liu2019;0.638: Doria-Rose2012;0.638: Huang2012a;0.638: McLellan2011;0.64: Liao2013;0.706: Zhou2013a;0.741: Rudicell2014;0.83: Wagh2016;0.886: Zhou2017;0.979: Williams2017_dataset3;1.3: Wu2010;1.3: Wu2011
ZM106_9_DELGLY3_197,,C,,,ZAMBIA,1998,,,Yes,106F,mutant,HIV-1,C.ZM.1998.ZM106_9_DELGLY3_197.,0.016,0.016: Zhou2017,0.039,0.039: Zhou2017
ZM106_9_DELGLY3_276,,C,,,ZAMBIA,1998,,,Yes,106F,mutant,HIV-1,C.ZM.1998.ZM106_9_DELGLY3_276.,0.009,0.009: Zhou2017,0.021,0.021: Zhou2017
ZM106_9_DELGLY3_464,,C,,,ZAMBIA,1998,,,Yes,106F,mutant,HIV-1,C.ZM.1998.ZM106_9_DELGLY3_464.,0.006,0.006: Zhou2017,0.016,0.016: Zhou2017
ZM106_9_DELGLY4,,C,,,ZAMBIA,1998,,,Yes,106F,mutant,HIV-1,C.ZM.1998.ZM106_9_DELGLY4.,0.003,0.003: Zhou2017,0.005,0.005: Zhou2017
ZM109_4,1B or 2,C,<12mo,,ZAMBIA,2000,AY424138,"NIH-ARP-11314, SVPC13, ZM109, ZM109.4, ZM109F, ZM109F.B, ZM109F.PB4, ZM109F_PB4, ZM109F_PF4, ZMN109F.PB4, ZMN109.PB4",Yes,109F,panel,HIV-1,C.ZM.2000.ZM109_4.AY424138,0.12219,0.035: Umotoy2019_dataset2;0.062: Bricault2019;0.062: Chuang2013;0.062: Georgiev2013_dataset2;0.062: Rudicell2014;0.067: Georgiev2013_dataset4;0.074: Zhang2019a;0.084: Jardine2016a;0.1: Doria-Rose2014;0.103: Kwon2021_dataset1;0.105: Bricault2019_dataset3;0.105: Hraber2014;0.11: Qiao2016;0.11: Sun2017;0.11: Umotoy2019_dataset1;0.113: Kong2016a-dataset1;0.128: Falkowska2012;0.128: Georgiev2013_dataset3;0.128: McCoy2012;0.128: Wu2010;0.128: Wu2011;0.13: Liao2013;0.13: Scheid2011;0.134: Doria-Rose2012;0.134: Georgiev2013_dataset1;0.134: Huang2012a;0.134: Huang2016a_dataset1;0.134: McLellan2011;0.142: Steinhardt2018;0.15000: Doria-Rose2016;0.15: Spencer2021;0.1518: Zhang2022_dataset1;0.156: Zhou2013a;0.163: Kwon2015;0.17: Kong2016;0.171: Xu2017;0.177: Bonsignori2016;0.177: Bricault2019_dataset2;0.181: Kwon2018;0.21: Bricault2019_dataset1;0.2100: Liu2019;0.21: Wagh2016;0.318: Andrabi2015,0.47636,0.296: Zhang2019a;0.31: Georgiev2013_dataset4;0.337: Rudicell2014;0.39: Liao2013;0.39200: Doria-Rose2016;0.394: Doria-Rose2012;0.394: Huang2012a;0.394: McLellan2011;0.414: Steinhardt2018;0.424: Xu2017;0.426: Kong2016a-dataset1;0.511: Hraber2014;0.5152: Kwon2021_dataset1;0.5152: Zhang2022_dataset1;0.551: Kwon2018;0.5620: Liu2019;0.642: Zhou2013a;0.69: Wagh2016;0.754: Scheid2011;0.754: Wu2010;0.754: Wu2011
ZM135_10A,2,C,chronic,,ZAMBIA,1998,AY424079,"NIH-ARP-11315, SVPC15, ZM135, ZM135.10a, ZM135M, ZM135M.PL.10a, ZM135M.PL10a, ZM135M_PL10A",Yes,135M,panel,HIV-1,C.ZM.1998.ZM135_10A.AY424079,0.90086,0.102: Zhang2019a;0.346: Falkowska2012;0.346: Georgiev2013_dataset3;0.346: McCoy2012;0.346: Wu2010;0.346: Wu2011;0.35: Scheid2011;0.57: Umotoy2019_dataset2;0.58: Bricault2019_dataset1;0.58: Wagh2016;0.689: Bricault2019;0.689: Chuang2013;0.689: Georgiev2013_dataset2;0.689: Rudicell2014;0.98: Doria-Rose2014;1.02: Xu2017;1.17: Umotoy2019_dataset1;1.18: Kwon2021_dataset1;1.2: Kong2016a-dataset1;1.28: Doria-Rose2012;1.28: Georgiev2013_dataset1;1.28: Huang2012a;1.28: Huang2016a_dataset1;1.28: Liao2013;1.28: McLellan2011;1.288: Zhang2022_dataset1;1.4: Steinhardt2018;1.46: Zhou2017;1.66000: Doria-Rose2016;1.67: Kwon2015;1.67: Kwon2018;1.8400: Liu2019;1.92: Bricault2019_dataset3;1.92: Hraber2014;2.25: Bonsignori2016;2.25: Bricault2019_dataset2,4.65848,0.379: Zhang2019a;2.7: Scheid2011;2.7: Wu2010;2.7: Wu2011;2.72: Wagh2016;3.43: Rudicell2014;4.78: Zhou2017;5.72000: Doria-Rose2016;5.92: Xu2017;6.1: Steinhardt2018;6.16: Doria-Rose2012;6.16: Huang2012a;6.16: Liao2013;6.16: McLellan2011;6.44: Kong2016a-dataset1;7.026: Kwon2021_dataset1;7.026: Zhang2022_dataset1;8.0900: Liu2019;8.43: Hraber2014;10.8: Kwon2018
ZM176_66,,C,<12mo,,ZAMBIA,,,"ZM176, ZM176.66",Yes,,panel,HIV-1,C.ZM..ZM176_66.,0.04996,0.026: Georgiev2013_dataset4;0.038: Doria-Rose2012;0.038: Georgiev2013_dataset1;0.038: Huang2012a;0.038: Huang2016a_dataset1;0.038: Kwon2015;0.038: McLellan2011;0.04: Liao2013;0.045: Acharya2013;0.045: Steinhardt2018;0.0480: Liu2019;0.049: Kong2016a-dataset1;0.0504: Zhang2022_dataset1;0.053: Kwon2018;0.055: Bricault2019;0.055: Chuang2013;0.055: Falkowska2012;0.055: Georgiev2013_dataset2;0.055: Georgiev2013_dataset3;0.055: Rudicell2014;0.055: Wu2010;0.055: Wu2011;0.057: Kwon2021_dataset1;0.062: Zhou2013a;0.06500: Doria-Rose2016;0.069: Xu2017;0.083: Bonsignori2016;0.083: Bricault2019_dataset2,0.27437,0.207: Steinhardt2018;0.2320: Liu2019;0.246: Doria-Rose2012;0.246: Huang2012a;0.246: McLellan2011;0.25: Liao2013;0.252: Kwon2018;0.258: Wu2010;0.258: Wu2011;0.2758: Kwon2021_dataset1;0.2758: Zhang2022_dataset1;0.283: Kong2016a-dataset1;0.311: Xu2017;0.31900: Doria-Rose2016;0.391: Rudicell2014;0.412: Zhou2013a
ZM197_7,1B or 2,C,<12mo,CCR5,ZAMBIA,2002,DQ388515,"NIH-ARP-11309, SVPC6, ZM14654M.7, ZM197, ZM197.7, ZM197M, ZM197M.PB7, ZM197M_PB7",Yes,ZM197M,panel,HIV-1,C.ZM.2002.ZM197_7.DQ388515,0.50552,0.17: Zhang2019a;0.28: Umotoy2019_dataset2;0.36: Falkowska2012;0.36: Georgiev2013_dataset3;0.36: McCoy2012;0.36: Scheid2011;0.36: Wu2010;0.36: Wu2011;0.417: Xu2017;0.428: Bonsignori2016;0.428: Bricault2019_dataset2;0.45: Bricault2019_dataset1;0.45: Wagh2016;0.476: Kong2016a-dataset1;0.532: Steinhardt2018;0.568: Kwon2018;0.58: Bricault2019_dataset3;0.58: Hraber2014;0.581: Bricault2019;0.581: Chuang2013;0.581: Georgiev2013_dataset2;0.581: Rudicell2014;0.6: Doria-Rose2014;0.6: Kwon2015;0.6026: Zhang2022_dataset1;0.62: Liao2013;0.624: Doria-Rose2012;0.624: Georgiev2013_dataset1;0.624: Huang2012a;0.624: Huang2016a_dataset1;0.624: McLellan2011;0.6900: Liu2019;0.719: Andrabi2015;0.793: Kwon2021_dataset1;0.96600: Doria-Rose2016,1.64281,0.682: Zhang2019a;1.55: Doria-Rose2012;1.55: Huang2012a;1.55: Liao2013;1.55: McLellan2011;1.58: Kong2016a-dataset1;1.6: Scheid2011;1.6: Wu2010;1.6: Wu2011;1.62: Wagh2016;1.62: Xu2017;1.64: Steinhardt2018;1.82: Kwon2018;1.83: Rudicell2014;1.93: Hraber2014;1.976: Kwon2021_dataset1;1.976: Zhang2022_dataset1;2.0800: Liu2019;2.18000: Doria-Rose2016
ZM214_15,2,C,<3mo,CCR5,ZAMBIA,2003,DQ388516,"NIH-ARP-11310, SVPC7, ZM17086M.15, ZM214, ZM214.15, ZM214M, ZM214M.PL15, ZM214M_PL15",Yes,ZM214M,panel,HIV-1,C.ZM.2003.ZM214_15.DQ388516,0.80496,0.273: Georgiev2013_dataset4;0.31: Umotoy2019_dataset1;0.36: Umotoy2019_dataset2;0.44: Falkowska2012;0.44: Georgiev2013_dataset3;0.44: McCoy2012;0.44: Scheid2011;0.44: Wu2010;0.44: Wu2011;0.51: Bricault2019;0.51: Chuang2013;0.51: Georgiev2013_dataset2;0.51: Rudicell2014;0.612: Zhang2019a;0.63: Bricault2019_dataset1;0.63: Wagh2016;0.7: Doria-Rose2014;0.748: Jardine2016a;0.88: Liao2013;0.881: Doria-Rose2012;0.881: Georgiev2013_dataset1;0.881: Huang2012a;0.881: Huang2016a_dataset1;0.881: McLellan2011;0.893: Bonsignori2016;0.893: Bricault2019_dataset2;0.957: Steinhardt2018;0.977: Kwon2021_dataset1;1: Kwon2015;1.04: Kwon2018;1.05: Xu2017;1.2016: Zhang2022_dataset1;1.34: Bricault2019_dataset3;1.34: Hraber2014;1.4: Kong2016a-dataset1;1.5500: Liu2019;2.09000: Doria-Rose2016;2.64: Qiao2016;2.64: Sun2017;3.45: Rusert2016,3.42236,2.42: Zhang2019a;2.6: Scheid2011;2.6: Wu2010;2.6: Wu2011;2.71: Georgiev2013_dataset4;3.04: Doria-Rose2012;3.04: Huang2012a;3.04: Liao2013;3.04: McLellan2011;3.36: Steinhardt2018;3.54: Kwon2018;3.64: Wagh2016;3.69: Xu2017;3.85: Rudicell2014;4.11: Kwon2021_dataset1;4.11: Zhang2022_dataset1;4.12: Kong2016a-dataset1;4.46: Hraber2014;4.8500: Liu2019;5.33000: Doria-Rose2016
ZM215_8,2,C,<12mo,CCR5,ZAMBIA,2002,DQ422948,"SVPC8, ZM17109F.8, ZM215.8, ZM215F, ZM215F.PB8, ZM215F_PB8",Yes,ZM215F,panel,HIV-1,C.ZM.2002.ZM215_8.DQ422948,0.18569,0.054: Bricault2019;0.054: Chuang2013;0.054: Georgiev2013_dataset2;0.054: Rudicell2014;0.095: Falkowska2012;0.095: Georgiev2013_dataset3;0.095: McCoy2012;0.095: Wu2010;0.095: Wu2011;0.17: Bricault2019_dataset1;0.17: Wagh2016;0.215: Bonsignori2016;0.215: Bricault2019_dataset2;0.276: Doria-Rose2012;0.276: Georgiev2013_dataset1;0.276: Huang2012a;0.276: Huang2016a_dataset1;0.276: McLellan2011;0.28: Liao2013;0.282: Xu2017;0.295: Kwon2018;0.303: Kwon2021_dataset1;0.361: Kwon2015;0.362: Steinhardt2018;0.377: Kong2016a-dataset1;0.3870: Liu2019;0.4008: Zhang2022_dataset1;0.44200: Doria-Rose2016,0.88086,0.527: Wu2010;0.527: Wu2011;0.83: Liao2013;0.833: Doria-Rose2012;0.833: Huang2012a;0.833: McLellan2011;0.858: Rudicell2014;0.86: Wagh2016;0.87: Xu2017;0.937: Steinhardt2018;0.938: Kwon2018;1.0300: Liu2019;1.08: Kong2016a-dataset1;1.1166: Kwon2021_dataset1;1.1166: Zhang2022_dataset1;1.26000: Doria-Rose2016
ZM233_6,2,C,<12mo,CCR5,ZAMBIA,2002,DQ388517,"NIH-ARP-11311, SVPC9, ZM18108M.6, ZM233, ZM233.6, ZM233M, ZM233M.PB6, ZM233M_PB6",Yes,ZM233M,panel,HIV-1,C.ZM.2002.ZM233_6.DQ388517,2.48946,1.02: Bonsignori2016;1.02: Bricault2019_dataset2;1.28: Georgiev2013_dataset4;1.3: Kwon2021_dataset1;1.41: Zhang2019a;1.43: Xu2017;1.67: Bricault2019_dataset1;1.67: Wagh2016;1.98: Steinhardt2018;1.99: Falkowska2012;1.99: Georgiev2013_dataset3;2: McCoy2012;2: Scheid2011;2: Wu2010;2: Wu2011;2.021: Andrabi2015;2.04: Kwon2018;2.24: Bricault2019;2.24: Chuang2013;2.24: Georgiev2013_dataset2;2.24: Rudicell2014;2.51000: Doria-Rose2016;2.8: Kong2016a-dataset1;3.366: Zhang2022_dataset1;3.9700: Liu2019;4.25: Doria-Rose2012;4.25: Georgiev2013_dataset1;4.25: Huang2012a;4.25: Huang2016a_dataset1;4.25: Liao2013;4.25: McLellan2011;4.99: Bricault2019_dataset3;4.99: Hraber2014;16.8: Rusert2016;>100: Umotoy2019_dataset2,10.8727,5.69: Zhang2019a;6.37: Wagh2016;6.53: Georgiev2013_dataset4;6.95: Steinhardt2018;6.98: Xu2017;7.27000: Doria-Rose2016;9.12: Rudicell2014;9.3: Scheid2011;9.3: Wu2010;9.3: Wu2011;9.59: Kong2016a-dataset1;10.4: Hraber2014;11.6: Kwon2018;12.542: Kwon2021_dataset1;12.542: Zhang2022_dataset1;16.8000: Liu2019;23.1: Doria-Rose2012;23.1: Huang2012a;23.1: Liao2013;23.1: McLellan2011
ZM246F,2,C,acute T/F,,ZAMBIA,2003,FJ496194,"246F, 246F C1G, 246F_C1G, 246FC1G, pZM246F_C1G, ZM246, ZM246F C1G, ZM246F.D5",Yes,ZM246F,panel,HIV-1,C.ZM.2003.ZM246F.FJ496194,4.47164,1.55: Jardine2016a;2.2: Umotoy2019_dataset2;7: Bricault2019_dataset3;7: Hraber2014;10.7: Zhang2019a;>10: Bricault2019_dataset1;>10: Wagh2016,35.6605,29.1: Hraber2014;43.7: Zhang2019a;>10: Wagh2016
ZM247_V1,2,C,acute T/F,,ZAMBIA,2003,FJ496204,"ZM247, ZM247F.F7, ZM247Fv1_Rev-, ZM247V1, ZM247v1(Rev-), ZM247V1_REV_, ZM247v1 (Rev-)",Yes,ZM247F,panel,HIV-1,C.ZM.2003.ZM247_V1.FJ496204,0.27511,0.16: Umotoy2019_dataset2;0.236: Zhang2019a;0.279: Jardine2016a;0.304: Bricault2019_dataset3;0.304: Hraber2014;0.35: Bricault2019_dataset1;0.35: Wagh2016,1.12243,0.945: Zhang2019a;1.16: Hraber2014;1.29: Wagh2016
ZM249_1,2,C,acute,CCR5,ZAMBIA,2003,DQ388514,"NIH-ARP-11312, SVPC10, ZM19443M.1, ZM249, ZM249.1, ZM249M, ZM249M.PL1, ZM249M_PL1",Yes,ZM249M,panel,HIV-1,C.ZM.2003.ZM249_1.DQ388514,0.077067,0.032: Georgiev2013_dataset4;0.041: Jardine2016a;0.048: Falkowska2012;0.048: Georgiev2013_dataset3;0.048: Wu2010;0.048: Wu2011;0.05: Scheid2011;0.05: Zhang2019a;0.057: Bonsignori2016;0.057: Bricault2019_dataset2;0.06: Bricault2019_dataset1;0.06: Wagh2016;0.062: Bricault2019;0.062: Chuang2013;0.062: Georgiev2013_dataset2;0.062: Rudicell2014;0.07: Doria-Rose2014;0.073: Umotoy2019_dataset2;0.08: Liao2013;0.082: Doria-Rose2012;0.082: Georgiev2013_dataset1;0.082: Huang2012a;0.082: Huang2016a_dataset1;0.082: McLellan2011;0.09: Umotoy2019_dataset1;0.093: Bricault2019_dataset3;0.093: Hraber2014;0.102: Xu2017;0.1070: Liu2019;0.107: Steinhardt2018;0.1098: Zhang2022_dataset1;0.112: Kong2016a-dataset1;0.114: Kwon2021_dataset1;0.119: Kwon2018;0.12: Kwon2015;0.12800: Doria-Rose2016;0.197: Rusert2016;0.24: Kong2016,0.27305,0.159: Georgiev2013_dataset4;0.197: Zhang2019a;0.2: Wagh2016;0.232: Scheid2011;0.232: Wu2010;0.232: Wu2011;0.24: Liao2013;0.242: Doria-Rose2012;0.242: Huang2012a;0.242: McLellan2011;0.2880: Liu2019;0.319: Kwon2018;0.321: Rudicell2014;0.321: Xu2017;0.322: Kwon2021_dataset1;0.322: Zhang2022_dataset1;0.34800: Doria-Rose2016;0.361: Hraber2014;0.366: Kong2016a-dataset1;0.442: Steinhardt2018
ZM53_12,2,C,<12mo,,ZAMBIA,2000,AY423984,"53M12, C11, NIH-ARP-11313, SVPC11, ZM53, ZM53.12, ZM53.12.SG3, ZM53M, ZM53M.PB12, ZM53M_PB12",Yes,053M,panel,HIV-1,C.ZM.2000.ZM53_12.AY423984,0.90292,0.095: Andrabi2015;0.42: Umotoy2019_dataset2;0.625: Bonsignori2016;0.625: Bricault2019_dataset2;0.635: Georgiev2013_dataset4;0.702: Steinhardt2018;0.744: Bricault2019;0.744: Chuang2013;0.744: Georgiev2013_dataset2;0.744: Rudicell2014;0.79: Umotoy2019_dataset1;0.798: Kwon2015;0.839: Georgiev2013_dataset1;0.839: Huang2012a;0.839: Huang2016a_dataset1;0.839: McLellan2011;0.84: Liao2013;0.841: Xu2017;0.917: Zhang2019a;0.9190: Liu2019;0.985: Kwon2021_dataset1;1.02: Kwon2018;1.02: Rusert2016;1.04: Bricault2019_dataset1;1.04: Wagh2016;1.05: Kong2016a-dataset1;1.07: Bricault2019_dataset3;1.07: Hraber2014;1.07: Jardine2016a;1.2: Zhang2022_dataset1;1.3: Scheid2011;1.3: Wu2010;1.3: Wu2011;1.31: Doria-Rose2012;1.31: Falkowska2012;1.31: Georgiev2013_dataset3;1.57000: Doria-Rose2016;3.93: Kwon2021_dataset2,3.31064,1.88: Steinhardt2018;2.48: Xu2017;2.59: Georgiev2013_dataset4;2.84: Huang2012a;2.84: Liao2013;2.84: McLellan2011;3.15: Rudicell2014;3.33: Kong2016a-dataset1;3.45: Kwon2018;3.57: Hraber2014;3.5800: Liu2019;3.63: Zhang2019a;3.702: Kwon2021_dataset1;3.702: Zhang2022_dataset1;3.81000: Doria-Rose2016;4: Scheid2011;4: Wu2010;4: Wu2011;4.01: Wagh2016;4.02: Doria-Rose2012
ZM55_28A,2,C,<3mo,,ZAMBIA,1998,AY423971,"55F28A, SVPC12, ZM55, ZM55.28a, ZM55F.PB28a, ZM55F_PB28A",Yes,055F,panel,HIV-1,C.ZM.1998.ZM55_28A.AY423971,0.25181,0.14: Liao2013;0.144: Doria-Rose2012;0.144: Georgiev2013_dataset1;0.144: Huang2012a;0.144: Huang2016a_dataset1;0.144: McLellan2011;0.197: Bricault2019;0.197: Chuang2013;0.197: Georgiev2013_dataset2;0.197: Rudicell2014;0.24: Crooks2015;0.241: Steinhardt2018;0.2770: Liu2019;0.278: Kong2016a-dataset1;0.285: Bonsignori2016;0.285: Bricault2019_dataset2;0.289: Kwon2015;0.289: Kwon2018;0.2934: Zhang2022_dataset1;0.313: Williams2017_dataset3;0.33: Bricault2019_dataset1;0.33: Wagh2016;0.34: Falkowska2012;0.34: Georgiev2013_dataset3;0.34: Wu2010;0.34: Wu2011;0.345: Kong2016a-dataset2;0.378: Xu2017;0.381: Kwon2021_dataset1;0.41100: Doria-Rose2016,0.84671,0.53: Liao2013;0.532: Doria-Rose2012;0.532: Huang2012a;0.532: McLellan2011;0.629: Steinhardt2018;0.791: Rudicell2014;0.829: Xu2017;0.838: Kong2016a-dataset1;0.848: Kwon2018;0.8852: Kwon2021_dataset1;0.8852: Zhang2022_dataset1;0.9550: Liu2019;1.18000: Doria-Rose2016;1.2: Wu2010;1.2: Wu2011;1.37: Williams2017_dataset3;1.45: Wagh2016
,,,,,,,,,,,,,,,,,
Geometric mean of detected,,,,,,,,,,,,,,,0.45842,,1.24455
Geometric mean of all (undetected set to 100(IC50/80) or 20(ID50/80)),,,,,,,,,,,,,,,0.92967,,2.49458
% detected (detected/total),,,,,,,,,,,,,,,87% (1449/1668),,84% (775/921)